return_id,order_id,return_date,return_reason,return_quantity
RET-000001,ORD-000007,2025-06-12,Late Delivery,1
RET-000002,ORD-000012,2024-12-23,Late Delivery,1
RET-000003,ORD-000045,2023-01-17,Not as Described,1
RET-000004,ORD-000050,2025-02-10,Found Better Price,1
RET-000005,ORD-000059,2023-01-10,Missing Parts / Accessories,1
RET-000006,ORD-000061,2024-05-05,Wrong Item Delivered,1
RET-000007,ORD-000082,2023-01-09,Late Delivery,1
RET-000008,ORD-000086,2023-02-26,Size / Fit Issue,1
RET-000009,ORD-000092,2024-05-08,Late Delivery,1
RET-000010,ORD-000154,2023-01-19,Wrong Item Delivered,1
RET-000011,ORD-000166,2023-01-12,Changed Mind,1
RET-000012,ORD-000179,2023-12-13,Late Delivery,1
RET-000013,ORD-000200,2025-02-16,Changed Mind,1
RET-000014,ORD-000204,2023-01-20,Wrong Item Delivered,3
RET-000015,ORD-000215,2024-03-25,Not as Described,1
RET-000016,ORD-000227,2024-07-11,Wrong Item Delivered,1
RET-000017,ORD-000235,2025-01-27,Not as Described,1
RET-000018,ORD-000262,2023-03-12,Changed Mind,2
RET-000019,ORD-000263,2025-02-22,Wrong Item Delivered,1
RET-000020,ORD-000269,2023-01-15,Not as Described,1
RET-000021,ORD-000282,2024-11-30,Not as Described,1
RET-000022,ORD-000302,2023-09-16,Wrong Item Delivered,1
RET-000023,ORD-000312,2025-01-05,Late Delivery,1
RET-000024,ORD-000316,2023-06-28,Size / Fit Issue,1
RET-000025,ORD-000321,2023-08-30,Changed Mind,1
RET-000026,ORD-000343,2023-01-11,Defective / Damaged,1
RET-000027,ORD-000395,2024-03-10,Size / Fit Issue,1
RET-000028,ORD-000407,2023-01-22,Wrong Item Delivered,3
RET-000029,ORD-000413,2024-02-20,Size / Fit Issue,1
RET-000030,ORD-000436,2023-01-18,Not as Described,2
RET-000031,ORD-000456,2023-10-08,Wrong Item Delivered,1
RET-000032,ORD-000485,2024-10-20,Changed Mind,1
RET-000033,ORD-000527,2023-03-06,Changed Mind,2
RET-000034,ORD-000531,2023-10-08,Size / Fit Issue,1
RET-000035,ORD-000555,2023-08-24,Size / Fit Issue,1
RET-000036,ORD-000561,2024-12-23,Not as Described,1
RET-000037,ORD-000566,2023-01-24,Not as Described,1
RET-000038,ORD-000574,2023-04-12,Changed Mind,1
RET-000039,ORD-000582,2023-01-21,Wrong Item Delivered,1
RET-000040,ORD-000602,2024-08-04,Wrong Item Delivered,1
RET-000041,ORD-000619,2023-11-09,Size / Fit Issue,1
RET-000042,ORD-000624,2025-01-29,Late Delivery,1
RET-000043,ORD-000627,2024-12-03,Late Delivery,2
RET-000044,ORD-000629,2024-09-01,Size / Fit Issue,1
RET-000045,ORD-000632,2023-01-19,Changed Mind,1
RET-000046,ORD-000645,2023-08-27,Late Delivery,2
RET-000047,ORD-000657,2024-03-05,Changed Mind,2
RET-000048,ORD-000669,2024-02-18,Not as Described,2
RET-000049,ORD-000683,2023-10-08,Changed Mind,1
RET-000050,ORD-000704,2023-10-08,Changed Mind,1
RET-000051,ORD-000714,2024-05-05,Size / Fit Issue,1
RET-000052,ORD-000727,2024-09-18,Changed Mind,1
RET-000053,ORD-000746,2024-03-25,Found Better Price,1
RET-000054,ORD-000757,2023-05-03,Defective / Damaged,1
RET-000055,ORD-000761,2023-01-16,Size / Fit Issue,1
RET-000056,ORD-000803,2025-07-03,Defective / Damaged,1
RET-000057,ORD-000815,2025-05-06,Changed Mind,1
RET-000058,ORD-000822,2023-07-20,Wrong Item Delivered,1
RET-000059,ORD-000841,2023-08-29,Late Delivery,1
RET-000060,ORD-000848,2023-09-18,Defective / Damaged,1
RET-000061,ORD-000853,2024-07-28,Wrong Item Delivered,1
RET-000062,ORD-000863,2024-10-22,Wrong Item Delivered,1
RET-000063,ORD-000880,2025-03-04,Not as Described,1
RET-000064,ORD-000888,2023-02-01,Changed Mind,1
RET-000065,ORD-000892,2024-09-13,Size / Fit Issue,1
RET-000066,ORD-000910,2024-12-22,Changed Mind,1
RET-000067,ORD-000912,2023-02-01,Late Delivery,1
RET-000068,ORD-000942,2023-07-01,Reason Not Specified,1
RET-000069,ORD-000943,2025-02-21,Wrong Item Delivered,2
RET-000070,ORD-000946,2023-01-31,Found Better Price,1
RET-000071,ORD-000965,2023-02-03,Late Delivery,1
RET-000072,ORD-000969,2023-02-03,Size / Fit Issue,1
RET-000073,ORD-000984,2023-01-26,Changed Mind,1
RET-000074,ORD-000997,2023-08-13,Size / Fit Issue,1
RET-000075,ORD-001004,2023-01-25,Size / Fit Issue,1
RET-000076,ORD-001008,2023-02-03,Wrong Item Delivered,1
RET-000077,ORD-001015,2023-01-29,Wrong Item Delivered,1
RET-000078,ORD-001020,2024-11-28,Wrong Item Delivered,1
RET-000079,ORD-001026,2023-09-06,Changed Mind,1
RET-000080,ORD-001033,2024-08-11,Size / Fit Issue,1
RET-000081,ORD-001035,2024-05-28,Defective / Damaged,1
RET-000082,ORD-001039,2023-02-04,Late Delivery,2
RET-000083,ORD-001047,2023-02-02,Not as Described,1
RET-000084,ORD-001054,2025-02-27,Not as Described,1
RET-000085,ORD-001055,2023-01-23,Not as Described,6
RET-000086,ORD-001082,2023-01-19,Late Delivery,1
RET-000087,ORD-001101,2023-07-21,Wrong Item Delivered,3
RET-000088,ORD-001117,2023-09-16,Changed Mind,1
RET-000089,ORD-001149,2024-02-06,Not as Described,1
RET-000090,ORD-001159,2025-05-24,Defective / Damaged,1
RET-000091,ORD-001170,2025-01-29,Not as Described,1
RET-000092,ORD-001186,2023-02-06,Late Delivery,1
RET-000093,ORD-001192,2023-01-19,Late Delivery,1
RET-000094,ORD-001196,2024-04-15,Late Delivery,2
RET-000095,ORD-001205,2023-11-30,Wrong Item Delivered,1
RET-000096,ORD-001234,2024-08-10,Found Better Price,1
RET-000097,ORD-001241,2025-07-10,Changed Mind,1
RET-000098,ORD-001257,2025-05-26,Not as Described,1
RET-000099,ORD-001269,2023-09-30,Defective / Damaged,3
RET-000100,ORD-001278,2025-08-02,Late Delivery,1
RET-000101,ORD-001294,2023-01-21,Not as Described,1
RET-000102,ORD-001306,2023-04-20,Changed Mind,1
RET-000103,ORD-001315,2023-12-23,Late Delivery,1
RET-000104,ORD-001316,2023-10-06,Wrong Item Delivered,1
RET-000105,ORD-001332,2025-07-26,Wrong Item Delivered,1
RET-000106,ORD-001335,2023-05-27,Wrong Item Delivered,1
RET-000107,ORD-001361,2024-12-18,Found Better Price,3
RET-000108,ORD-001380,2023-08-19,Defective / Damaged,1
RET-000109,ORD-001398,2024-07-02,Changed Mind,1
RET-000110,ORD-001408,2024-12-04,Late Delivery,1
RET-000111,ORD-001410,2023-02-04,Changed Mind,1
RET-000112,ORD-001418,2024-07-10,Late Delivery,4
RET-000113,ORD-001419,2023-01-27,Late Delivery,1
RET-000114,ORD-001428,2023-01-30,Late Delivery,8
RET-000115,ORD-001439,2023-11-08,Size / Fit Issue,1
RET-000116,ORD-001444,2023-11-05,Size / Fit Issue,1
RET-000117,ORD-001461,2023-09-16,Changed Mind,1
RET-000118,ORD-001469,2023-05-06,Wrong Item Delivered,1
RET-000119,ORD-001508,2023-01-28,Defective / Damaged,1
RET-000120,ORD-001519,2024-08-23,Wrong Item Delivered,2
RET-000121,ORD-001551,2024-05-20,Found Better Price,1
RET-000122,ORD-001567,2024-04-14,Found Better Price,1
RET-000123,ORD-001578,2023-01-29,Changed Mind,1
RET-000124,ORD-001579,2023-05-19,Changed Mind,1
RET-000125,ORD-001592,2023-06-04,Found Better Price,3
RET-000126,ORD-001598,2023-05-04,Changed Mind,3
RET-000127,ORD-001605,2024-02-25,Not as Described,1
RET-000128,ORD-001615,2023-01-26,Late Delivery,2
RET-000129,ORD-001617,2023-11-10,Changed Mind,1
RET-000130,ORD-001623,2025-06-23,Not as Described,1
RET-000131,ORD-001647,2025-05-25,Not as Described,1
RET-000132,ORD-001669,2025-05-12,Defective / Damaged,3
RET-000133,ORD-001673,2024-11-30,Wrong Item Delivered,1
RET-000134,ORD-001676,2023-06-09,Wrong Item Delivered,2
RET-000135,ORD-001680,2023-07-16,Size / Fit Issue,1
RET-000136,ORD-001681,2023-02-13,Not as Described,3
RET-000137,ORD-001688,2024-09-22,Not as Described,1
RET-000138,ORD-001693,2025-06-13,Changed Mind,1
RET-000139,ORD-001712,2023-07-31,Late Delivery,1
RET-000140,ORD-001713,2024-07-11,Size / Fit Issue,1
RET-000141,ORD-001723,2023-02-10,Changed Mind,1
RET-000142,ORD-001732,2023-02-10,Found Better Price,1
RET-000143,ORD-001736,2024-01-09,Changed Mind,1
RET-000144,ORD-001742,2024-01-28,Changed Mind,2
RET-000145,ORD-001765,2023-02-10,Wrong Item Delivered,1
RET-000146,ORD-001772,2023-11-27,Defective / Damaged,1
RET-000147,ORD-001807,2024-04-02,Defective / Damaged,1
RET-000148,ORD-001813,2023-10-10,Late Delivery,1
RET-000149,ORD-001828,2025-04-15,Changed Mind,1
RET-000150,ORD-001841,2024-06-23,Wrong Item Delivered,2
RET-000151,ORD-001867,2025-05-11,Missing Parts / Accessories,8
RET-000152,ORD-001868,2023-12-05,Defective / Damaged,1
RET-000153,ORD-001882,2023-02-12,Late Delivery,3
RET-000154,ORD-001885,2024-05-28,Not as Described,2
RET-000155,ORD-001894,2023-05-13,Changed Mind,1
RET-000156,ORD-001899,2023-02-13,Changed Mind,2
RET-000157,ORD-001914,2023-02-05,Late Delivery,1
RET-000158,ORD-001919,2023-04-21,Defective / Damaged,1
RET-000159,ORD-001934,2025-05-10,Size / Fit Issue,3
RET-000160,ORD-001938,2024-09-04,Wrong Item Delivered,2
RET-000161,ORD-001965,2024-12-10,Found Better Price,2
RET-000162,ORD-001996,2023-02-04,Defective / Damaged,1
RET-000163,ORD-002000,2025-04-28,Late Delivery,1
RET-000164,ORD-002021,2023-02-14,Changed Mind,2
RET-000165,ORD-002061,2024-01-07,Changed Mind,1
RET-000166,ORD-002067,2023-07-20,Wrong Item Delivered,1
RET-000167,ORD-002077,2023-02-13,Defective / Damaged,3
RET-000168,ORD-002083,2024-11-23,Late Delivery,1
RET-000169,ORD-002099,2024-12-20,Changed Mind,1
RET-000170,ORD-002101,2023-12-23,Size / Fit Issue,1
RET-000171,ORD-002102,2025-01-09,Not as Described,1
RET-000172,ORD-002118,2023-02-01,Changed Mind,1
RET-000173,ORD-002137,2024-07-04,Changed Mind,1
RET-000174,ORD-002155,2025-08-19,Not as Described,1
RET-000175,ORD-002162,2024-04-07,Size / Fit Issue,1
RET-000176,ORD-002176,2025-03-26,Late Delivery,1
RET-000177,ORD-002182,2024-07-01,Not as Described,1
RET-000178,ORD-002194,2023-10-31,Changed Mind,2
RET-000179,ORD-002249,2024-03-29,Changed Mind,1
RET-000180,ORD-002263,2024-10-28,Size / Fit Issue,1
RET-000181,ORD-002264,2023-10-04,Size / Fit Issue,2
RET-000182,ORD-002283,2024-02-15,Changed Mind,1
RET-000183,ORD-002301,2024-07-11,Late Delivery,1
RET-000184,ORD-002316,2023-02-08,Changed Mind,1
RET-000185,ORD-002320,2023-06-23,Wrong Item Delivered,1
RET-000186,ORD-002335,2023-04-17,Not as Described,2
RET-000187,ORD-002347,2025-03-22,Size / Fit Issue,1
RET-000188,ORD-002352,2023-11-06,Late Delivery,2
RET-000189,ORD-002357,2024-10-05,Missing Parts / Accessories,2
RET-000190,ORD-002383,2024-07-26,Changed Mind,1
RET-000191,ORD-002427,2023-02-24,Changed Mind,1
RET-000192,ORD-002431,2024-09-19,Wrong Item Delivered,1
RET-000193,ORD-002442,2023-04-07,Changed Mind,2
RET-000194,ORD-002457,2023-02-23,Found Better Price,1
RET-000195,ORD-002469,2024-04-10,Not as Described,2
RET-000196,ORD-002478,2023-02-22,Found Better Price,1
RET-000197,ORD-002489,2024-10-29,Size / Fit Issue,2
RET-000198,ORD-002491,2023-02-12,Wrong Item Delivered,1
RET-000199,ORD-002496,2023-02-08,Not as Described,1
RET-000200,ORD-002529,2023-06-23,Defective / Damaged,1
RET-000201,ORD-002534,2023-02-15,Defective / Damaged,2
RET-000202,ORD-002539,2025-03-23,Changed Mind,1
RET-000203,ORD-002554,2023-04-14,Size / Fit Issue,1
RET-000204,ORD-002568,2025-03-31,Found Better Price,1
RET-000205,ORD-002573,2025-03-05,Defective / Damaged,1
RET-000206,ORD-002584,2023-12-04,Late Delivery,1
RET-000207,ORD-002606,2023-02-16,Found Better Price,2
RET-000208,ORD-002616,2024-02-16,Found Better Price,2
RET-000209,ORD-002626,2023-02-15,Changed Mind,3
RET-000210,ORD-002632,2023-02-20,Late Delivery,1
RET-000211,ORD-002646,2025-05-12,Changed Mind,1
RET-000212,ORD-002676,2024-01-29,Late Delivery,1
RET-000213,ORD-002684,2024-02-27,Found Better Price,1
RET-000214,ORD-002695,2024-04-28,Found Better Price,4
RET-000215,ORD-002706,2025-01-11,Found Better Price,1
RET-000216,ORD-002717,2023-02-14,Wrong Item Delivered,2
RET-000217,ORD-002723,2023-02-20,Wrong Item Delivered,1
RET-000218,ORD-002728,2023-02-11,Size / Fit Issue,2
RET-000219,ORD-002732,2023-07-02,Late Delivery,1
RET-000220,ORD-002751,2024-12-11,Wrong Item Delivered,2
RET-000221,ORD-002757,2024-09-17,Not as Described,1
RET-000222,ORD-002763,2023-06-27,Wrong Item Delivered,1
RET-000223,ORD-002767,2024-08-27,Wrong Item Delivered,3
RET-000224,ORD-002787,2025-01-05,Size / Fit Issue,1
RET-000225,ORD-002794,2023-02-20,Not as Described,1
RET-000226,ORD-002810,2023-02-14,Not as Described,2
RET-000227,ORD-002817,2025-03-22,Wrong Item Delivered,1
RET-000228,ORD-002823,2024-10-19,Changed Mind,1
RET-000229,ORD-002842,2023-06-07,Changed Mind,1
RET-000230,ORD-002870,2023-02-28,Found Better Price,1
RET-000231,ORD-002882,2024-03-19,Size / Fit Issue,4
RET-000232,ORD-002908,2023-03-02,Late Delivery,2
RET-000233,ORD-002912,2024-01-25,Changed Mind,2
RET-000234,ORD-002930,2025-01-09,Late Delivery,2
RET-000235,ORD-002947,2024-11-08,Late Delivery,1
RET-000236,ORD-002948,2023-02-21,Changed Mind,1
RET-000237,ORD-002961,2023-10-13,Defective / Damaged,3
RET-000238,ORD-002976,2025-06-13,Found Better Price,1
RET-000239,ORD-002993,2024-06-27,Found Better Price,1
RET-000240,ORD-003019,2024-12-02,Late Delivery,1
RET-000241,ORD-003031,2024-02-15,Wrong Item Delivered,3
RET-000242,ORD-003059,2024-05-10,Size / Fit Issue,1
RET-000243,ORD-003064,2025-01-05,Found Better Price,1
RET-000244,ORD-003073,2023-02-20,Size / Fit Issue,1
RET-000245,ORD-003075,2023-05-31,Defective / Damaged,1
RET-000246,ORD-003094,2024-12-03,Missing Parts / Accessories,1
RET-000247,ORD-003106,2024-11-27,Late Delivery,1
RET-000248,ORD-003129,2024-06-21,Changed Mind,1
RET-000249,ORD-003172,2025-07-06,Not as Described,1
RET-000250,ORD-003182,2023-02-27,Defective / Damaged,2
RET-000251,ORD-003194,2025-06-19,Size / Fit Issue,1
RET-000252,ORD-003214,2023-02-16,Size / Fit Issue,1
RET-000253,ORD-003215,2024-12-15,Not as Described,1
RET-000254,ORD-003226,2023-02-21,Found Better Price,1
RET-000255,ORD-003236,2023-05-09,Not as Described,1
RET-000256,ORD-003237,2023-04-03,Size / Fit Issue,1
RET-000257,ORD-003247,2024-10-12,Size / Fit Issue,1
RET-000258,ORD-003270,2025-01-14,Defective / Damaged,1
RET-000259,ORD-003279,2025-02-17,Wrong Item Delivered,2
RET-000260,ORD-003289,2023-02-24,Not as Described,1
RET-000261,ORD-003290,2023-03-04,Wrong Item Delivered,2
RET-000262,ORD-003293,2023-03-06,Late Delivery,3
RET-000263,ORD-003306,2025-06-10,Found Better Price,1
RET-000264,ORD-003307,2023-07-23,Changed Mind,1
RET-000265,ORD-003325,2023-06-09,Size / Fit Issue,2
RET-000266,ORD-003329,2023-03-25,Found Better Price,1
RET-000267,ORD-003333,2023-06-15,Found Better Price,1
RET-000268,ORD-003341,2024-06-20,Defective / Damaged,1
RET-000269,ORD-003342,2023-08-13,Changed Mind,3
RET-000270,ORD-003343,2023-10-03,Found Better Price,1
RET-000271,ORD-003348,2024-11-29,Late Delivery,1
RET-000272,ORD-003351,2023-03-05,Found Better Price,1
RET-000273,ORD-003353,2023-03-04,Late Delivery,1
RET-000274,ORD-003359,2023-08-20,Size / Fit Issue,1
RET-000275,ORD-003360,2023-03-09,Changed Mind,3
RET-000276,ORD-003365,2024-07-21,Late Delivery,1
RET-000277,ORD-003373,2023-02-21,Size / Fit Issue,4
RET-000278,ORD-003384,2024-03-28,Size / Fit Issue,1
RET-000279,ORD-003390,2023-12-18,Not as Described,1
RET-000280,ORD-003395,2023-09-13,Late Delivery,1
RET-000281,ORD-003424,2023-03-02,Missing Parts / Accessories,1
RET-000282,ORD-003435,2023-02-21,Changed Mind,2
RET-000283,ORD-003478,2024-08-20,Changed Mind,4
RET-000284,ORD-003485,2025-04-22,Size / Fit Issue,1
RET-000285,ORD-003503,2024-06-23,Not as Described,1
RET-000286,ORD-003518,2023-11-09,Defective / Damaged,1
RET-000287,ORD-003523,2023-02-24,Defective / Damaged,1
RET-000288,ORD-003535,2025-05-26,Size / Fit Issue,1
RET-000289,ORD-003536,2024-12-09,Late Delivery,1
RET-000290,ORD-003548,2023-05-23,Size / Fit Issue,2
RET-000291,ORD-003574,2023-03-02,Wrong Item Delivered,2
RET-000292,ORD-003604,2023-03-02,Changed Mind,1
RET-000293,ORD-003608,2023-02-28,Size / Fit Issue,1
RET-000294,ORD-003610,2025-05-15,Defective / Damaged,1
RET-000295,ORD-003614,2023-03-01,Changed Mind,1
RET-000296,ORD-003615,2023-03-06,Changed Mind,1
RET-000297,ORD-003616,2023-02-22,Not as Described,1
RET-000298,ORD-003630,2024-12-26,Changed Mind,1
RET-000299,ORD-003633,2025-01-09,Changed Mind,1
RET-000300,ORD-003641,2025-02-04,Size / Fit Issue,1
RET-000301,ORD-003643,2024-02-10,Size / Fit Issue,2
RET-000302,ORD-003652,2023-03-01,Not as Described,1
RET-000303,ORD-003673,2023-02-27,Not as Described,1
RET-000304,ORD-003674,2023-03-08,Defective / Damaged,1
RET-000305,ORD-003685,2023-11-09,Late Delivery,3
RET-000306,ORD-003719,2023-11-14,Not as Described,1
RET-000307,ORD-003768,2024-09-12,Late Delivery,1
RET-000308,ORD-003776,2024-06-28,Changed Mind,1
RET-000309,ORD-003801,2025-03-16,Defective / Damaged,1
RET-000310,ORD-003804,2025-03-20,Not as Described,1
RET-000311,ORD-003818,2024-09-20,Size / Fit Issue,1
RET-000312,ORD-003822,2024-06-07,Late Delivery,1
RET-000313,ORD-003837,2023-06-06,Wrong Item Delivered,1
RET-000314,ORD-003850,2023-12-09,Defective / Damaged,1
RET-000315,ORD-003861,2023-08-13,Wrong Item Delivered,1
RET-000316,ORD-003874,2023-05-25,Not as Described,1
RET-000317,ORD-003888,2024-12-06,Found Better Price,3
RET-000318,ORD-003894,2025-03-02,Changed Mind,2
RET-000319,ORD-003916,2023-03-12,Wrong Item Delivered,1
RET-000320,ORD-003921,2024-08-04,Not as Described,1
RET-000321,ORD-003928,2023-05-07,Found Better Price,1
RET-000322,ORD-003936,2023-03-05,Defective / Damaged,1
RET-000323,ORD-003937,2025-01-03,Defective / Damaged,3
RET-000324,ORD-003942,2023-03-17,Changed Mind,1
RET-000325,ORD-003955,2025-01-18,Found Better Price,1
RET-000326,ORD-003980,2023-09-01,Defective / Damaged,1
RET-000327,ORD-003989,2025-08-08,Defective / Damaged,1
RET-000328,ORD-003990,2024-07-08,Defective / Damaged,1
RET-000329,ORD-003995,2023-12-29,Size / Fit Issue,1
RET-000330,ORD-003999,2024-10-15,Found Better Price,1
RET-000331,ORD-004014,2025-07-04,Not as Described,2
RET-000332,ORD-004029,2023-05-25,Missing Parts / Accessories,1
RET-000333,ORD-004040,2024-07-22,Changed Mind,1
RET-000334,ORD-004045,2023-04-29,Size / Fit Issue,1
RET-000335,ORD-004076,2024-03-15,Changed Mind,1
RET-000336,ORD-004077,2024-08-15,Size / Fit Issue,1
RET-000337,ORD-004088,2025-06-01,Changed Mind,1
RET-000338,ORD-004101,2024-12-09,Found Better Price,1
RET-000339,ORD-004103,2024-06-13,Size / Fit Issue,1
RET-000340,ORD-004112,2024-03-10,Changed Mind,1
RET-000341,ORD-004117,2023-03-07,Size / Fit Issue,1
RET-000342,ORD-004147,2023-07-13,Wrong Item Delivered,2
RET-000343,ORD-004165,2025-01-17,Found Better Price,1
RET-000344,ORD-004166,2025-07-27,Not as Described,1
RET-000345,ORD-004170,2023-10-03,Found Better Price,1
RET-000346,ORD-004189,2025-06-13,Late Delivery,1
RET-000347,ORD-004198,2023-03-08,Defective / Damaged,2
RET-000348,ORD-004235,2023-03-08,Not as Described,1
RET-000349,ORD-004249,2023-03-18,Not as Described,1
RET-000350,ORD-004251,2023-03-21,Defective / Damaged,1
RET-000351,ORD-004255,2024-01-30,Size / Fit Issue,1
RET-000352,ORD-004276,2023-03-19,Late Delivery,1
RET-000353,ORD-004283,2023-03-08,Found Better Price,1
RET-000354,ORD-004302,2023-03-20,Missing Parts / Accessories,1
RET-000355,ORD-004305,2024-06-23,Size / Fit Issue,1
RET-000356,ORD-004335,2023-03-15,Not as Described,1
RET-000357,ORD-004374,2023-03-14,Not as Described,1
RET-000358,ORD-004394,2023-03-13,Late Delivery,1
RET-000359,ORD-004414,2024-01-19,Wrong Item Delivered,2
RET-000360,ORD-004440,2024-06-02,Missing Parts / Accessories,5
RET-000361,ORD-004442,2025-06-06,Size / Fit Issue,1
RET-000362,ORD-004447,2024-12-15,Size / Fit Issue,1
RET-000363,ORD-004454,2023-03-24,Found Better Price,1
RET-000364,ORD-004470,2023-03-19,Wrong Item Delivered,1
RET-000365,ORD-004471,2025-05-05,Wrong Item Delivered,1
RET-000366,ORD-004479,2024-03-15,Changed Mind,1
RET-000367,ORD-004494,2024-07-31,Changed Mind,1
RET-000368,ORD-004510,2024-09-03,Late Delivery,1
RET-000369,ORD-004511,2023-10-29,Changed Mind,1
RET-000370,ORD-004514,2023-03-16,Late Delivery,1
RET-000371,ORD-004521,2023-05-14,Not as Described,1
RET-000372,ORD-004533,2024-07-13,Late Delivery,1
RET-000373,ORD-004534,2025-07-16,Late Delivery,3
RET-000374,ORD-004544,2023-03-17,Not as Described,1
RET-000375,ORD-004568,2024-08-27,Late Delivery,1
RET-000376,ORD-004578,2023-03-20,Size / Fit Issue,1
RET-000377,ORD-004590,2024-06-21,Not as Described,1
RET-000378,ORD-004605,2024-05-11,Changed Mind,1
RET-000379,ORD-004612,2023-06-01,Defective / Damaged,2
RET-000380,ORD-004632,2024-10-14,Defective / Damaged,1
RET-000381,ORD-004652,2023-05-01,Missing Parts / Accessories,3
RET-000382,ORD-004661,2023-03-09,Found Better Price,1
RET-000383,ORD-004671,2023-03-11,Defective / Damaged,1
RET-000384,ORD-004673,2023-03-15,Late Delivery,1
RET-000385,ORD-004679,2024-08-20,Defective / Damaged,2
RET-000386,ORD-004684,2024-11-12,Wrong Item Delivered,1
RET-000387,ORD-004685,2023-06-02,Size / Fit Issue,1
RET-000388,ORD-004689,2023-03-19,Changed Mind,1
RET-000389,ORD-004690,2023-07-01,Late Delivery,1
RET-000390,ORD-004706,2023-03-09,Wrong Item Delivered,1
RET-000391,ORD-004724,2024-11-23,Not as Described,1
RET-000392,ORD-004742,2024-11-27,Defective / Damaged,1
RET-000393,ORD-004744,2024-08-22,Wrong Item Delivered,1
RET-000394,ORD-004764,2024-01-06,Size / Fit Issue,3
RET-000395,ORD-004769,2023-03-22,Size / Fit Issue,1
RET-000396,ORD-004770,2023-04-03,Late Delivery,2
RET-000397,ORD-004772,2025-06-18,Not as Described,1
RET-000398,ORD-004774,2023-03-18,Late Delivery,3
RET-000399,ORD-004789,2024-01-08,Size / Fit Issue,1
RET-000400,ORD-004817,2023-03-28,Size / Fit Issue,1
RET-000401,ORD-004854,2023-05-23,Wrong Item Delivered,2
RET-000402,ORD-004855,2023-03-21,Defective / Damaged,1
RET-000403,ORD-004870,2023-03-16,Changed Mind,4
RET-000404,ORD-004879,2024-12-01,Found Better Price,1
RET-000405,ORD-004902,2025-04-30,Changed Mind,1
RET-000406,ORD-004910,2025-04-24,Found Better Price,2
RET-000407,ORD-004924,2023-03-16,Late Delivery,1
RET-000408,ORD-004927,2023-03-26,Size / Fit Issue,1
RET-000409,ORD-004932,2024-04-06,Late Delivery,2
RET-000410,ORD-004939,2024-07-23,Late Delivery,1
RET-000411,ORD-004976,2023-03-23,Missing Parts / Accessories,1
RET-000412,ORD-004983,2023-12-09,Changed Mind,1
RET-000413,ORD-005045,2023-07-20,Missing Parts / Accessories,1
RET-000414,ORD-005062,2023-09-27,Found Better Price,2
RET-000415,ORD-005063,2023-03-24,Missing Parts / Accessories,1
RET-000416,ORD-005073,2023-03-20,Not as Described,1
RET-000417,ORD-005074,2025-03-06,Changed Mind,2
RET-000418,ORD-005083,2023-03-28,Wrong Item Delivered,2
RET-000419,ORD-005092,2025-02-09,Changed Mind,1
RET-000420,ORD-005098,2023-08-10,Defective / Damaged,1
RET-000421,ORD-005107,2024-06-18,Found Better Price,1
RET-000422,ORD-005118,2025-03-16,Size / Fit Issue,1
RET-000423,ORD-005122,2024-02-11,Size / Fit Issue,1
RET-000424,ORD-005125,2023-03-18,Size / Fit Issue,1
RET-000425,ORD-005139,2025-04-20,Size / Fit Issue,1
RET-000426,ORD-005143,2023-03-25,Changed Mind,1
RET-000427,ORD-005161,2023-03-17,Size / Fit Issue,1
RET-000428,ORD-005179,2025-06-25,Late Delivery,3
RET-000429,ORD-005210,2023-03-18,Missing Parts / Accessories,1
RET-000430,ORD-005222,2025-03-08,Changed Mind,1
RET-000431,ORD-005232,2023-03-22,Missing Parts / Accessories,1
RET-000432,ORD-005233,2025-06-22,Size / Fit Issue,1
RET-000433,ORD-005234,2025-02-06,Missing Parts / Accessories,1
RET-000434,ORD-005241,2023-07-20,Defective / Damaged,1
RET-000435,ORD-005249,2023-03-29,Not as Described,1
RET-000436,ORD-005252,2024-08-27,Wrong Item Delivered,1
RET-000437,ORD-005276,2025-08-11,Changed Mind,1
RET-000438,ORD-005296,2023-03-23,Not as Described,2
RET-000439,ORD-005375,2025-01-12,Changed Mind,1
RET-000440,ORD-005396,2023-04-03,Late Delivery,1
RET-000441,ORD-005402,2023-10-05,Found Better Price,1
RET-000442,ORD-005489,2025-04-07,Wrong Item Delivered,1
RET-000443,ORD-005523,2024-12-17,Late Delivery,1
RET-000444,ORD-005573,2024-03-06,Found Better Price,1
RET-000445,ORD-005589,2023-04-07,Changed Mind,1
RET-000446,ORD-005598,2023-04-08,Not as Described,1
RET-000447,ORD-005630,2023-03-22,Late Delivery,1
RET-000448,ORD-005632,2024-05-05,Found Better Price,2
RET-000449,ORD-005642,2024-01-10,Late Delivery,1
RET-000450,ORD-005644,2023-03-22,Changed Mind,1
RET-000451,ORD-005651,2025-01-24,Not as Described,1
RET-000452,ORD-005654,2023-03-22,Size / Fit Issue,1
RET-000453,ORD-005674,2023-04-06,Defective / Damaged,2
RET-000454,ORD-005681,2023-03-22,Changed Mind,1
RET-000455,ORD-005685,2023-09-04,Defective / Damaged,2
RET-000456,ORD-005703,2023-03-31,Not as Described,1
RET-000457,ORD-005704,2023-03-26,Size / Fit Issue,1
RET-000458,ORD-005713,2024-03-31,Defective / Damaged,2
RET-000459,ORD-005717,2025-05-04,Not as Described,1
RET-000460,ORD-005719,2024-12-07,Wrong Item Delivered,1
RET-000461,ORD-005720,2024-10-02,Found Better Price,2
RET-000462,ORD-005732,2025-03-04,Wrong Item Delivered,1
RET-000463,ORD-005770,2025-01-09,Late Delivery,1
RET-000464,ORD-005774,2025-07-10,Changed Mind,1
RET-000465,ORD-005776,2024-09-13,Late Delivery,2
RET-000466,ORD-005793,2025-05-10,Defective / Damaged,1
RET-000467,ORD-005807,2025-02-05,Changed Mind,1
RET-000468,ORD-005813,2023-04-02,Changed Mind,1
RET-000469,ORD-005815,2023-03-29,Found Better Price,1
RET-000470,ORD-005842,2024-03-30,Not as Described,1
RET-000471,ORD-005862,2024-08-28,Found Better Price,2
RET-000472,ORD-005902,2023-03-27,Found Better Price,1
RET-000473,ORD-005918,2023-03-25,Changed Mind,1
RET-000474,ORD-005941,2023-04-05,Size / Fit Issue,1
RET-000475,ORD-005944,2023-04-04,Late Delivery,1
RET-000476,ORD-005951,2024-03-10,Wrong Item Delivered,1
RET-000477,ORD-005958,2024-05-03,Wrong Item Delivered,1
RET-000478,ORD-005986,2025-05-12,Late Delivery,1
RET-000479,ORD-005992,2024-11-23,Changed Mind,2
RET-000480,ORD-005993,2023-03-29,Defective / Damaged,1
RET-000481,ORD-006016,2023-04-05,Not as Described,3
RET-000482,ORD-006036,2023-04-04,Wrong Item Delivered,1
RET-000483,ORD-006038,2024-06-02,Missing Parts / Accessories,1
RET-000484,ORD-006064,2023-04-30,Not as Described,2
RET-000485,ORD-006065,2023-07-09,Found Better Price,1
RET-000486,ORD-006074,2025-04-22,Size / Fit Issue,1
RET-000487,ORD-006087,2025-07-20,Changed Mind,1
RET-000488,ORD-006101,2023-04-12,Size / Fit Issue,1
RET-000489,ORD-006118,2024-01-02,Late Delivery,1
RET-000490,ORD-006131,2024-12-20,Not as Described,1
RET-000491,ORD-006152,2024-05-17,Size / Fit Issue,1
RET-000492,ORD-006178,2023-06-24,Not as Described,1
RET-000493,ORD-006185,2023-09-01,Defective / Damaged,1
RET-000494,ORD-006191,2024-10-11,Not as Described,1
RET-000495,ORD-006196,2023-07-06,Late Delivery,1
RET-000496,ORD-006201,2024-03-04,Defective / Damaged,1
RET-000497,ORD-006203,2023-04-14,Late Delivery,1
RET-000498,ORD-006209,2025-02-12,Late Delivery,1
RET-000499,ORD-006219,2023-09-10,Wrong Item Delivered,1
RET-000500,ORD-006226,2023-10-04,Wrong Item Delivered,1
RET-000501,ORD-006236,2023-04-11,Missing Parts / Accessories,5
RET-000502,ORD-006250,2023-04-08,Changed Mind,1
RET-000503,ORD-006279,2023-04-13,Found Better Price,1
RET-000504,ORD-006283,2023-04-10,Wrong Item Delivered,1
RET-000505,ORD-006295,2024-06-14,Not as Described,1
RET-000506,ORD-006318,2023-04-05,Found Better Price,2
RET-000507,ORD-006334,2025-01-28,Missing Parts / Accessories,2
RET-000508,ORD-006355,2024-01-07,Defective / Damaged,2
RET-000509,ORD-006367,2024-04-26,Defective / Damaged,1
RET-000510,ORD-006370,2023-04-17,Late Delivery,1
RET-000511,ORD-006382,2023-05-03,Not as Described,1
RET-000512,ORD-006394,2023-04-05,Changed Mind,1
RET-000513,ORD-006399,2024-01-02,Late Delivery,1
RET-000514,ORD-006414,2023-04-04,Wrong Item Delivered,1
RET-000515,ORD-006420,2023-05-22,Not as Described,1
RET-000516,ORD-006437,2023-04-08,Changed Mind,1
RET-000517,ORD-006441,2024-11-09,Defective / Damaged,1
RET-000518,ORD-006449,2024-10-15,Found Better Price,8
RET-000519,ORD-006454,2025-02-03,Changed Mind,1
RET-000520,ORD-006459,2025-08-04,Not as Described,2
RET-000521,ORD-006466,2023-04-07,Late Delivery,2
RET-000522,ORD-006470,2024-06-17,Changed Mind,1
RET-000523,ORD-006476,2024-10-07,Late Delivery,1
RET-000524,ORD-006499,2023-07-17,Changed Mind,1
RET-000525,ORD-006526,2024-01-18,Changed Mind,1
RET-000526,ORD-006527,2023-04-10,Wrong Item Delivered,2
RET-000527,ORD-006530,2023-04-04,Missing Parts / Accessories,1
RET-000528,ORD-006538,2023-04-09,Wrong Item Delivered,2
RET-000529,ORD-006540,2024-12-14,Late Delivery,1
RET-000530,ORD-006572,2024-08-09,Defective / Damaged,3
RET-000531,ORD-006586,2025-05-04,Defective / Damaged,1
RET-000532,ORD-006587,2023-04-18,Found Better Price,1
RET-000533,ORD-006593,2025-04-21,Wrong Item Delivered,1
RET-000534,ORD-006598,2024-12-23,Size / Fit Issue,1
RET-000535,ORD-006600,2025-04-18,Found Better Price,1
RET-000536,ORD-006610,2023-04-02,Size / Fit Issue,1
RET-000537,ORD-006612,2024-07-16,Late Delivery,1
RET-000538,ORD-006614,2023-04-20,Found Better Price,3
RET-000539,ORD-006615,2023-04-03,Late Delivery,1
RET-000540,ORD-006622,2023-12-11,Wrong Item Delivered,1
RET-000541,ORD-006626,2024-08-23,Found Better Price,1
RET-000542,ORD-006637,2023-04-14,Late Delivery,1
RET-000543,ORD-006657,2025-06-13,Late Delivery,1
RET-000544,ORD-006663,2023-04-17,Size / Fit Issue,1
RET-000545,ORD-006669,2024-07-10,Size / Fit Issue,1
RET-000546,ORD-006691,2024-08-14,Changed Mind,1
RET-000547,ORD-006702,2023-04-19,Defective / Damaged,1
RET-000548,ORD-006711,2025-01-20,Late Delivery,1
RET-000549,ORD-006725,2023-08-27,Not as Described,1
RET-000550,ORD-006735,2023-05-06,Wrong Item Delivered,1
RET-000551,ORD-006743,2023-12-31,Late Delivery,1
RET-000552,ORD-006794,2024-12-24,Changed Mind,1
RET-000553,ORD-006799,2025-07-09,Size / Fit Issue,1
RET-000554,ORD-006858,2023-04-17,Changed Mind,2
RET-000555,ORD-006861,2024-04-24,Not as Described,1
RET-000556,ORD-006864,2025-06-22,Defective / Damaged,1
RET-000557,ORD-006875,2023-12-25,Late Delivery,1
RET-000558,ORD-006907,2023-05-21,Defective / Damaged,1
RET-000559,ORD-006910,2023-12-25,Wrong Item Delivered,2
RET-000560,ORD-006918,2023-05-10,Not as Described,1
RET-000561,ORD-006935,2025-03-13,Size / Fit Issue,1
RET-000562,ORD-006937,2024-11-18,Found Better Price,1
RET-000563,ORD-006957,2025-05-16,Defective / Damaged,1
RET-000564,ORD-006966,2024-03-23,Found Better Price,2
RET-000565,ORD-006969,2023-04-21,Defective / Damaged,1
RET-000566,ORD-006980,2023-12-13,Changed Mind,1
RET-000567,ORD-006992,2025-06-07,Wrong Item Delivered,1
RET-000568,ORD-007004,2023-04-14,Changed Mind,1
RET-000569,ORD-007016,2025-06-17,Late Delivery,3
RET-000570,ORD-007027,2023-06-13,Changed Mind,1
RET-000571,ORD-007031,2024-03-20,Size / Fit Issue,1
RET-000572,ORD-007032,2023-04-24,Wrong Item Delivered,3
RET-000573,ORD-007098,2024-02-29,Not as Described,1
RET-000574,ORD-007102,2023-04-16,Late Delivery,2
RET-000575,ORD-007112,2023-04-08,Defective / Damaged,2
RET-000576,ORD-007113,2023-07-17,Late Delivery,1
RET-000577,ORD-007135,2023-04-10,Changed Mind,1
RET-000578,ORD-007146,2025-06-17,Reason Not Specified,1
RET-000579,ORD-007158,2023-10-15,Late Delivery,1
RET-000580,ORD-007160,2025-08-03,Late Delivery,1
RET-000581,ORD-007179,2025-03-30,Changed Mind,3
RET-000582,ORD-007193,2023-04-24,Found Better Price,1
RET-000583,ORD-007207,2023-06-21,Defective / Damaged,1
RET-000584,ORD-007209,2023-04-18,Late Delivery,1
RET-000585,ORD-007212,2023-04-17,Size / Fit Issue,1
RET-000586,ORD-007216,2023-04-26,Size / Fit Issue,1
RET-000587,ORD-007225,2025-04-26,Defective / Damaged,1
RET-000588,ORD-007242,2024-09-24,Size / Fit Issue,1
RET-000589,ORD-007248,2023-04-27,Wrong Item Delivered,1
RET-000590,ORD-007254,2024-10-05,Late Delivery,1
RET-000591,ORD-007279,2023-05-28,Found Better Price,1
RET-000592,ORD-007282,2023-10-21,Changed Mind,4
RET-000593,ORD-007284,2023-04-27,Changed Mind,1
RET-000594,ORD-007298,2023-05-06,Size / Fit Issue,1
RET-000595,ORD-007313,2023-04-17,Size / Fit Issue,1
RET-000596,ORD-007347,2023-04-18,Changed Mind,1
RET-000597,ORD-007355,2023-04-17,Defective / Damaged,5
RET-000598,ORD-007359,2024-05-24,Changed Mind,2
RET-000599,ORD-007366,2025-01-24,Changed Mind,1
RET-000600,ORD-007378,2024-07-28,Changed Mind,1
RET-000601,ORD-007385,2024-04-10,Defective / Damaged,1
RET-000602,ORD-007394,2025-05-03,Not as Described,1
RET-000603,ORD-007411,2023-04-29,Wrong Item Delivered,1
RET-000604,ORD-007427,2023-04-17,Missing Parts / Accessories,1
RET-000605,ORD-007431,2023-04-28,Changed Mind,1
RET-000606,ORD-007435,2023-04-20,Wrong Item Delivered,2
RET-000607,ORD-007436,2023-04-13,Not as Described,1
RET-000608,ORD-007463,2023-04-17,Late Delivery,1
RET-000609,ORD-007465,2023-04-23,Size / Fit Issue,1
RET-000610,ORD-007479,2024-09-28,Changed Mind,1
RET-000611,ORD-007482,2024-04-17,Wrong Item Delivered,1
RET-000612,ORD-007491,2025-07-08,Size / Fit Issue,1
RET-000613,ORD-007504,2023-04-21,Changed Mind,1
RET-000614,ORD-007517,2023-04-29,Late Delivery,1
RET-000615,ORD-007521,2023-04-28,Size / Fit Issue,1
RET-000616,ORD-007537,2025-06-24,Changed Mind,2
RET-000617,ORD-007539,2024-03-29,Wrong Item Delivered,1
RET-000618,ORD-007541,2024-01-05,Not as Described,1
RET-000619,ORD-007545,2023-12-10,Changed Mind,3
RET-000620,ORD-007551,2023-11-23,Late Delivery,2
RET-000621,ORD-007554,2024-11-23,Defective / Damaged,1
RET-000622,ORD-007578,2023-12-22,Defective / Damaged,1
RET-000623,ORD-007604,2023-05-03,Changed Mind,1
RET-000624,ORD-007627,2023-09-25,Changed Mind,2
RET-000625,ORD-007644,2023-05-31,Found Better Price,1
RET-000626,ORD-007653,2023-06-18,Defective / Damaged,1
RET-000627,ORD-007659,2025-01-03,Defective / Damaged,1
RET-000628,ORD-007671,2023-04-22,Size / Fit Issue,1
RET-000629,ORD-007691,2023-04-18,Defective / Damaged,2
RET-000630,ORD-007700,2023-04-23,Wrong Item Delivered,1
RET-000631,ORD-007737,2025-06-06,Size / Fit Issue,1
RET-000632,ORD-007766,2023-05-01,Missing Parts / Accessories,1
RET-000633,ORD-007776,2023-04-28,Found Better Price,2
RET-000634,ORD-007777,2024-12-25,Size / Fit Issue,1
RET-000635,ORD-007797,2025-06-15,Defective / Damaged,1
RET-000636,ORD-007807,2023-04-18,Changed Mind,1
RET-000637,ORD-007820,2025-07-09,Size / Fit Issue,1
RET-000638,ORD-007823,2023-04-24,Size / Fit Issue,1
RET-000639,ORD-007853,2023-04-30,Late Delivery,1
RET-000640,ORD-007859,2024-08-28,Late Delivery,2
RET-000641,ORD-007862,2023-04-30,Changed Mind,1
RET-000642,ORD-007869,2024-05-21,Size / Fit Issue,1
RET-000643,ORD-007893,2024-10-08,Wrong Item Delivered,1
RET-000644,ORD-007904,2023-08-10,Not as Described,1
RET-000645,ORD-007908,2023-08-24,Wrong Item Delivered,8
RET-000646,ORD-007925,2025-07-10,Late Delivery,1
RET-000647,ORD-007933,2024-03-26,Size / Fit Issue,1
RET-000648,ORD-007935,2024-10-16,Defective / Damaged,1
RET-000649,ORD-007963,2025-03-12,Not as Described,1
RET-000650,ORD-007990,2024-07-23,Size / Fit Issue,1
RET-000651,ORD-007994,2023-04-22,Not as Described,3
RET-000652,ORD-007996,2025-03-14,Late Delivery,1
RET-000653,ORD-008003,2024-12-15,Changed Mind,1
RET-000654,ORD-008025,2025-06-08,Not as Described,1
RET-000655,ORD-008041,2023-05-03,Found Better Price,1
RET-000656,ORD-008046,2023-06-12,Wrong Item Delivered,1
RET-000657,ORD-008087,2023-06-08,Size / Fit Issue,1
RET-000658,ORD-008113,2023-04-23,Wrong Item Delivered,1
RET-000659,ORD-008121,2023-05-03,Changed Mind,3
RET-000660,ORD-008145,2024-09-21,Wrong Item Delivered,1
RET-000661,ORD-008150,2023-07-05,Defective / Damaged,1
RET-000662,ORD-008165,2023-04-29,Size / Fit Issue,1
RET-000663,ORD-008171,2024-12-21,Defective / Damaged,1
RET-000664,ORD-008179,2024-09-24,Late Delivery,1
RET-000665,ORD-008185,2023-04-23,Not as Described,1
RET-000666,ORD-008193,2023-05-10,Found Better Price,2
RET-000667,ORD-008199,2023-04-26,Size / Fit Issue,2
RET-000668,ORD-008203,2023-09-11,Size / Fit Issue,1
RET-000669,ORD-008218,2024-06-26,Size / Fit Issue,2
RET-000670,ORD-008231,2023-04-29,Defective / Damaged,3
RET-000671,ORD-008250,2023-12-09,Size / Fit Issue,1
RET-000672,ORD-008288,2023-12-08,Size / Fit Issue,2
RET-000673,ORD-008291,2023-04-27,Not as Described,1
RET-000674,ORD-008298,2024-10-11,Not as Described,1
RET-000675,ORD-008307,2023-11-08,Late Delivery,1
RET-000676,ORD-008308,2025-02-28,Late Delivery,1
RET-000677,ORD-008311,2024-10-06,Defective / Damaged,1
RET-000678,ORD-008314,2023-04-29,Found Better Price,1
RET-000679,ORD-008335,2023-05-10,Not as Described,1
RET-000680,ORD-008351,2024-12-10,Late Delivery,1
RET-000681,ORD-008363,2023-08-17,Not as Described,1
RET-000682,ORD-008365,2023-12-03,Size / Fit Issue,1
RET-000683,ORD-008367,2025-08-03,Wrong Item Delivered,3
RET-000684,ORD-008368,2023-05-11,Not as Described,1
RET-000685,ORD-008378,2023-04-26,Changed Mind,1
RET-000686,ORD-008436,2023-08-07,Size / Fit Issue,1
RET-000687,ORD-008440,2023-11-04,Wrong Item Delivered,2
RET-000688,ORD-008447,2023-05-12,Defective / Damaged,1
RET-000689,ORD-008501,2024-10-12,Size / Fit Issue,1
RET-000690,ORD-008502,2025-05-16,Wrong Item Delivered,1
RET-000691,ORD-008518,2025-05-02,Not as Described,1
RET-000692,ORD-008530,2023-05-09,Wrong Item Delivered,1
RET-000693,ORD-008531,2023-05-09,Not as Described,1
RET-000694,ORD-008534,2023-07-07,Size / Fit Issue,1
RET-000695,ORD-008553,2023-05-01,Not as Described,1
RET-000696,ORD-008582,2025-07-12,Size / Fit Issue,1
RET-000697,ORD-008591,2024-11-27,Not as Described,1
RET-000698,ORD-008623,2025-04-22,Not as Described,1
RET-000699,ORD-008636,2025-06-25,Found Better Price,1
RET-000700,ORD-008638,2023-05-07,Size / Fit Issue,1
RET-000701,ORD-008658,2025-01-21,Found Better Price,1
RET-000702,ORD-008671,2024-02-26,Found Better Price,1
RET-000703,ORD-008675,2025-01-14,Size / Fit Issue,2
RET-000704,ORD-008682,2023-05-06,Size / Fit Issue,1
RET-000705,ORD-008686,2023-04-30,Changed Mind,1
RET-000706,ORD-008691,2025-08-08,Found Better Price,1
RET-000707,ORD-008697,2024-12-12,Size / Fit Issue,2
RET-000708,ORD-008701,2024-11-02,Wrong Item Delivered,1
RET-000709,ORD-008704,2023-05-07,Size / Fit Issue,1
RET-000710,ORD-008723,2023-05-10,Changed Mind,1
RET-000711,ORD-008724,2023-05-17,Late Delivery,2
RET-000712,ORD-008741,2024-09-12,Changed Mind,1
RET-000713,ORD-008744,2024-10-03,Defective / Damaged,2
RET-000714,ORD-008749,2023-05-06,Not as Described,1
RET-000715,ORD-008753,2023-06-30,Late Delivery,1
RET-000716,ORD-008773,2023-05-02,Reason Not Specified,1
RET-000717,ORD-008789,2024-10-11,Defective / Damaged,2
RET-000718,ORD-008794,2023-10-19,Wrong Item Delivered,1
RET-000719,ORD-008799,2023-05-09,Changed Mind,1
RET-000720,ORD-008804,2025-01-18,Wrong Item Delivered,2
RET-000721,ORD-008840,2025-04-22,Defective / Damaged,1
RET-000722,ORD-008846,2024-10-04,Changed Mind,1
RET-000723,ORD-008863,2024-12-31,Not as Described,1
RET-000724,ORD-008866,2023-05-05,Defective / Damaged,1
RET-000725,ORD-008872,2023-05-18,Late Delivery,1
RET-000726,ORD-008896,2023-05-11,Found Better Price,1
RET-000727,ORD-008923,2023-05-14,Not as Described,1
RET-000728,ORD-008926,2023-06-29,Defective / Damaged,1
RET-000729,ORD-008927,2024-08-05,Defective / Damaged,1
RET-000730,ORD-008947,2023-05-19,Changed Mind,2
RET-000731,ORD-008949,2023-05-18,Size / Fit Issue,1
RET-000732,ORD-008951,2023-05-04,Wrong Item Delivered,1
RET-000733,ORD-008957,2024-10-03,Size / Fit Issue,1
RET-000734,ORD-008965,2025-04-16,Defective / Damaged,1
RET-000735,ORD-008981,2023-09-18,Changed Mind,1
RET-000736,ORD-009007,2023-05-20,Changed Mind,1
RET-000737,ORD-009031,2025-06-22,Changed Mind,1
RET-000738,ORD-009033,2025-06-04,Defective / Damaged,2
RET-000739,ORD-009034,2025-03-04,Found Better Price,2
RET-000740,ORD-009050,2025-04-28,Wrong Item Delivered,2
RET-000741,ORD-009053,2024-05-14,Size / Fit Issue,1
RET-000742,ORD-009055,2024-11-06,Defective / Damaged,3
RET-000743,ORD-009065,2023-05-22,Not as Described,3
RET-000744,ORD-009079,2024-06-14,Defective / Damaged,1
RET-000745,ORD-009117,2024-12-13,Defective / Damaged,1
RET-000746,ORD-009171,2024-12-28,Not as Described,1
RET-000747,ORD-009176,2023-05-15,Size / Fit Issue,1
RET-000748,ORD-009223,2023-05-10,Late Delivery,1
RET-000749,ORD-009246,2024-09-28,Reason Not Specified,1
RET-000750,ORD-009248,2025-01-19,Found Better Price,1
RET-000751,ORD-009254,2023-05-24,Wrong Item Delivered,1
RET-000752,ORD-009283,2025-07-09,Size / Fit Issue,1
RET-000753,ORD-009287,2025-06-14,Found Better Price,1
RET-000754,ORD-009296,2025-05-25,Defective / Damaged,1
RET-000755,ORD-009299,2023-05-06,Not as Described,2
RET-000756,ORD-009307,2023-05-22,Late Delivery,1
RET-000757,ORD-009322,2025-04-03,Missing Parts / Accessories,2
RET-000758,ORD-009348,2023-05-17,Late Delivery,2
RET-000759,ORD-009350,2024-04-07,Changed Mind,1
RET-000760,ORD-009393,2023-05-17,Found Better Price,1
RET-000761,ORD-009416,2023-05-25,Defective / Damaged,2
RET-000762,ORD-009417,2023-05-09,Wrong Item Delivered,1
RET-000763,ORD-009421,2024-08-01,Changed Mind,3
RET-000764,ORD-009437,2025-02-13,Defective / Damaged,1
RET-000765,ORD-009464,2023-05-21,Defective / Damaged,1
RET-000766,ORD-009496,2023-05-21,Late Delivery,1
RET-000767,ORD-009500,2024-07-12,Defective / Damaged,2
RET-000768,ORD-009504,2023-05-12,Wrong Item Delivered,1
RET-000769,ORD-009517,2023-05-22,Late Delivery,2
RET-000770,ORD-009530,2023-05-15,Not as Described,2
RET-000771,ORD-009536,2023-07-07,Changed Mind,1
RET-000772,ORD-009578,2023-05-17,Found Better Price,1
RET-000773,ORD-009587,2023-05-22,Wrong Item Delivered,1
RET-000774,ORD-009601,2023-05-28,Defective / Damaged,1
RET-000775,ORD-009630,2023-05-16,Not as Described,1
RET-000776,ORD-009636,2023-05-27,Changed Mind,1
RET-000777,ORD-009647,2025-04-01,Size / Fit Issue,1
RET-000778,ORD-009649,2025-05-17,Not as Described,2
RET-000779,ORD-009652,2024-11-06,Late Delivery,1
RET-000780,ORD-009662,2024-10-10,Wrong Item Delivered,1
RET-000781,ORD-009671,2023-05-13,Late Delivery,1
RET-000782,ORD-009696,2023-05-20,Changed Mind,1
RET-000783,ORD-009706,2023-05-12,Late Delivery,1
RET-000784,ORD-009709,2024-12-25,Late Delivery,1
RET-000785,ORD-009717,2023-05-18,Changed Mind,1
RET-000786,ORD-009722,2023-05-14,Not as Described,1
RET-000787,ORD-009726,2024-09-22,Size / Fit Issue,1
RET-000788,ORD-009729,2023-05-22,Found Better Price,1
RET-000789,ORD-009730,2023-05-26,Changed Mind,1
RET-000790,ORD-009750,2024-05-10,Changed Mind,1
RET-000791,ORD-009755,2024-09-25,Changed Mind,1
RET-000792,ORD-009756,2025-02-14,Changed Mind,5
RET-000793,ORD-009766,2023-11-18,Late Delivery,1
RET-000794,ORD-009780,2025-06-26,Late Delivery,1
RET-000795,ORD-009787,2023-09-11,Not as Described,1
RET-000796,ORD-009799,2024-04-21,Missing Parts / Accessories,2
RET-000797,ORD-009806,2025-02-22,Wrong Item Delivered,1
RET-000798,ORD-009814,2023-05-27,Defective / Damaged,1
RET-000799,ORD-009826,2024-07-16,Not as Described,1
RET-000800,ORD-009840,2024-03-10,Not as Described,1
RET-000801,ORD-009844,2024-01-07,Changed Mind,1
RET-000802,ORD-009848,2023-05-20,Size / Fit Issue,1
RET-000803,ORD-009865,2023-05-24,Changed Mind,1
RET-000804,ORD-009879,2024-03-27,Found Better Price,1
RET-000805,ORD-009894,2025-07-22,Size / Fit Issue,2
RET-000806,ORD-009920,2023-05-25,Changed Mind,1
RET-000807,ORD-009930,2023-06-01,Defective / Damaged,1
RET-000808,ORD-009935,2024-04-03,Size / Fit Issue,1
RET-000809,ORD-009953,2024-11-23,Changed Mind,1
RET-000810,ORD-009954,2023-12-08,Defective / Damaged,1
RET-000811,ORD-009970,2023-05-23,Defective / Damaged,3
RET-000812,ORD-009974,2023-05-31,Wrong Item Delivered,1
RET-000813,ORD-010012,2023-09-27,Late Delivery,1
RET-000814,ORD-010017,2025-01-23,Found Better Price,2
RET-000815,ORD-010030,2023-05-24,Wrong Item Delivered,1
RET-000816,ORD-010078,2024-04-22,Size / Fit Issue,2
RET-000817,ORD-010129,2024-04-05,Defective / Damaged,1
RET-000818,ORD-010134,2024-01-02,Wrong Item Delivered,1
RET-000819,ORD-010141,2024-09-01,Late Delivery,1
RET-000820,ORD-010154,2024-01-17,Reason Not Specified,1
RET-000821,ORD-010158,2023-05-25,Size / Fit Issue,1
RET-000822,ORD-010161,2024-09-25,Defective / Damaged,1
RET-000823,ORD-010167,2023-05-21,Missing Parts / Accessories,2
RET-000824,ORD-010182,2023-07-07,Changed Mind,2
RET-000825,ORD-010200,2023-05-28,Changed Mind,1
RET-000826,ORD-010215,2023-06-03,Not as Described,1
RET-000827,ORD-010232,2023-12-17,Late Delivery,1
RET-000828,ORD-010245,2024-06-16,Wrong Item Delivered,1
RET-000829,ORD-010253,2025-07-28,Found Better Price,1
RET-000830,ORD-010257,2025-03-15,Wrong Item Delivered,1
RET-000831,ORD-010271,2025-03-30,Wrong Item Delivered,1
RET-000832,ORD-010302,2024-02-08,Changed Mind,1
RET-000833,ORD-010309,2024-04-16,Late Delivery,8
RET-000834,ORD-010317,2023-05-23,Defective / Damaged,1
RET-000835,ORD-010326,2023-05-23,Not as Described,1
RET-000836,ORD-010343,2023-07-07,Found Better Price,1
RET-000837,ORD-010355,2023-06-02,Found Better Price,2
RET-000838,ORD-010359,2023-10-18,Size / Fit Issue,1
RET-000839,ORD-010383,2023-10-12,Wrong Item Delivered,2
RET-000840,ORD-010384,2024-04-03,Late Delivery,1
RET-000841,ORD-010397,2023-06-03,Found Better Price,1
RET-000842,ORD-010419,2023-06-03,Found Better Price,2
RET-000843,ORD-010433,2023-06-06,Changed Mind,1
RET-000844,ORD-010441,2024-06-28,Size / Fit Issue,1
RET-000845,ORD-010442,2023-05-27,Not as Described,1
RET-000846,ORD-010444,2025-02-24,Found Better Price,1
RET-000847,ORD-010458,2024-11-13,Not as Described,1
RET-000848,ORD-010465,2023-06-08,Changed Mind,1
RET-000849,ORD-010468,2023-06-05,Wrong Item Delivered,1
RET-000850,ORD-010476,2023-10-04,Defective / Damaged,1
RET-000851,ORD-010488,2023-05-29,Changed Mind,2
RET-000852,ORD-010504,2024-03-05,Changed Mind,1
RET-000853,ORD-010526,2023-12-30,Size / Fit Issue,4
RET-000854,ORD-010539,2023-05-23,Not as Described,1
RET-000855,ORD-010565,2023-05-25,Wrong Item Delivered,2
RET-000856,ORD-010571,2025-03-01,Not as Described,1
RET-000857,ORD-010583,2023-06-09,Wrong Item Delivered,1
RET-000858,ORD-010584,2024-07-22,Late Delivery,3
RET-000859,ORD-010613,2023-06-06,Not as Described,1
RET-000860,ORD-010622,2023-09-05,Late Delivery,2
RET-000861,ORD-010637,2023-05-30,Size / Fit Issue,2
RET-000862,ORD-010644,2024-12-17,Found Better Price,1
RET-000863,ORD-010649,2023-05-26,Wrong Item Delivered,1
RET-000864,ORD-010659,2023-06-09,Found Better Price,1
RET-000865,ORD-010670,2023-06-10,Size / Fit Issue,1
RET-000866,ORD-010672,2023-05-24,Changed Mind,1
RET-000867,ORD-010690,2023-05-30,Size / Fit Issue,1
RET-000868,ORD-010694,2023-06-05,Missing Parts / Accessories,1
RET-000869,ORD-010695,2024-09-06,Late Delivery,1
RET-000870,ORD-010712,2023-05-29,Defective / Damaged,1
RET-000871,ORD-010724,2023-05-26,Changed Mind,3
RET-000872,ORD-010737,2023-06-03,Not as Described,1
RET-000873,ORD-010738,2024-09-13,Not as Described,1
RET-000874,ORD-010748,2023-10-08,Changed Mind,3
RET-000875,ORD-010759,2024-03-18,Not as Described,1
RET-000876,ORD-010769,2023-05-24,Not as Described,1
RET-000877,ORD-010779,2024-12-04,Found Better Price,1
RET-000878,ORD-010801,2023-06-08,Changed Mind,1
RET-000879,ORD-010809,2024-02-27,Size / Fit Issue,1
RET-000880,ORD-010819,2023-11-14,Changed Mind,3
RET-000881,ORD-010820,2024-12-22,Not as Described,2
RET-000882,ORD-010821,2023-06-05,Size / Fit Issue,2
RET-000883,ORD-010824,2025-03-29,Not as Described,1
RET-000884,ORD-010835,2023-12-25,Not as Described,1
RET-000885,ORD-010841,2024-12-05,Found Better Price,2
RET-000886,ORD-010865,2024-11-19,Size / Fit Issue,2
RET-000887,ORD-010874,2025-01-11,Not as Described,1
RET-000888,ORD-010878,2024-01-23,Changed Mind,2
RET-000889,ORD-010885,2023-06-04,Late Delivery,1
RET-000890,ORD-010886,2024-01-22,Defective / Damaged,1
RET-000891,ORD-010919,2023-10-21,Size / Fit Issue,1
RET-000892,ORD-010925,2023-06-13,Late Delivery,3
RET-000893,ORD-010926,2023-10-28,Size / Fit Issue,1
RET-000894,ORD-010964,2023-06-03,Changed Mind,1
RET-000895,ORD-010968,2023-06-13,Size / Fit Issue,1
RET-000896,ORD-011032,2023-06-12,Found Better Price,1
RET-000897,ORD-011045,2024-04-25,Defective / Damaged,1
RET-000898,ORD-011047,2023-05-31,Not as Described,1
RET-000899,ORD-011049,2023-06-06,Late Delivery,1
RET-000900,ORD-011055,2024-05-06,Defective / Damaged,1
RET-000901,ORD-011067,2024-07-29,Changed Mind,1
RET-000902,ORD-011068,2024-03-01,Late Delivery,2
RET-000903,ORD-011098,2023-10-06,Changed Mind,1
RET-000904,ORD-011122,2023-11-02,Size / Fit Issue,1
RET-000905,ORD-011126,2024-04-21,Size / Fit Issue,1
RET-000906,ORD-011145,2023-06-02,Defective / Damaged,1
RET-000907,ORD-011149,2023-07-17,Found Better Price,2
RET-000908,ORD-011167,2024-05-31,Late Delivery,2
RET-000909,ORD-011197,2023-06-14,Defective / Damaged,1
RET-000910,ORD-011221,2024-03-03,Wrong Item Delivered,2
RET-000911,ORD-011222,2023-06-08,Not as Described,1
RET-000912,ORD-011230,2023-06-10,Defective / Damaged,1
RET-000913,ORD-011235,2024-11-25,Changed Mind,1
RET-000914,ORD-011246,2023-06-12,Found Better Price,2
RET-000915,ORD-011250,2023-05-31,Changed Mind,1
RET-000916,ORD-011267,2025-07-02,Not as Described,2
RET-000917,ORD-011285,2023-06-02,Wrong Item Delivered,1
RET-000918,ORD-011311,2024-02-12,Late Delivery,2
RET-000919,ORD-011323,2024-04-27,Defective / Damaged,1
RET-000920,ORD-011324,2024-02-15,Found Better Price,4
RET-000921,ORD-011336,2025-06-21,Wrong Item Delivered,1
RET-000922,ORD-011343,2024-12-21,Changed Mind,1
RET-000923,ORD-011348,2024-11-10,Found Better Price,2
RET-000924,ORD-011373,2024-12-15,Size / Fit Issue,1
RET-000925,ORD-011382,2023-07-26,Size / Fit Issue,1
RET-000926,ORD-011383,2023-06-15,Not as Described,1
RET-000927,ORD-011394,2024-03-25,Defective / Damaged,1
RET-000928,ORD-011416,2024-06-07,Not as Described,3
RET-000929,ORD-011444,2025-08-10,Size / Fit Issue,3
RET-000930,ORD-011449,2023-11-29,Changed Mind,2
RET-000931,ORD-011456,2023-06-15,Changed Mind,1
RET-000932,ORD-011493,2023-06-02,Not as Described,1
RET-000933,ORD-011504,2025-05-06,Defective / Damaged,1
RET-000934,ORD-011509,2025-03-04,Size / Fit Issue,1
RET-000935,ORD-011551,2025-02-24,Late Delivery,1
RET-000936,ORD-011584,2023-09-10,Found Better Price,1
RET-000937,ORD-011592,2024-12-21,Wrong Item Delivered,1
RET-000938,ORD-011601,2024-10-21,Changed Mind,1
RET-000939,ORD-011602,2023-12-28,Not as Described,1
RET-000940,ORD-011607,2023-06-07,Changed Mind,1
RET-000941,ORD-011614,2024-02-15,Changed Mind,1
RET-000942,ORD-011621,2023-06-15,Late Delivery,2
RET-000943,ORD-011632,2024-06-25,Wrong Item Delivered,1
RET-000944,ORD-011638,2023-06-06,Missing Parts / Accessories,1
RET-000945,ORD-011651,2023-06-13,Changed Mind,1
RET-000946,ORD-011668,2025-02-16,Changed Mind,1
RET-000947,ORD-011673,2023-06-21,Late Delivery,1
RET-000948,ORD-011703,2023-06-05,Changed Mind,1
RET-000949,ORD-011705,2025-07-27,Late Delivery,1
RET-000950,ORD-011721,2025-01-14,Defective / Damaged,1
RET-000951,ORD-011752,2023-06-13,Size / Fit Issue,1
RET-000952,ORD-011758,2023-06-16,Not as Described,1
RET-000953,ORD-011788,2023-06-19,Changed Mind,2
RET-000954,ORD-011790,2024-09-27,Late Delivery,1
RET-000955,ORD-011801,2023-06-14,Defective / Damaged,1
RET-000956,ORD-011808,2025-06-13,Missing Parts / Accessories,2
RET-000957,ORD-011811,2024-03-02,Defective / Damaged,1
RET-000958,ORD-011817,2023-06-17,Size / Fit Issue,1
RET-000959,ORD-011851,2024-09-11,Late Delivery,1
RET-000960,ORD-011870,2025-01-15,Found Better Price,1
RET-000961,ORD-011873,2024-04-07,Defective / Damaged,1
RET-000962,ORD-011888,2023-06-22,Late Delivery,1
RET-000963,ORD-011904,2025-07-29,Not as Described,1
RET-000964,ORD-011909,2024-12-19,Not as Described,1
RET-000965,ORD-011910,2023-06-22,Changed Mind,1
RET-000966,ORD-011921,2024-05-01,Changed Mind,1
RET-000967,ORD-011925,2024-11-19,Defective / Damaged,1
RET-000968,ORD-011937,2024-12-08,Changed Mind,1
RET-000969,ORD-011946,2024-03-31,Found Better Price,1
RET-000970,ORD-011955,2023-06-11,Defective / Damaged,1
RET-000971,ORD-011959,2024-03-15,Wrong Item Delivered,1
RET-000972,ORD-011974,2023-06-17,Size / Fit Issue,1
RET-000973,ORD-011976,2024-01-17,Not as Described,1
RET-000974,ORD-011980,2024-04-10,Defective / Damaged,1
RET-000975,ORD-011991,2023-06-24,Wrong Item Delivered,1
RET-000976,ORD-011995,2025-01-02,Not as Described,1
RET-000977,ORD-012013,2023-06-22,Wrong Item Delivered,1
RET-000978,ORD-012025,2023-12-22,Late Delivery,1
RET-000979,ORD-012040,2024-03-01,Not as Described,3
RET-000980,ORD-012045,2023-07-15,Late Delivery,1
RET-000981,ORD-012059,2023-06-10,Not as Described,1
RET-000982,ORD-012073,2024-08-30,Not as Described,1
RET-000983,ORD-012080,2025-03-11,Changed Mind,2
RET-000984,ORD-012100,2024-05-24,Wrong Item Delivered,3
RET-000985,ORD-012106,2024-04-10,Size / Fit Issue,2
RET-000986,ORD-012122,2023-06-11,Not as Described,1
RET-000987,ORD-012167,2023-11-12,Size / Fit Issue,2
RET-000988,ORD-012183,2023-06-18,Found Better Price,1
RET-000989,ORD-012187,2023-06-27,Late Delivery,1
RET-000990,ORD-012210,2024-12-29,Late Delivery,1
RET-000991,ORD-012222,2024-04-26,Size / Fit Issue,2
RET-000992,ORD-012239,2023-06-13,Not as Described,1
RET-000993,ORD-012250,2023-06-28,Wrong Item Delivered,1
RET-000994,ORD-012266,2023-11-08,Size / Fit Issue,1
RET-000995,ORD-012267,2024-04-19,Found Better Price,1
RET-000996,ORD-012272,2023-06-17,Late Delivery,1
RET-000997,ORD-012276,2023-06-29,Changed Mind,1
RET-000998,ORD-012286,2024-05-07,Defective / Damaged,1
RET-000999,ORD-012293,2023-06-29,Not as Described,1
RET-001000,ORD-012298,2024-12-11,Found Better Price,1
RET-001001,ORD-012301,2024-03-05,Changed Mind,1
RET-001002,ORD-012318,2024-02-02,Late Delivery,1
RET-001003,ORD-012338,2024-05-30,Wrong Item Delivered,1
RET-001004,ORD-012348,2024-11-24,Defective / Damaged,1
RET-001005,ORD-012350,2025-01-29,Late Delivery,1
RET-001006,ORD-012358,2023-06-12,Size / Fit Issue,1
RET-001007,ORD-012362,2024-03-25,Late Delivery,1
RET-001008,ORD-012412,2023-08-19,Not as Described,1
RET-001009,ORD-012437,2024-10-24,Wrong Item Delivered,8
RET-001010,ORD-012461,2023-08-04,Wrong Item Delivered,1
RET-001011,ORD-012468,2024-08-15,Wrong Item Delivered,1
RET-001012,ORD-012479,2023-06-13,Defective / Damaged,1
RET-001013,ORD-012493,2023-06-30,Defective / Damaged,1
RET-001014,ORD-012505,2023-12-07,Late Delivery,1
RET-001015,ORD-012524,2023-06-19,Size / Fit Issue,1
RET-001017,ORD-012532,2023-07-11,Found Better Price,1
RET-001018,ORD-012535,2023-06-22,Not as Described,1
RET-001019,ORD-012560,2023-08-21,Changed Mind,2
RET-001020,ORD-012571,2025-04-11,Defective / Damaged,1
RET-001021,ORD-012572,2023-06-27,Late Delivery,2
RET-001022,ORD-012582,2023-06-19,Defective / Damaged,1
RET-001023,ORD-012587,2025-02-19,Found Better Price,1
RET-001024,ORD-012588,2024-12-10,Late Delivery,2
RET-001025,ORD-012597,2023-12-02,Not as Described,2
RET-001026,ORD-012609,2024-09-09,Wrong Item Delivered,1
RET-001027,ORD-012620,2025-08-18,Not as Described,1
RET-001028,ORD-012646,2023-06-29,Wrong Item Delivered,1
RET-001029,ORD-012658,2023-06-17,Late Delivery,3
RET-001030,ORD-012672,2024-12-26,Not as Described,1
RET-001031,ORD-012677,2024-06-06,Defective / Damaged,3
RET-001032,ORD-012680,2025-04-19,Changed Mind,1
RET-001033,ORD-012689,2025-05-24,Wrong Item Delivered,1
RET-001034,ORD-012695,2023-06-22,Changed Mind,1
RET-001035,ORD-012703,2023-06-21,Found Better Price,2
RET-001036,ORD-012711,2023-06-28,Defective / Damaged,1
RET-001037,ORD-012714,2024-07-22,Size / Fit Issue,1
RET-001038,ORD-012737,2025-07-08,Size / Fit Issue,1
RET-001039,ORD-012752,2023-07-04,Changed Mind,1
RET-001040,ORD-012754,2023-11-17,Wrong Item Delivered,2
RET-001041,ORD-012776,2025-03-30,Defective / Damaged,1
RET-001042,ORD-012798,2023-06-25,Changed Mind,1
RET-001043,ORD-012816,2023-06-19,Wrong Item Delivered,1
RET-001044,ORD-012822,2023-06-18,Late Delivery,1
RET-001045,ORD-012829,2024-10-12,Found Better Price,2
RET-001046,ORD-012835,2025-01-12,Changed Mind,1
RET-001047,ORD-012840,2023-07-04,Wrong Item Delivered,2
RET-001048,ORD-012854,2024-04-25,Wrong Item Delivered,1
RET-001049,ORD-012861,2023-11-14,Found Better Price,3
RET-001050,ORD-012867,2023-07-06,Not as Described,1
RET-001051,ORD-012918,2023-11-27,Defective / Damaged,1
RET-001052,ORD-012924,2023-06-29,Found Better Price,1
RET-001053,ORD-012936,2023-08-24,Wrong Item Delivered,1
RET-001054,ORD-012980,2023-07-02,Late Delivery,1
RET-001055,ORD-012984,2023-06-26,Defective / Damaged,1
RET-001056,ORD-013001,2023-07-07,Not as Described,2
RET-001057,ORD-013010,2023-06-27,Late Delivery,1
RET-001058,ORD-013038,2024-04-21,Defective / Damaged,3
RET-001059,ORD-013043,2023-07-08,Defective / Damaged,2
RET-001060,ORD-013045,2025-06-17,Late Delivery,1
RET-001061,ORD-013050,2024-10-09,Not as Described,1
RET-001062,ORD-013054,2023-06-28,Size / Fit Issue,1
RET-001063,ORD-013061,2025-07-26,Not as Described,1
RET-001064,ORD-013066,2025-06-05,Found Better Price,1
RET-001065,ORD-013079,2025-06-06,Late Delivery,1
RET-001066,ORD-013103,2023-06-21,Not as Described,1
RET-001067,ORD-013112,2023-06-26,Found Better Price,1
RET-001068,ORD-013170,2025-04-23,Late Delivery,1
RET-001069,ORD-013182,2023-06-29,Changed Mind,1
RET-001070,ORD-013194,2023-12-16,Not as Described,1
RET-001071,ORD-013209,2024-02-28,Late Delivery,1
RET-001072,ORD-013214,2025-01-28,Defective / Damaged,1
RET-001073,ORD-013227,2023-07-09,Defective / Damaged,1
RET-001074,ORD-013243,2023-06-30,Defective / Damaged,1
RET-001075,ORD-013245,2025-01-30,Defective / Damaged,1
RET-001076,ORD-013259,2025-07-04,Size / Fit Issue,1
RET-001077,ORD-013270,2023-06-23,Changed Mind,1
RET-001078,ORD-013271,2024-01-11,Late Delivery,1
RET-001079,ORD-013273,2023-11-05,Defective / Damaged,2
RET-001080,ORD-013274,2025-04-23,Not as Described,1
RET-001081,ORD-013279,2025-01-22,Changed Mind,1
RET-001082,ORD-013286,2023-06-29,Size / Fit Issue,1
RET-001083,ORD-013288,2024-12-25,Late Delivery,1
RET-001084,ORD-013289,2023-06-26,Changed Mind,1
RET-001085,ORD-013314,2025-06-21,Wrong Item Delivered,1
RET-001086,ORD-013339,2023-06-27,Size / Fit Issue,1
RET-001087,ORD-013348,2023-09-30,Reason Not Specified,1
RET-001088,ORD-013362,2023-06-30,Late Delivery,1
RET-001089,ORD-013375,2023-06-30,Not as Described,1
RET-001090,ORD-013381,2024-12-14,Size / Fit Issue,1
RET-001091,ORD-013384,2024-01-13,Not as Described,1
RET-001092,ORD-013396,2024-04-08,Size / Fit Issue,2
RET-001093,ORD-013411,2024-12-13,Found Better Price,2
RET-001094,ORD-013419,2023-07-09,Defective / Damaged,1
RET-001095,ORD-013421,2023-07-02,Found Better Price,1
RET-001096,ORD-013428,2023-06-30,Changed Mind,1
RET-001097,ORD-013430,2024-05-24,Defective / Damaged,8
RET-001098,ORD-013437,2024-08-16,Wrong Item Delivered,1
RET-001099,ORD-013439,2023-07-04,Found Better Price,1
RET-001100,ORD-013451,2025-01-07,Changed Mind,1
RET-001101,ORD-013457,2023-07-07,Late Delivery,1
RET-001102,ORD-013466,2024-11-22,Not as Described,1
RET-001103,ORD-013469,2023-06-28,Late Delivery,1
RET-001104,ORD-013472,2024-05-15,Changed Mind,1
RET-001105,ORD-013473,2023-07-03,Found Better Price,1
RET-001106,ORD-013478,2024-03-16,Not as Described,3
RET-001107,ORD-013498,2025-01-24,Size / Fit Issue,1
RET-001108,ORD-013509,2024-12-01,Late Delivery,1
RET-001109,ORD-013524,2025-03-13,Defective / Damaged,1
RET-001110,ORD-013528,2023-07-08,Wrong Item Delivered,2
RET-001111,ORD-013560,2023-07-06,Size / Fit Issue,2
RET-001112,ORD-013573,2025-03-06,Not as Described,3
RET-001113,ORD-013574,2024-12-25,Late Delivery,1
RET-001114,ORD-013583,2023-11-24,Missing Parts / Accessories,2
RET-001115,ORD-013587,2023-07-04,Defective / Damaged,1
RET-001116,ORD-013595,2023-07-02,Missing Parts / Accessories,1
RET-001117,ORD-013599,2024-12-12,Late Delivery,1
RET-001118,ORD-013616,2023-07-09,Found Better Price,1
RET-001119,ORD-013626,2023-07-09,Size / Fit Issue,2
RET-001120,ORD-013642,2024-12-17,Not as Described,2
RET-001121,ORD-013660,2023-10-17,Changed Mind,1
RET-001122,ORD-013704,2025-05-28,Changed Mind,1
RET-001123,ORD-013725,2023-12-01,Size / Fit Issue,1
RET-001124,ORD-013727,2024-06-07,Late Delivery,1
RET-001125,ORD-013756,2024-12-31,Defective / Damaged,2
RET-001126,ORD-013759,2023-07-11,Size / Fit Issue,1
RET-001127,ORD-013781,2024-09-29,Changed Mind,1
RET-001128,ORD-013795,2023-07-14,Changed Mind,1
RET-001129,ORD-013807,2023-07-01,Defective / Damaged,1
RET-001130,ORD-013825,2023-12-19,Found Better Price,1
RET-001131,ORD-013837,2023-07-17,Found Better Price,2
RET-001132,ORD-013842,2025-01-16,Late Delivery,1
RET-001133,ORD-013847,2023-09-08,Not as Described,1
RET-001134,ORD-013851,2024-05-26,Changed Mind,3
RET-001135,ORD-013856,2024-05-13,Wrong Item Delivered,1
RET-001136,ORD-013866,2024-06-18,Size / Fit Issue,2
RET-001137,ORD-013920,2024-06-23,Late Delivery,1
RET-001138,ORD-013970,2025-01-01,Size / Fit Issue,1
RET-001139,ORD-013980,2024-11-02,Changed Mind,1
RET-001140,ORD-014002,2023-07-16,Size / Fit Issue,2
RET-001141,ORD-014013,2024-11-18,Found Better Price,1
RET-001142,ORD-014044,2023-07-19,Missing Parts / Accessories,4
RET-001143,ORD-014054,2024-11-07,Size / Fit Issue,1
RET-001144,ORD-014087,2024-03-04,Size / Fit Issue,1
RET-001145,ORD-014097,2025-05-23,Not as Described,1
RET-001146,ORD-014106,2024-12-14,Late Delivery,1
RET-001147,ORD-014128,2023-07-15,Changed Mind,1
RET-001148,ORD-014138,2024-06-16,Not as Described,4
RET-001149,ORD-014139,2023-07-07,Changed Mind,1
RET-001150,ORD-014160,2024-10-04,Wrong Item Delivered,1
RET-001151,ORD-014164,2023-07-11,Defective / Damaged,1
RET-001152,ORD-014189,2025-02-06,Size / Fit Issue,1
RET-001153,ORD-014194,2023-12-16,Late Delivery,1
RET-001154,ORD-014198,2023-07-11,Size / Fit Issue,1
RET-001155,ORD-014238,2023-08-17,Size / Fit Issue,1
RET-001156,ORD-014246,2023-07-15,Not as Described,4
RET-001157,ORD-014281,2023-07-09,Size / Fit Issue,1
RET-001158,ORD-014284,2023-07-17,Changed Mind,1
RET-001159,ORD-014293,2024-04-01,Late Delivery,1
RET-001160,ORD-014313,2023-07-15,Defective / Damaged,1
RET-001161,ORD-014317,2024-11-14,Defective / Damaged,1
RET-001162,ORD-014339,2023-07-08,Missing Parts / Accessories,1
RET-001163,ORD-014340,2023-07-11,Size / Fit Issue,1
RET-001164,ORD-014344,2023-11-28,Late Delivery,1
RET-001165,ORD-014349,2024-07-17,Wrong Item Delivered,1
RET-001166,ORD-014380,2025-07-25,Wrong Item Delivered,3
RET-001167,ORD-014386,2023-07-08,Found Better Price,1
RET-001168,ORD-014388,2023-07-16,Late Delivery,1
RET-001169,ORD-014395,2023-07-21,Late Delivery,1
RET-001170,ORD-014403,2023-07-06,Changed Mind,1
RET-001171,ORD-014406,2023-09-16,Size / Fit Issue,2
RET-001172,ORD-014414,2023-07-10,Defective / Damaged,1
RET-001173,ORD-014437,2024-07-25,Wrong Item Delivered,1
RET-001174,ORD-014444,2025-01-06,Changed Mind,2
RET-001175,ORD-014455,2023-10-14,Late Delivery,1
RET-001176,ORD-014463,2025-03-15,Wrong Item Delivered,1
RET-001177,ORD-014468,2023-07-08,Not as Described,2
RET-001178,ORD-014494,2024-11-21,Changed Mind,1
RET-001179,ORD-014508,2023-07-14,Found Better Price,1
RET-001180,ORD-014557,2023-07-20,Size / Fit Issue,1
RET-001181,ORD-014575,2023-07-23,Changed Mind,1
RET-001182,ORD-014579,2025-05-02,Not as Described,1
RET-001183,ORD-014586,2023-10-13,Wrong Item Delivered,1
RET-001184,ORD-014645,2023-07-11,Not as Described,1
RET-001185,ORD-014646,2023-07-20,Wrong Item Delivered,1
RET-001186,ORD-014658,2024-07-28,Changed Mind,1
RET-001187,ORD-014686,2025-06-21,Defective / Damaged,2
RET-001188,ORD-014694,2024-03-13,Late Delivery,1
RET-001189,ORD-014699,2023-07-14,Not as Described,1
RET-001190,ORD-014706,2023-07-19,Defective / Damaged,8
RET-001191,ORD-014723,2023-07-16,Not as Described,1
RET-001192,ORD-014730,2023-07-16,Not as Described,1
RET-001193,ORD-014731,2024-08-05,Changed Mind,1
RET-001194,ORD-014751,2023-07-18,Late Delivery,1
RET-001195,ORD-014755,2025-02-22,Size / Fit Issue,1
RET-001196,ORD-014761,2023-07-23,Late Delivery,1
RET-001197,ORD-014766,2023-07-15,Changed Mind,1
RET-001198,ORD-014774,2024-01-02,Changed Mind,1
RET-001199,ORD-014776,2023-07-28,Not as Described,1
RET-001200,ORD-014787,2024-08-05,Defective / Damaged,1
RET-001201,ORD-014789,2023-07-27,Wrong Item Delivered,1
RET-001202,ORD-014804,2023-07-11,Changed Mind,3
RET-001203,ORD-014812,2024-12-12,Not as Described,1
RET-001204,ORD-014814,2023-07-24,Missing Parts / Accessories,3
RET-001205,ORD-014850,2023-07-15,Found Better Price,1
RET-001206,ORD-014859,2023-07-29,Found Better Price,1
RET-001207,ORD-014865,2024-10-31,Defective / Damaged,3
RET-001208,ORD-014869,2023-07-19,Changed Mind,1
RET-001209,ORD-014875,2023-07-24,Size / Fit Issue,1
RET-001210,ORD-014876,2024-05-10,Wrong Item Delivered,1
RET-001211,ORD-014891,2023-07-19,Changed Mind,1
RET-001212,ORD-014905,2023-07-25,Defective / Damaged,1
RET-001213,ORD-014916,2023-09-28,Size / Fit Issue,1
RET-001214,ORD-014917,2024-09-13,Size / Fit Issue,1
RET-001215,ORD-014923,2023-07-20,Late Delivery,2
RET-001216,ORD-014949,2023-07-24,Changed Mind,1
RET-001217,ORD-014960,2023-07-31,Wrong Item Delivered,1
RET-001218,ORD-014963,2023-08-24,Not as Described,1
RET-001219,ORD-014969,2025-06-10,Late Delivery,1
RET-001220,ORD-014976,2024-05-13,Not as Described,2
RET-001221,ORD-014984,2023-08-30,Size / Fit Issue,1
RET-001222,ORD-014985,2025-02-14,Changed Mind,1
RET-001223,ORD-014989,2024-07-23,Size / Fit Issue,1
RET-001224,ORD-014990,2025-05-25,Not as Described,1
RET-001225,ORD-015019,2023-10-19,Changed Mind,2
RET-001226,ORD-015024,2024-08-26,Late Delivery,1
RET-001227,ORD-015028,2023-09-23,Not as Described,1
RET-001228,ORD-015037,2025-05-25,Not as Described,1
RET-001229,ORD-015042,2024-01-18,Late Delivery,1
RET-001230,ORD-015047,2024-05-03,Missing Parts / Accessories,1
RET-001231,ORD-015053,2025-05-18,Wrong Item Delivered,4
RET-001232,ORD-015069,2024-08-13,Not as Described,1
RET-001233,ORD-015106,2023-07-20,Size / Fit Issue,2
RET-001234,ORD-015116,2024-04-17,Changed Mind,1
RET-001235,ORD-015146,2023-07-21,Changed Mind,1
RET-001236,ORD-015154,2024-12-28,Late Delivery,1
RET-001237,ORD-015159,2024-11-18,Found Better Price,1
RET-001238,ORD-015163,2023-07-16,Not as Described,1
RET-001239,ORD-015164,2024-12-04,Changed Mind,1
RET-001240,ORD-015179,2024-02-29,Changed Mind,1
RET-001241,ORD-015191,2023-07-20,Defective / Damaged,4
RET-001242,ORD-015200,2023-07-17,Changed Mind,3
RET-001243,ORD-015203,2024-05-07,Defective / Damaged,1
RET-001244,ORD-015213,2024-09-05,Wrong Item Delivered,3
RET-001245,ORD-015220,2024-11-09,Found Better Price,1
RET-001246,ORD-015226,2023-11-20,Wrong Item Delivered,1
RET-001247,ORD-015241,2024-02-23,Not as Described,1
RET-001248,ORD-015247,2023-07-30,Changed Mind,1
RET-001249,ORD-015248,2023-07-25,Size / Fit Issue,1
RET-001250,ORD-015253,2023-07-23,Size / Fit Issue,1
RET-001251,ORD-015258,2024-06-03,Defective / Damaged,1
RET-001252,ORD-015283,2023-07-17,Wrong Item Delivered,3
RET-001253,ORD-015304,2023-07-30,Found Better Price,1
RET-001254,ORD-015324,2024-08-27,Size / Fit Issue,1
RET-001255,ORD-015352,2025-05-27,Defective / Damaged,1
RET-001256,ORD-015361,2023-07-30,Size / Fit Issue,1
RET-001257,ORD-015362,2023-07-28,Late Delivery,1
RET-001258,ORD-015378,2023-08-02,Wrong Item Delivered,1
RET-001259,ORD-015392,2023-08-02,Changed Mind,1
RET-001260,ORD-015414,2025-02-10,Late Delivery,1
RET-001261,ORD-015416,2023-07-23,Late Delivery,2
RET-001262,ORD-015428,2025-07-30,Size / Fit Issue,3
RET-001263,ORD-015437,2023-12-02,Changed Mind,1
RET-001264,ORD-015441,2023-07-30,Not as Described,4
RET-001265,ORD-015442,2023-07-31,Late Delivery,1
RET-001266,ORD-015452,2024-01-15,Changed Mind,1
RET-001267,ORD-015453,2025-08-09,Not as Described,2
RET-001268,ORD-015463,2025-06-03,Wrong Item Delivered,1
RET-001269,ORD-015465,2024-12-04,Changed Mind,2
RET-001270,ORD-015472,2025-01-23,Late Delivery,1
RET-001271,ORD-015475,2025-01-03,Not as Described,1
RET-001272,ORD-015484,2023-08-19,Not as Described,1
RET-001273,ORD-015512,2025-04-10,Defective / Damaged,1
RET-001274,ORD-015522,2023-11-01,Defective / Damaged,1
RET-001275,ORD-015545,2024-06-30,Changed Mind,1
RET-001276,ORD-015549,2023-11-05,Changed Mind,1
RET-001277,ORD-015558,2024-12-01,Size / Fit Issue,1
RET-001278,ORD-015560,2023-07-23,Found Better Price,1
RET-001279,ORD-015566,2025-01-08,Size / Fit Issue,4
RET-001280,ORD-015589,2025-05-07,Found Better Price,1
RET-001281,ORD-015611,2023-08-07,Changed Mind,1
RET-001282,ORD-015618,2024-11-06,Found Better Price,1
RET-001283,ORD-015625,2025-05-29,Changed Mind,1
RET-001284,ORD-015627,2024-12-28,Not as Described,4
RET-001285,ORD-015629,2025-03-18,Not as Described,3
RET-001286,ORD-015640,2024-12-12,Not as Described,1
RET-001287,ORD-015647,2023-07-25,Found Better Price,1
RET-001288,ORD-015668,2025-07-17,Found Better Price,1
RET-001289,ORD-015675,2023-07-20,Wrong Item Delivered,1
RET-001290,ORD-015720,2025-07-08,Wrong Item Delivered,1
RET-001291,ORD-015725,2023-07-24,Defective / Damaged,1
RET-001292,ORD-015736,2024-11-30,Changed Mind,1
RET-001293,ORD-015746,2023-07-25,Changed Mind,1
RET-001294,ORD-015759,2024-04-23,Wrong Item Delivered,1
RET-001295,ORD-015766,2025-02-06,Not as Described,3
RET-001296,ORD-015780,2024-05-25,Changed Mind,3
RET-001297,ORD-015781,2025-04-03,Missing Parts / Accessories,3
RET-001298,ORD-015807,2023-07-23,Changed Mind,1
RET-001299,ORD-015808,2023-08-05,Not as Described,1
RET-001300,ORD-015813,2024-11-23,Late Delivery,1
RET-001301,ORD-015828,2023-08-01,Found Better Price,1
RET-001302,ORD-015844,2025-04-09,Size / Fit Issue,1
RET-001303,ORD-015875,2023-07-23,Changed Mind,1
RET-001304,ORD-015884,2023-10-05,Not as Described,1
RET-001305,ORD-015886,2023-11-09,Not as Described,1
RET-001306,ORD-015891,2023-07-30,Found Better Price,1
RET-001307,ORD-015923,2023-12-12,Not as Described,1
RET-001308,ORD-015925,2023-08-08,Defective / Damaged,1
RET-001309,ORD-015946,2023-08-06,Late Delivery,1
RET-001310,ORD-015977,2023-07-24,Missing Parts / Accessories,1
RET-001311,ORD-015990,2023-07-31,Wrong Item Delivered,3
RET-001312,ORD-016003,2025-05-06,Found Better Price,1
RET-001313,ORD-016006,2023-08-02,Size / Fit Issue,1
RET-001314,ORD-016025,2024-11-24,Not as Described,1
RET-001315,ORD-016029,2024-06-20,Not as Described,3
RET-001316,ORD-016042,2025-05-10,Defective / Damaged,1
RET-001317,ORD-016062,2025-06-23,Defective / Damaged,1
RET-001318,ORD-016073,2024-07-21,Wrong Item Delivered,1
RET-001319,ORD-016087,2025-04-05,Not as Described,1
RET-001320,ORD-016089,2023-08-06,Wrong Item Delivered,3
RET-001321,ORD-016111,2025-02-06,Late Delivery,1
RET-001322,ORD-016119,2023-08-08,Wrong Item Delivered,1
RET-001323,ORD-016120,2023-07-30,Changed Mind,1
RET-001324,ORD-016132,2024-08-09,Wrong Item Delivered,1
RET-001325,ORD-016134,2023-07-28,Found Better Price,1
RET-001326,ORD-016137,2024-11-02,Late Delivery,2
RET-001327,ORD-016143,2023-08-06,Found Better Price,1
RET-001328,ORD-016153,2024-02-07,Changed Mind,1
RET-001329,ORD-016157,2025-06-04,Wrong Item Delivered,1
RET-001330,ORD-016171,2023-07-29,Changed Mind,4
RET-001331,ORD-016172,2023-08-03,Changed Mind,1
RET-001332,ORD-016173,2023-09-12,Not as Described,1
RET-001333,ORD-016178,2023-11-21,Defective / Damaged,1
RET-001334,ORD-016181,2024-10-28,Defective / Damaged,1
RET-001335,ORD-016206,2024-02-05,Wrong Item Delivered,1
RET-001336,ORD-016210,2024-01-20,Not as Described,1
RET-001337,ORD-016214,2023-10-04,Size / Fit Issue,1
RET-001338,ORD-016216,2023-10-03,Defective / Damaged,2
RET-001339,ORD-016233,2024-11-28,Defective / Damaged,1
RET-001340,ORD-016235,2025-05-30,Late Delivery,1
RET-001341,ORD-016236,2024-11-29,Found Better Price,1
RET-001342,ORD-016241,2023-10-26,Found Better Price,1
RET-001343,ORD-016246,2024-11-12,Changed Mind,1
RET-001344,ORD-016261,2023-07-27,Wrong Item Delivered,2
RET-001345,ORD-016264,2024-05-28,Defective / Damaged,1
RET-001346,ORD-016266,2023-08-01,Found Better Price,1
RET-001347,ORD-016278,2023-10-21,Found Better Price,1
RET-001348,ORD-016283,2025-06-28,Late Delivery,1
RET-001349,ORD-016285,2025-02-16,Not as Described,1
RET-001350,ORD-016289,2023-08-15,Late Delivery,1
RET-001351,ORD-016294,2024-06-17,Defective / Damaged,1
RET-001352,ORD-016298,2023-08-01,Defective / Damaged,3
RET-001353,ORD-016315,2024-08-27,Found Better Price,1
RET-001354,ORD-016322,2023-08-12,Late Delivery,1
RET-001355,ORD-016339,2023-08-06,Defective / Damaged,1
RET-001356,ORD-016341,2023-08-06,Wrong Item Delivered,1
RET-001357,ORD-016371,2023-08-08,Changed Mind,1
RET-001358,ORD-016409,2025-01-05,Size / Fit Issue,1
RET-001359,ORD-016413,2025-05-06,Size / Fit Issue,1
RET-001360,ORD-016414,2023-12-11,Found Better Price,2
RET-001361,ORD-016416,2025-02-01,Size / Fit Issue,1
RET-001362,ORD-016436,2025-02-07,Wrong Item Delivered,1
RET-001363,ORD-016442,2023-08-04,Defective / Damaged,1
RET-001364,ORD-016454,2023-08-09,Size / Fit Issue,1
RET-001365,ORD-016466,2024-12-26,Defective / Damaged,1
RET-001366,ORD-016468,2023-11-25,Not as Described,2
RET-001367,ORD-016492,2023-07-31,Missing Parts / Accessories,1
RET-001368,ORD-016493,2023-08-11,Not as Described,1
RET-001369,ORD-016503,2023-08-09,Wrong Item Delivered,1
RET-001370,ORD-016507,2023-08-11,Wrong Item Delivered,1
RET-001371,ORD-016539,2023-12-12,Size / Fit Issue,1
RET-001372,ORD-016540,2023-08-15,Not as Described,1
RET-001373,ORD-016560,2023-11-02,Changed Mind,2
RET-001374,ORD-016579,2023-08-09,Changed Mind,1
RET-001375,ORD-016584,2025-07-02,Late Delivery,1
RET-001376,ORD-016588,2023-08-03,Wrong Item Delivered,1
RET-001377,ORD-016595,2024-02-01,Defective / Damaged,1
RET-001378,ORD-016599,2024-11-23,Late Delivery,1
RET-001379,ORD-016603,2023-09-17,Missing Parts / Accessories,1
RET-001380,ORD-016632,2023-10-01,Defective / Damaged,4
RET-001381,ORD-016646,2023-08-07,Late Delivery,3
RET-001382,ORD-016658,2023-08-19,Late Delivery,1
RET-001383,ORD-016665,2024-03-31,Size / Fit Issue,1
RET-001384,ORD-016670,2025-01-01,Not as Described,1
RET-001385,ORD-016674,2023-08-11,Found Better Price,1
RET-001386,ORD-016681,2024-07-14,Late Delivery,1
RET-001387,ORD-016682,2023-08-17,Wrong Item Delivered,1
RET-001388,ORD-016683,2025-03-05,Changed Mind,1
RET-001389,ORD-016687,2023-08-15,Wrong Item Delivered,1
RET-001390,ORD-016712,2024-06-05,Found Better Price,1
RET-001391,ORD-016717,2025-07-08,Defective / Damaged,1
RET-001392,ORD-016743,2023-08-15,Wrong Item Delivered,1
RET-001393,ORD-016759,2023-08-16,Size / Fit Issue,1
RET-001394,ORD-016768,2023-08-07,Size / Fit Issue,1
RET-001395,ORD-016777,2023-08-06,Changed Mind,1
RET-001396,ORD-016781,2023-08-17,Changed Mind,1
RET-001397,ORD-016794,2024-02-05,Found Better Price,1
RET-001398,ORD-016796,2023-08-15,Changed Mind,1
RET-001399,ORD-016807,2025-05-31,Wrong Item Delivered,1
RET-001400,ORD-016814,2024-01-01,Late Delivery,1
RET-001401,ORD-016832,2025-07-04,Late Delivery,5
RET-001402,ORD-016849,2023-11-23,Changed Mind,1
RET-001403,ORD-016868,2023-08-11,Missing Parts / Accessories,1
RET-001404,ORD-016872,2025-06-15,Defective / Damaged,1
RET-001405,ORD-016886,2023-08-06,Found Better Price,1
RET-001406,ORD-016893,2024-06-05,Not as Described,1
RET-001407,ORD-016917,2023-08-07,Size / Fit Issue,3
RET-001408,ORD-016919,2023-08-05,Missing Parts / Accessories,1
RET-001409,ORD-016924,2024-08-22,Late Delivery,1
RET-001410,ORD-016958,2025-06-30,Changed Mind,1
RET-001411,ORD-016973,2023-08-22,Late Delivery,2
RET-001412,ORD-016979,2024-04-26,Not as Described,1
RET-001413,ORD-016995,2024-10-15,Changed Mind,2
RET-001414,ORD-017012,2024-07-15,Changed Mind,1
RET-001415,ORD-017023,2023-08-13,Defective / Damaged,1
RET-001416,ORD-017025,2023-08-19,Wrong Item Delivered,1
RET-001417,ORD-017028,2023-08-20,Found Better Price,1
RET-001418,ORD-017030,2023-08-16,Wrong Item Delivered,2
RET-001419,ORD-017051,2024-05-08,Changed Mind,1
RET-001420,ORD-017053,2025-01-31,Size / Fit Issue,3
RET-001421,ORD-017057,2024-12-19,Defective / Damaged,1
RET-001422,ORD-017073,2024-03-17,Defective / Damaged,1
RET-001423,ORD-017080,2023-08-13,Late Delivery,1
RET-001424,ORD-017092,2024-01-15,Changed Mind,1
RET-001425,ORD-017103,2024-06-10,Wrong Item Delivered,1
RET-001426,ORD-017104,2024-04-21,Wrong Item Delivered,1
RET-001427,ORD-017111,2023-08-23,Wrong Item Delivered,1
RET-001428,ORD-017133,2024-05-17,Changed Mind,1
RET-001429,ORD-017135,2024-02-29,Late Delivery,1
RET-001430,ORD-017138,2023-08-22,Defective / Damaged,4
RET-001431,ORD-017156,2025-01-17,Size / Fit Issue,1
RET-001432,ORD-017169,2025-08-14,Defective / Damaged,1
RET-001433,ORD-017170,2024-07-24,Late Delivery,2
RET-001434,ORD-017200,2023-08-19,Not as Described,1
RET-001435,ORD-017202,2024-10-14,Not as Described,1
RET-001436,ORD-017215,2024-12-28,Size / Fit Issue,2
RET-001437,ORD-017225,2024-02-27,Found Better Price,2
RET-001438,ORD-017243,2023-08-14,Wrong Item Delivered,1
RET-001439,ORD-017245,2023-08-19,Not as Described,1
RET-001440,ORD-017249,2024-01-03,Late Delivery,1
RET-001441,ORD-017256,2024-12-01,Wrong Item Delivered,2
RET-001442,ORD-017275,2023-08-19,Not as Described,1
RET-001443,ORD-017279,2025-04-07,Changed Mind,1
RET-001444,ORD-017283,2024-01-05,Late Delivery,1
RET-001445,ORD-017286,2025-01-31,Defective / Damaged,1
RET-001446,ORD-017293,2024-01-21,Changed Mind,1
RET-001447,ORD-017305,2025-01-28,Missing Parts / Accessories,2
RET-001448,ORD-017323,2025-06-17,Size / Fit Issue,1
RET-001449,ORD-017349,2023-08-26,Changed Mind,2
RET-001450,ORD-017354,2023-08-08,Changed Mind,2
RET-001451,ORD-017365,2024-12-06,Late Delivery,2
RET-001452,ORD-017415,2024-03-25,Size / Fit Issue,1
RET-001453,ORD-017431,2023-08-25,Size / Fit Issue,1
RET-001454,ORD-017434,2024-08-20,Not as Described,1
RET-001455,ORD-017435,2024-11-26,Late Delivery,1
RET-001456,ORD-017464,2023-08-11,Wrong Item Delivered,1
RET-001457,ORD-017477,2023-08-18,Changed Mind,1
RET-001458,ORD-017480,2025-02-11,Wrong Item Delivered,1
RET-001459,ORD-017488,2024-02-07,Not as Described,1
RET-001460,ORD-017492,2025-03-30,Defective / Damaged,1
RET-001461,ORD-017493,2023-08-22,Size / Fit Issue,2
RET-001462,ORD-017497,2025-07-28,Wrong Item Delivered,1
RET-001463,ORD-017519,2023-08-17,Late Delivery,2
RET-001464,ORD-017540,2023-08-10,Not as Described,3
RET-001465,ORD-017548,2023-11-20,Size / Fit Issue,1
RET-001466,ORD-017558,2023-08-11,Not as Described,1
RET-001467,ORD-017565,2025-01-18,Size / Fit Issue,1
RET-001468,ORD-017620,2024-03-25,Missing Parts / Accessories,1
RET-001469,ORD-017628,2023-08-16,Wrong Item Delivered,1
RET-001470,ORD-017630,2023-08-17,Changed Mind,1
RET-001471,ORD-017648,2025-07-08,Changed Mind,2
RET-001472,ORD-017656,2023-08-12,Wrong Item Delivered,1
RET-001473,ORD-017657,2023-08-13,Defective / Damaged,1
RET-001474,ORD-017660,2024-02-28,Not as Described,1
RET-001475,ORD-017663,2023-08-24,Size / Fit Issue,1
RET-001476,ORD-017677,2025-07-19,Size / Fit Issue,4
RET-001477,ORD-017686,2023-08-26,Changed Mind,1
RET-001478,ORD-017689,2023-08-22,Not as Described,1
RET-001479,ORD-017697,2024-02-02,Size / Fit Issue,1
RET-001480,ORD-017733,2023-08-19,Changed Mind,1
RET-001481,ORD-017747,2025-02-10,Found Better Price,1
RET-001482,ORD-017754,2023-08-26,Found Better Price,2
RET-001483,ORD-017790,2023-08-15,Changed Mind,1
RET-001484,ORD-017797,2023-08-17,Size / Fit Issue,1
RET-001485,ORD-017819,2024-08-29,Wrong Item Delivered,1
RET-001486,ORD-017825,2023-09-24,Defective / Damaged,1
RET-001487,ORD-017834,2023-08-25,Wrong Item Delivered,1
RET-001488,ORD-017858,2023-08-21,Defective / Damaged,1
RET-001489,ORD-017881,2023-08-27,Wrong Item Delivered,1
RET-001490,ORD-017883,2023-12-07,Found Better Price,1
RET-001491,ORD-017894,2024-10-03,Not as Described,1
RET-001492,ORD-017897,2023-10-23,Changed Mind,1
RET-001493,ORD-017927,2024-03-23,Not as Described,1
RET-001494,ORD-017931,2023-12-24,Size / Fit Issue,1
RET-001495,ORD-017932,2024-05-02,Late Delivery,1
RET-001496,ORD-017934,2024-08-03,Not as Described,1
RET-001497,ORD-017939,2023-12-17,Late Delivery,1
RET-001498,ORD-017944,2024-09-20,Not as Described,1
RET-001499,ORD-017945,2023-08-17,Late Delivery,1
RET-001500,ORD-017947,2023-11-28,Late Delivery,1
RET-001501,ORD-017961,2025-01-14,Not as Described,1
RET-001502,ORD-017972,2023-09-01,Size / Fit Issue,2
RET-001503,ORD-017973,2025-01-09,Defective / Damaged,1
RET-001504,ORD-017977,2023-08-31,Wrong Item Delivered,2
RET-001505,ORD-017992,2024-12-27,Size / Fit Issue,1
RET-001506,ORD-018000,2024-07-04,Late Delivery,1
RET-001507,ORD-018003,2024-04-18,Found Better Price,1
RET-001508,ORD-018005,2023-10-17,Late Delivery,1
RET-001509,ORD-018009,2024-09-29,Late Delivery,1
RET-001510,ORD-018015,2023-08-17,Size / Fit Issue,1
RET-001511,ORD-018028,2025-05-25,Found Better Price,1
RET-001512,ORD-018029,2023-08-27,Missing Parts / Accessories,3
RET-001513,ORD-018030,2024-05-28,Late Delivery,1
RET-001514,ORD-018033,2024-03-09,Not as Described,2
RET-001515,ORD-018067,2024-01-12,Not as Described,1
RET-001516,ORD-018100,2024-12-13,Changed Mind,1
RET-001517,ORD-018109,2023-11-08,Late Delivery,1
RET-001518,ORD-018120,2023-08-19,Changed Mind,1
RET-001519,ORD-018121,2023-08-25,Defective / Damaged,2
RET-001520,ORD-018139,2025-06-21,Found Better Price,1
RET-001521,ORD-018148,2024-08-08,Late Delivery,1
RET-001522,ORD-018159,2024-02-12,Late Delivery,1
RET-001523,ORD-018171,2024-08-01,Not as Described,1
RET-001524,ORD-018172,2024-12-24,Not as Described,2
RET-001525,ORD-018182,2023-08-19,Wrong Item Delivered,1
RET-001526,ORD-018188,2025-02-11,Late Delivery,4
RET-001527,ORD-018209,2023-08-26,Changed Mind,1
RET-001528,ORD-018213,2023-08-28,Changed Mind,3
RET-001529,ORD-018219,2023-08-20,Found Better Price,1
RET-001530,ORD-018240,2024-06-25,Size / Fit Issue,5
RET-001531,ORD-018244,2025-05-26,Defective / Damaged,1
RET-001532,ORD-018261,2023-08-28,Not as Described,1
RET-001533,ORD-018276,2024-01-08,Found Better Price,1
RET-001534,ORD-018278,2024-02-18,Missing Parts / Accessories,1
RET-001535,ORD-018294,2024-01-16,Changed Mind,1
RET-001536,ORD-018308,2023-08-24,Late Delivery,1
RET-001537,ORD-018311,2024-12-02,Wrong Item Delivered,1
RET-001538,ORD-018319,2023-08-27,Wrong Item Delivered,1
RET-001539,ORD-018351,2023-09-01,Missing Parts / Accessories,1
RET-001540,ORD-018361,2023-09-02,Found Better Price,1
RET-001541,ORD-018370,2024-10-19,Size / Fit Issue,1
RET-001542,ORD-018374,2023-10-25,Changed Mind,2
RET-001543,ORD-018377,2023-08-23,Found Better Price,1
RET-001544,ORD-018407,2024-10-17,Defective / Damaged,2
RET-001545,ORD-018417,2024-11-23,Late Delivery,1
RET-001546,ORD-018419,2023-08-29,Size / Fit Issue,1
RET-001547,ORD-018447,2024-11-25,Defective / Damaged,1
RET-001548,ORD-018465,2024-01-10,Found Better Price,1
RET-001549,ORD-018481,2025-01-27,Changed Mind,2
RET-001550,ORD-018484,2025-03-27,Changed Mind,1
RET-001551,ORD-018492,2023-08-28,Changed Mind,1
RET-001552,ORD-018494,2023-09-05,Late Delivery,1
RET-001553,ORD-018509,2023-12-12,Found Better Price,1
RET-001554,ORD-018514,2024-11-27,Not as Described,1
RET-001555,ORD-018521,2023-09-03,Wrong Item Delivered,1
RET-001556,ORD-018523,2023-12-19,Late Delivery,1
RET-001557,ORD-018524,2024-04-29,Size / Fit Issue,1
RET-001558,ORD-018537,2023-08-30,Changed Mind,1
RET-001559,ORD-018545,2023-09-01,Changed Mind,1
RET-001560,ORD-018551,2023-09-04,Wrong Item Delivered,1
RET-001561,ORD-018557,2024-09-17,Not as Described,1
RET-001562,ORD-018584,2024-08-07,Changed Mind,3
RET-001563,ORD-018591,2023-08-22,Found Better Price,1
RET-001564,ORD-018605,2025-04-01,Not as Described,1
RET-001565,ORD-018606,2023-08-30,Late Delivery,1
RET-001566,ORD-018614,2024-01-12,Late Delivery,1
RET-001567,ORD-018625,2024-02-02,Not as Described,2
RET-001568,ORD-018626,2023-08-24,Changed Mind,2
RET-001569,ORD-018628,2023-08-24,Found Better Price,1
RET-001570,ORD-018632,2024-12-22,Wrong Item Delivered,1
RET-001571,ORD-018633,2025-03-30,Found Better Price,1
RET-001572,ORD-018679,2023-08-21,Late Delivery,1
RET-001573,ORD-018683,2023-08-21,Changed Mind,1
RET-001574,ORD-018687,2023-08-24,Found Better Price,1
RET-001575,ORD-018695,2024-08-02,Late Delivery,1
RET-001576,ORD-018729,2025-03-15,Found Better Price,1
RET-001577,ORD-018733,2023-09-07,Not as Described,1
RET-001578,ORD-018752,2023-08-22,Defective / Damaged,1
RET-001579,ORD-018753,2024-05-27,Changed Mind,1
RET-001580,ORD-018762,2023-09-07,Changed Mind,1
RET-001581,ORD-018766,2023-09-09,Not as Described,1
RET-001582,ORD-018768,2023-08-24,Wrong Item Delivered,1
RET-001583,ORD-018780,2023-09-04,Size / Fit Issue,1
RET-001584,ORD-018785,2023-12-13,Late Delivery,1
RET-001585,ORD-018797,2024-09-28,Not as Described,1
RET-001586,ORD-018825,2025-02-18,Wrong Item Delivered,1
RET-001587,ORD-018827,2023-09-03,Late Delivery,1
RET-001588,ORD-018833,2023-09-07,Late Delivery,1
RET-001589,ORD-018849,2024-09-03,Not as Described,1
RET-001590,ORD-018860,2023-09-03,Changed Mind,1
RET-001591,ORD-018868,2024-02-12,Not as Described,1
RET-001592,ORD-018869,2024-01-06,Wrong Item Delivered,1
RET-001593,ORD-018880,2024-08-27,Late Delivery,1
RET-001594,ORD-018915,2023-08-31,Changed Mind,1
RET-001595,ORD-018924,2023-09-03,Changed Mind,1
RET-001596,ORD-018944,2025-07-30,Defective / Damaged,3
RET-001597,ORD-018953,2023-09-07,Changed Mind,1
RET-001598,ORD-018962,2023-09-07,Size / Fit Issue,1
RET-001599,ORD-018980,2024-11-18,Wrong Item Delivered,3
RET-001600,ORD-018998,2023-09-03,Size / Fit Issue,3
RET-001601,ORD-019037,2024-07-11,Changed Mind,1
RET-001602,ORD-019039,2023-08-26,Size / Fit Issue,1
RET-001603,ORD-019065,2023-09-06,Wrong Item Delivered,1
RET-001604,ORD-019072,2023-09-03,Not as Described,1
RET-001605,ORD-019096,2024-12-13,Late Delivery,1
RET-001606,ORD-019100,2023-09-11,Wrong Item Delivered,1
RET-001607,ORD-019115,2023-08-29,Defective / Damaged,1
RET-001608,ORD-019130,2024-11-02,Changed Mind,4
RET-001609,ORD-019134,2023-08-27,Size / Fit Issue,2
RET-001610,ORD-019141,2023-09-10,Defective / Damaged,1
RET-001611,ORD-019156,2023-09-11,Found Better Price,1
RET-001612,ORD-019162,2023-11-19,Wrong Item Delivered,1
RET-001613,ORD-019173,2025-02-06,Size / Fit Issue,1
RET-001614,ORD-019188,2023-08-26,Changed Mind,1
RET-001615,ORD-019204,2023-09-13,Wrong Item Delivered,1
RET-001616,ORD-019223,2023-09-01,Changed Mind,1
RET-001617,ORD-019226,2023-11-11,Defective / Damaged,1
RET-001618,ORD-019228,2024-04-24,Size / Fit Issue,8
RET-001619,ORD-019232,2025-06-26,Defective / Damaged,1
RET-001620,ORD-019265,2023-08-29,Changed Mind,2
RET-001621,ORD-019270,2024-07-25,Wrong Item Delivered,1
RET-001622,ORD-019282,2023-09-02,Not as Described,2
RET-001623,ORD-019285,2023-09-04,Not as Described,1
RET-001624,ORD-019321,2023-08-28,Found Better Price,1
RET-001625,ORD-019330,2024-03-11,Changed Mind,1
RET-001626,ORD-019364,2024-12-31,Not as Described,1
RET-001627,ORD-019366,2023-09-13,Defective / Damaged,1
RET-001628,ORD-019371,2024-11-28,Size / Fit Issue,2
RET-001629,ORD-019377,2023-12-10,Late Delivery,1
RET-001630,ORD-019392,2025-05-06,Defective / Damaged,1
RET-001631,ORD-019435,2023-09-04,Defective / Damaged,2
RET-001632,ORD-019441,2024-07-23,Late Delivery,1
RET-001633,ORD-019462,2023-09-15,Found Better Price,1
RET-001634,ORD-019465,2023-12-12,Wrong Item Delivered,1
RET-001635,ORD-019472,2025-06-18,Changed Mind,1
RET-001636,ORD-019486,2023-09-13,Not as Described,2
RET-001637,ORD-019496,2023-08-31,Not as Described,5
RET-001638,ORD-019499,2023-09-04,Defective / Damaged,1
RET-001639,ORD-019505,2023-09-14,Size / Fit Issue,1
RET-001640,ORD-019508,2023-09-08,Defective / Damaged,1
RET-001641,ORD-019513,2023-09-14,Size / Fit Issue,1
RET-001642,ORD-019520,2025-05-22,Late Delivery,1
RET-001643,ORD-019525,2023-08-30,Size / Fit Issue,1
RET-001644,ORD-019552,2025-01-07,Wrong Item Delivered,2
RET-001645,ORD-019602,2023-09-07,Not as Described,3
RET-001646,ORD-019616,2024-12-08,Not as Described,1
RET-001647,ORD-019665,2024-05-06,Defective / Damaged,1
RET-001648,ORD-019667,2023-09-05,Defective / Damaged,1
RET-001649,ORD-019671,2025-06-27,Defective / Damaged,1
RET-001650,ORD-019692,2023-09-12,Changed Mind,2
RET-001651,ORD-019700,2023-09-04,Not as Described,1
RET-001652,ORD-019703,2023-09-14,Found Better Price,1
RET-001653,ORD-019710,2024-08-16,Missing Parts / Accessories,1
RET-001654,ORD-019741,2024-02-29,Size / Fit Issue,1
RET-001655,ORD-019752,2023-09-05,Wrong Item Delivered,1
RET-001656,ORD-019756,2023-09-17,Wrong Item Delivered,1
RET-001657,ORD-019757,2023-09-11,Late Delivery,1
RET-001658,ORD-019763,2025-02-15,Not as Described,2
RET-001659,ORD-019777,2023-09-01,Found Better Price,1
RET-001660,ORD-019818,2023-12-16,Late Delivery,1
RET-001661,ORD-019838,2024-03-01,Wrong Item Delivered,1
RET-001662,ORD-019864,2025-02-11,Not as Described,2
RET-001663,ORD-019870,2023-09-06,Changed Mind,2
RET-001664,ORD-019874,2024-04-18,Size / Fit Issue,3
RET-001665,ORD-019881,2023-09-15,Missing Parts / Accessories,1
RET-001666,ORD-019899,2025-03-15,Changed Mind,3
RET-001667,ORD-019902,2023-09-09,Size / Fit Issue,1
RET-001668,ORD-019911,2024-06-24,Wrong Item Delivered,1
RET-001669,ORD-019973,2023-09-04,Size / Fit Issue,1
RET-001670,ORD-019983,2023-09-21,Late Delivery,1
RET-001671,ORD-019988,2025-03-06,Not as Described,3
RET-001672,ORD-019992,2025-01-03,Changed Mind,2
RET-001673,ORD-019998,2024-06-03,Not as Described,4
RET-001674,ORD-020011,2025-04-25,Late Delivery,3
RET-001675,ORD-020021,2023-09-17,Not as Described,1
RET-001676,ORD-020023,2024-04-11,Late Delivery,3
RET-001677,ORD-020026,2024-06-18,Size / Fit Issue,1
RET-001678,ORD-020039,2025-06-24,Changed Mind,1
RET-001679,ORD-020049,2024-04-21,Size / Fit Issue,1
RET-001680,ORD-020059,2025-07-18,Size / Fit Issue,1
RET-001681,ORD-020062,2023-09-08,Found Better Price,1
RET-001682,ORD-020069,2024-04-12,Size / Fit Issue,1
RET-001683,ORD-020074,2023-09-19,Size / Fit Issue,1
RET-001684,ORD-020082,2025-01-17,Wrong Item Delivered,1
RET-001685,ORD-020087,2023-09-07,Found Better Price,3
RET-001686,ORD-020090,2024-01-09,Defective / Damaged,3
RET-001687,ORD-020099,2023-09-12,Not as Described,1
RET-001688,ORD-020176,2023-09-11,Size / Fit Issue,1
RET-001689,ORD-020183,2023-09-05,Defective / Damaged,1
RET-001690,ORD-020186,2025-06-09,Wrong Item Delivered,1
RET-001691,ORD-020193,2023-09-14,Changed Mind,1
RET-001692,ORD-020197,2023-09-16,Changed Mind,1
RET-001693,ORD-020209,2023-09-20,Size / Fit Issue,1
RET-001694,ORD-020212,2024-04-30,Wrong Item Delivered,1
RET-001695,ORD-020215,2023-09-18,Not as Described,1
RET-001696,ORD-020217,2025-01-07,Late Delivery,1
RET-001697,ORD-020218,2024-12-07,Wrong Item Delivered,2
RET-001698,ORD-020227,2023-09-17,Not as Described,1
RET-001699,ORD-020251,2024-12-31,Late Delivery,1
RET-001700,ORD-020252,2023-09-06,Changed Mind,1
RET-001701,ORD-020261,2024-05-06,Not as Described,1
RET-001702,ORD-020262,2023-09-16,Defective / Damaged,1
RET-001703,ORD-020280,2023-09-22,Not as Described,1
RET-001704,ORD-020321,2023-09-20,Late Delivery,1
RET-001705,ORD-020337,2023-09-11,Changed Mind,1
RET-001706,ORD-020339,2024-11-01,Defective / Damaged,1
RET-001707,ORD-020366,2023-09-08,Changed Mind,1
RET-001708,ORD-020370,2023-09-22,Defective / Damaged,1
RET-001709,ORD-020381,2023-09-19,Wrong Item Delivered,1
RET-001710,ORD-020389,2023-09-11,Not as Described,2
RET-001711,ORD-020450,2023-09-16,Found Better Price,3
RET-001712,ORD-020456,2023-09-12,Changed Mind,1
RET-001713,ORD-020491,2023-10-19,Wrong Item Delivered,1
RET-001714,ORD-020498,2023-12-11,Wrong Item Delivered,1
RET-001715,ORD-020517,2023-09-19,Wrong Item Delivered,2
RET-001716,ORD-020523,2023-09-19,Changed Mind,1
RET-001717,ORD-020542,2024-12-27,Late Delivery,1
RET-001718,ORD-020552,2024-02-17,Changed Mind,1
RET-001719,ORD-020558,2023-09-26,Missing Parts / Accessories,1
RET-001720,ORD-020563,2024-11-11,Not as Described,1
RET-001721,ORD-020589,2023-09-22,Defective / Damaged,1
RET-001722,ORD-020621,2024-10-25,Changed Mind,1
RET-001723,ORD-020632,2025-04-23,Size / Fit Issue,1
RET-001724,ORD-020638,2024-12-20,Found Better Price,1
RET-001725,ORD-020652,2023-09-25,Not as Described,1
RET-001726,ORD-020653,2023-09-23,Changed Mind,1
RET-001727,ORD-020665,2024-02-28,Defective / Damaged,1
RET-001728,ORD-020679,2024-12-11,Not as Described,2
RET-001729,ORD-020680,2023-09-22,Late Delivery,2
RET-001730,ORD-020687,2025-05-17,Defective / Damaged,1
RET-001731,ORD-020699,2024-12-16,Late Delivery,1
RET-001732,ORD-020704,2025-01-31,Defective / Damaged,1
RET-001733,ORD-020712,2024-03-25,Defective / Damaged,2
RET-001734,ORD-020717,2024-10-01,Wrong Item Delivered,1
RET-001735,ORD-020720,2023-09-20,Not as Described,2
RET-001736,ORD-020750,2023-09-20,Late Delivery,1
RET-001737,ORD-020754,2023-09-29,Defective / Damaged,1
RET-001738,ORD-020756,2025-04-11,Wrong Item Delivered,2
RET-001739,ORD-020778,2023-09-15,Not as Described,1
RET-001740,ORD-020785,2023-10-18,Not as Described,1
RET-001741,ORD-020810,2024-01-25,Wrong Item Delivered,1
RET-001742,ORD-020830,2023-09-16,Missing Parts / Accessories,1
RET-001743,ORD-020893,2024-01-02,Found Better Price,1
RET-001744,ORD-020896,2023-09-29,Size / Fit Issue,1
RET-001745,ORD-020906,2024-07-10,Late Delivery,1
RET-001746,ORD-020911,2023-09-15,Late Delivery,1
RET-001747,ORD-020915,2025-02-01,Changed Mind,1
RET-001748,ORD-020925,2023-09-19,Found Better Price,1
RET-001749,ORD-020933,2024-10-04,Found Better Price,1
RET-001750,ORD-020935,2023-09-16,Defective / Damaged,1
RET-001751,ORD-020940,2024-09-13,Changed Mind,2
RET-001752,ORD-020966,2024-06-11,Late Delivery,1
RET-001753,ORD-020970,2023-09-26,Defective / Damaged,1
RET-001754,ORD-020988,2023-09-20,Defective / Damaged,1
RET-001755,ORD-021005,2024-08-26,Late Delivery,1
RET-001756,ORD-021008,2023-09-21,Changed Mind,2
RET-001757,ORD-021012,2023-11-30,Defective / Damaged,1
RET-001758,ORD-021061,2025-03-29,Not as Described,1
RET-001759,ORD-021092,2023-09-25,Size / Fit Issue,1
RET-001760,ORD-021102,2023-09-25,Late Delivery,1
RET-001761,ORD-021106,2023-09-20,Size / Fit Issue,1
RET-001762,ORD-021114,2024-11-07,Late Delivery,1
RET-001763,ORD-021120,2025-02-28,Defective / Damaged,1
RET-001764,ORD-021121,2024-08-07,Size / Fit Issue,1
RET-001765,ORD-021177,2023-09-18,Late Delivery,1
RET-001766,ORD-021182,2023-11-05,Size / Fit Issue,1
RET-001767,ORD-021195,2023-09-22,Wrong Item Delivered,1
RET-001768,ORD-021198,2023-10-03,Not as Described,1
RET-001769,ORD-021214,2024-11-26,Defective / Damaged,1
RET-001770,ORD-021224,2023-09-17,Not as Described,2
RET-001771,ORD-021234,2025-05-13,Late Delivery,1
RET-001772,ORD-021248,2023-09-22,Size / Fit Issue,1
RET-001773,ORD-021263,2025-06-16,Late Delivery,2
RET-001774,ORD-021272,2023-09-22,Missing Parts / Accessories,1
RET-001775,ORD-021283,2023-09-21,Late Delivery,1
RET-001776,ORD-021289,2023-10-03,Changed Mind,1
RET-001777,ORD-021312,2024-12-06,Size / Fit Issue,1
RET-001778,ORD-021336,2023-09-23,Wrong Item Delivered,1
RET-001779,ORD-021337,2025-02-06,Found Better Price,1
RET-001780,ORD-021353,2023-09-22,Missing Parts / Accessories,3
RET-001781,ORD-021355,2023-09-27,Size / Fit Issue,1
RET-001782,ORD-021382,2023-09-20,Changed Mind,1
RET-001783,ORD-021409,2025-01-21,Changed Mind,1
RET-001784,ORD-021416,2023-09-18,Changed Mind,1
RET-001785,ORD-021424,2023-10-02,Size / Fit Issue,1
RET-001786,ORD-021429,2024-02-16,Changed Mind,1
RET-001787,ORD-021465,2023-10-06,Wrong Item Delivered,1
RET-001788,ORD-021482,2024-07-24,Late Delivery,1
RET-001789,ORD-021492,2025-03-09,Not as Described,1
RET-001790,ORD-021501,2023-09-26,Defective / Damaged,1
RET-001791,ORD-021527,2023-09-30,Late Delivery,4
RET-001792,ORD-021540,2025-04-28,Late Delivery,1
RET-001793,ORD-021557,2024-12-26,Changed Mind,1
RET-001794,ORD-021559,2024-08-07,Late Delivery,1
RET-001795,ORD-021590,2024-12-11,Wrong Item Delivered,1
RET-001796,ORD-021595,2023-09-30,Not as Described,1
RET-001797,ORD-021618,2023-12-15,Defective / Damaged,1
RET-001798,ORD-021636,2024-04-02,Wrong Item Delivered,1
RET-001799,ORD-021650,2023-10-01,Missing Parts / Accessories,1
RET-001800,ORD-021652,2023-10-02,Late Delivery,1
RET-001801,ORD-021660,2023-09-27,Size / Fit Issue,1
RET-001802,ORD-021662,2025-01-06,Late Delivery,1
RET-001803,ORD-021679,2024-11-14,Missing Parts / Accessories,3
RET-001804,ORD-021712,2024-07-13,Size / Fit Issue,2
RET-001805,ORD-021724,2023-09-22,Changed Mind,1
RET-001806,ORD-021726,2023-09-23,Not as Described,2
RET-001807,ORD-021733,2024-10-13,Defective / Damaged,1
RET-001808,ORD-021753,2024-10-13,Defective / Damaged,1
RET-001809,ORD-021756,2023-10-05,Size / Fit Issue,1
RET-001810,ORD-021758,2025-01-21,Late Delivery,1
RET-001811,ORD-021778,2024-02-05,Found Better Price,2
RET-001812,ORD-021798,2023-10-04,Late Delivery,1
RET-001813,ORD-021804,2025-04-02,Wrong Item Delivered,3
RET-001814,ORD-021815,2023-10-04,Changed Mind,2
RET-001815,ORD-021816,2024-08-04,Size / Fit Issue,1
RET-001816,ORD-021846,2023-10-05,Changed Mind,1
RET-001817,ORD-021848,2025-02-28,Size / Fit Issue,1
RET-001818,ORD-021886,2023-09-30,Not as Described,1
RET-001819,ORD-021889,2023-09-24,Changed Mind,3
RET-001820,ORD-021891,2023-10-10,Size / Fit Issue,1
RET-001821,ORD-021893,2023-10-02,Found Better Price,1
RET-001822,ORD-021899,2023-10-01,Changed Mind,1
RET-001823,ORD-021919,2023-10-10,Late Delivery,1
RET-001824,ORD-021972,2024-12-10,Defective / Damaged,3
RET-001825,ORD-021984,2023-10-12,Changed Mind,1
RET-001826,ORD-021990,2023-09-24,Late Delivery,2
RET-001827,ORD-022008,2024-04-23,Changed Mind,3
RET-001828,ORD-022028,2023-10-07,Changed Mind,1
RET-001829,ORD-022030,2025-02-05,Wrong Item Delivered,2
RET-001830,ORD-022046,2024-06-14,Size / Fit Issue,1
RET-001831,ORD-022072,2023-12-03,Size / Fit Issue,1
RET-001832,ORD-022103,2023-10-10,Changed Mind,1
RET-001833,ORD-022109,2024-01-13,Found Better Price,1
RET-001834,ORD-022114,2025-07-16,Late Delivery,1
RET-001835,ORD-022140,2023-09-29,Found Better Price,1
RET-001836,ORD-022144,2023-10-02,Changed Mind,1
RET-001837,ORD-022147,2025-01-28,Changed Mind,1
RET-001838,ORD-022154,2025-07-19,Size / Fit Issue,1
RET-001839,ORD-022158,2025-06-25,Defective / Damaged,1
RET-001840,ORD-022160,2023-10-06,Changed Mind,1
RET-001841,ORD-022168,2023-11-20,Late Delivery,1
RET-001842,ORD-022173,2023-12-27,Defective / Damaged,2
RET-001843,ORD-022174,2023-10-11,Size / Fit Issue,1
RET-001844,ORD-022178,2023-09-29,Size / Fit Issue,1
RET-001845,ORD-022184,2023-10-15,Found Better Price,1
RET-001846,ORD-022188,2024-12-11,Changed Mind,1
RET-001847,ORD-022191,2023-10-06,Found Better Price,1
RET-001848,ORD-022197,2023-10-04,Wrong Item Delivered,2
RET-001849,ORD-022198,2023-09-29,Defective / Damaged,1
RET-001850,ORD-022207,2023-10-07,Size / Fit Issue,1
RET-001851,ORD-022217,2024-04-23,Late Delivery,1
RET-001852,ORD-022225,2025-06-13,Not as Described,1
RET-001853,ORD-022248,2024-07-17,Size / Fit Issue,1
RET-001854,ORD-022249,2024-01-22,Size / Fit Issue,2
RET-001855,ORD-022257,2024-12-13,Late Delivery,1
RET-001856,ORD-022273,2023-10-15,Defective / Damaged,1
RET-001857,ORD-022276,2023-10-08,Size / Fit Issue,1
RET-001858,ORD-022321,2023-10-05,Defective / Damaged,1
RET-001859,ORD-022348,2024-06-04,Size / Fit Issue,1
RET-001860,ORD-022349,2025-01-19,Not as Described,1
RET-001861,ORD-022353,2024-01-25,Defective / Damaged,2
RET-001862,ORD-022391,2023-10-10,Size / Fit Issue,1
RET-001863,ORD-022396,2024-08-27,Wrong Item Delivered,2
RET-001864,ORD-022412,2023-10-15,Found Better Price,1
RET-001865,ORD-022419,2023-10-15,Size / Fit Issue,1
RET-001866,ORD-022434,2024-04-28,Size / Fit Issue,2
RET-001867,ORD-022441,2024-08-17,Size / Fit Issue,1
RET-001868,ORD-022465,2023-10-09,Size / Fit Issue,1
RET-001869,ORD-022466,2023-10-08,Size / Fit Issue,1
RET-001870,ORD-022500,2025-02-04,Defective / Damaged,1
RET-001871,ORD-022506,2023-10-14,Late Delivery,1
RET-001872,ORD-022520,2025-05-23,Changed Mind,1
RET-001873,ORD-022529,2023-11-28,Changed Mind,1
RET-001874,ORD-022566,2023-10-14,Wrong Item Delivered,3
RET-001875,ORD-022578,2023-12-20,Late Delivery,1
RET-001876,ORD-022592,2023-10-04,Defective / Damaged,1
RET-001877,ORD-022617,2025-01-05,Defective / Damaged,1
RET-001878,ORD-022620,2025-02-04,Changed Mind,1
RET-001879,ORD-022621,2023-11-10,Wrong Item Delivered,1
RET-001880,ORD-022622,2023-10-16,Wrong Item Delivered,1
RET-001881,ORD-022624,2023-10-01,Defective / Damaged,1
RET-001882,ORD-022629,2023-10-08,Not as Described,2
RET-001883,ORD-022635,2024-12-07,Late Delivery,2
RET-001884,ORD-022637,2023-10-02,Late Delivery,1
RET-001885,ORD-022640,2023-10-07,Changed Mind,1
RET-001886,ORD-022656,2023-10-05,Defective / Damaged,1
RET-001887,ORD-022661,2025-03-12,Late Delivery,1
RET-001888,ORD-022714,2025-04-04,Changed Mind,1
RET-001889,ORD-022719,2024-09-11,Reason Not Specified,1
RET-001890,ORD-022750,2023-10-16,Not as Described,3
RET-001891,ORD-022751,2023-10-13,Not as Described,1
RET-001892,ORD-022752,2023-10-20,Late Delivery,1
RET-001893,ORD-022772,2024-11-18,Found Better Price,1
RET-001894,ORD-022783,2023-10-10,Late Delivery,1
RET-001895,ORD-022794,2024-02-23,Late Delivery,1
RET-001896,ORD-022797,2024-05-05,Late Delivery,1
RET-001897,ORD-022824,2023-10-07,Found Better Price,1
RET-001898,ORD-022831,2023-10-16,Late Delivery,1
RET-001899,ORD-022847,2024-09-30,Wrong Item Delivered,1
RET-001900,ORD-022862,2023-10-07,Found Better Price,1
RET-001901,ORD-022903,2024-05-25,Changed Mind,1
RET-001902,ORD-022912,2023-10-21,Wrong Item Delivered,1
RET-001903,ORD-022924,2023-10-09,Changed Mind,1
RET-001904,ORD-022937,2023-12-25,Size / Fit Issue,1
RET-001905,ORD-022940,2023-10-08,Not as Described,4
RET-001906,ORD-022947,2024-12-01,Changed Mind,2
RET-001907,ORD-022950,2024-02-02,Found Better Price,2
RET-001908,ORD-022990,2024-02-25,Found Better Price,1
RET-001909,ORD-023002,2025-03-12,Defective / Damaged,2
RET-001910,ORD-023021,2025-05-20,Late Delivery,1
RET-001911,ORD-023026,2023-10-16,Size / Fit Issue,2
RET-001912,ORD-023028,2023-10-22,Size / Fit Issue,1
RET-001913,ORD-023030,2024-09-01,Changed Mind,1
RET-001914,ORD-023032,2024-02-04,Size / Fit Issue,1
RET-001915,ORD-023033,2025-01-01,Wrong Item Delivered,1
RET-001916,ORD-023041,2023-10-12,Defective / Damaged,1
RET-001917,ORD-023042,2024-12-26,Late Delivery,2
RET-001918,ORD-023045,2023-10-22,Not as Described,2
RET-001919,ORD-023046,2023-10-13,Not as Described,1
RET-001920,ORD-023049,2024-02-08,Size / Fit Issue,1
RET-001921,ORD-023070,2023-10-06,Changed Mind,1
RET-001922,ORD-023077,2023-10-17,Size / Fit Issue,1
RET-001923,ORD-023092,2023-10-21,Size / Fit Issue,1
RET-001924,ORD-023097,2024-12-23,Late Delivery,1
RET-001925,ORD-023103,2023-10-16,Changed Mind,1
RET-001926,ORD-023144,2024-02-19,Changed Mind,1
RET-001927,ORD-023153,2025-02-27,Late Delivery,3
RET-001928,ORD-023155,2024-10-25,Late Delivery,1
RET-001929,ORD-023169,2023-10-24,Late Delivery,1
RET-001930,ORD-023193,2025-01-28,Late Delivery,1
RET-001931,ORD-023207,2024-05-29,Late Delivery,1
RET-001932,ORD-023210,2023-10-11,Defective / Damaged,1
RET-001933,ORD-023213,2023-10-24,Found Better Price,3
RET-001934,ORD-023214,2023-10-19,Found Better Price,1
RET-001935,ORD-023238,2023-10-26,Changed Mind,1
RET-001936,ORD-023241,2025-01-16,Changed Mind,1
RET-001937,ORD-023250,2023-10-09,Found Better Price,1
RET-001938,ORD-023253,2023-10-11,Late Delivery,1
RET-001939,ORD-023273,2023-12-08,Late Delivery,2
RET-001940,ORD-023287,2025-02-02,Late Delivery,1
RET-001941,ORD-023299,2025-06-07,Size / Fit Issue,1
RET-001942,ORD-023302,2024-11-22,Defective / Damaged,1
RET-001943,ORD-023308,2023-10-24,Changed Mind,1
RET-001944,ORD-023324,2023-10-13,Found Better Price,1
RET-001945,ORD-023327,2025-05-01,Not as Described,1
RET-001946,ORD-023332,2024-05-22,Found Better Price,1
RET-001947,ORD-023338,2025-04-11,Wrong Item Delivered,2
RET-001948,ORD-023352,2024-12-20,Changed Mind,2
RET-001949,ORD-023378,2024-02-05,Not as Described,1
RET-001950,ORD-023388,2025-02-21,Changed Mind,1
RET-001951,ORD-023402,2023-10-22,Not as Described,2
RET-001952,ORD-023403,2024-09-10,Defective / Damaged,1
RET-001953,ORD-023405,2023-10-11,Not as Described,1
RET-001954,ORD-023411,2024-06-21,Changed Mind,1
RET-001955,ORD-023412,2024-08-28,Wrong Item Delivered,1
RET-001956,ORD-023417,2025-01-03,Size / Fit Issue,2
RET-001957,ORD-023447,2024-11-29,Not as Described,1
RET-001958,ORD-023463,2023-10-15,Late Delivery,1
RET-001959,ORD-023481,2024-11-24,Missing Parts / Accessories,1
RET-001960,ORD-023484,2025-01-31,Found Better Price,1
RET-001961,ORD-023503,2023-10-29,Wrong Item Delivered,1
RET-001962,ORD-023504,2025-06-22,Wrong Item Delivered,1
RET-001963,ORD-023506,2024-01-28,Changed Mind,1
RET-001964,ORD-023509,2023-10-18,Wrong Item Delivered,1
RET-001965,ORD-023511,2023-10-24,Defective / Damaged,1
RET-001966,ORD-023512,2025-05-29,Late Delivery,1
RET-001967,ORD-023518,2023-10-29,Defective / Damaged,1
RET-001968,ORD-023525,2024-01-27,Defective / Damaged,2
RET-001969,ORD-023536,2025-01-27,Late Delivery,1
RET-001970,ORD-023546,2025-01-06,Wrong Item Delivered,1
RET-001971,ORD-023552,2024-07-19,Changed Mind,1
RET-001972,ORD-023566,2023-10-17,Found Better Price,1
RET-001973,ORD-023588,2023-10-18,Missing Parts / Accessories,2
RET-001974,ORD-023622,2023-10-20,Wrong Item Delivered,1
RET-001975,ORD-023623,2023-10-17,Not as Described,1
RET-001976,ORD-023635,2025-06-07,Defective / Damaged,1
RET-001977,ORD-023644,2024-12-20,Changed Mind,1
RET-001978,ORD-023649,2023-10-13,Changed Mind,1
RET-001979,ORD-023655,2024-01-11,Defective / Damaged,1
RET-001980,ORD-023657,2025-06-04,Changed Mind,1
RET-001981,ORD-023670,2024-10-22,Size / Fit Issue,1
RET-001982,ORD-023673,2024-01-15,Size / Fit Issue,1
RET-001983,ORD-023675,2024-11-12,Late Delivery,1
RET-001984,ORD-023679,2023-10-16,Changed Mind,1
RET-001985,ORD-023687,2023-10-25,Wrong Item Delivered,1
RET-001986,ORD-023711,2024-06-12,Wrong Item Delivered,1
RET-001987,ORD-023719,2023-10-19,Not as Described,3
RET-001988,ORD-023733,2024-01-26,Late Delivery,1
RET-001989,ORD-023738,2025-01-05,Late Delivery,1
RET-001990,ORD-023749,2023-10-24,Found Better Price,1
RET-001991,ORD-023754,2023-10-30,Size / Fit Issue,1
RET-001992,ORD-023761,2024-02-01,Size / Fit Issue,2
RET-001993,ORD-023779,2024-08-05,Late Delivery,3
RET-001994,ORD-023786,2023-10-31,Not as Described,2
RET-001995,ORD-023798,2023-10-19,Wrong Item Delivered,1
RET-001996,ORD-023812,2023-10-21,Wrong Item Delivered,1
RET-001997,ORD-023820,2024-12-15,Late Delivery,3
RET-001998,ORD-023876,2024-05-19,Not as Described,1
RET-001999,ORD-023889,2023-10-24,Found Better Price,1
RET-002000,ORD-023906,2023-10-31,Changed Mind,1
RET-002001,ORD-023911,2023-10-24,Size / Fit Issue,1
RET-002002,ORD-023913,2023-10-19,Not as Described,2
RET-002003,ORD-023934,2023-11-01,Reason Not Specified,1
RET-002004,ORD-023961,2023-10-17,Size / Fit Issue,1
RET-002005,ORD-023963,2023-10-28,Defective / Damaged,1
RET-002006,ORD-023979,2023-11-01,Size / Fit Issue,1
RET-002007,ORD-023982,2024-08-26,Size / Fit Issue,3
RET-002008,ORD-023993,2025-03-08,Wrong Item Delivered,1
RET-002009,ORD-024066,2023-11-04,Found Better Price,1
RET-002010,ORD-024079,2024-03-15,Not as Described,1
RET-002011,ORD-024088,2023-12-12,Size / Fit Issue,1
RET-002012,ORD-024098,2023-10-22,Size / Fit Issue,1
RET-002013,ORD-024125,2023-10-30,Not as Described,1
RET-002014,ORD-024134,2023-10-23,Changed Mind,1
RET-002015,ORD-024137,2023-11-05,Changed Mind,1
RET-002016,ORD-024138,2024-07-07,Late Delivery,3
RET-002017,ORD-024144,2024-12-30,Wrong Item Delivered,3
RET-002018,ORD-024146,2024-12-12,Late Delivery,2
RET-002019,ORD-024167,2025-01-06,Late Delivery,1
RET-002020,ORD-024169,2023-10-23,Defective / Damaged,1
RET-002021,ORD-024178,2023-10-20,Not as Described,1
RET-002022,ORD-024180,2023-10-30,Defective / Damaged,1
RET-002023,ORD-024196,2024-08-24,Changed Mind,1
RET-002024,ORD-024208,2024-12-29,Changed Mind,2
RET-002025,ORD-024227,2023-10-20,Late Delivery,1
RET-002026,ORD-024231,2023-11-06,Size / Fit Issue,1
RET-002027,ORD-024237,2023-10-23,Not as Described,1
RET-002028,ORD-024245,2024-01-19,Size / Fit Issue,2
RET-002029,ORD-024250,2024-07-02,Changed Mind,1
RET-002030,ORD-024251,2023-11-06,Changed Mind,1
RET-002031,ORD-024252,2023-11-02,Not as Described,1
RET-002032,ORD-024284,2024-01-13,Found Better Price,1
RET-002033,ORD-024304,2023-11-06,Defective / Damaged,1
RET-002034,ORD-024336,2023-11-07,Wrong Item Delivered,1
RET-002035,ORD-024362,2023-11-07,Found Better Price,1
RET-002036,ORD-024367,2023-11-04,Changed Mind,1
RET-002037,ORD-024373,2023-11-07,Wrong Item Delivered,1
RET-002038,ORD-024379,2024-05-14,Changed Mind,1
RET-002039,ORD-024403,2025-06-27,Not as Described,1
RET-002040,ORD-024462,2023-11-01,Wrong Item Delivered,1
RET-002041,ORD-024471,2024-01-20,Not as Described,1
RET-002042,ORD-024477,2025-06-06,Wrong Item Delivered,1
RET-002043,ORD-024485,2023-10-23,Defective / Damaged,2
RET-002044,ORD-024495,2025-01-29,Not as Described,1
RET-002045,ORD-024507,2024-10-24,Late Delivery,1
RET-002046,ORD-024513,2023-10-31,Size / Fit Issue,2
RET-002047,ORD-024524,2024-04-22,Defective / Damaged,1
RET-002048,ORD-024536,2023-11-04,Size / Fit Issue,1
RET-002049,ORD-024551,2023-11-02,Defective / Damaged,1
RET-002050,ORD-024556,2024-01-06,Not as Described,1
RET-002051,ORD-024622,2023-11-03,Size / Fit Issue,1
RET-002052,ORD-024625,2025-06-25,Size / Fit Issue,1
RET-002053,ORD-024646,2023-10-25,Not as Described,3
RET-002054,ORD-024661,2024-03-09,Defective / Damaged,1
RET-002055,ORD-024676,2023-10-30,Missing Parts / Accessories,1
RET-002056,ORD-024688,2025-02-27,Not as Described,2
RET-002057,ORD-024693,2023-11-12,Missing Parts / Accessories,1
RET-002058,ORD-024705,2024-02-17,Not as Described,2
RET-002059,ORD-024731,2023-10-25,Size / Fit Issue,1
RET-002060,ORD-024732,2023-11-11,Size / Fit Issue,1
RET-002061,ORD-024738,2023-11-07,Size / Fit Issue,1
RET-002062,ORD-024743,2023-11-10,Size / Fit Issue,1
RET-002063,ORD-024754,2023-10-25,Defective / Damaged,1
RET-002064,ORD-024756,2024-07-07,Size / Fit Issue,1
RET-002065,ORD-024803,2025-07-17,Size / Fit Issue,1
RET-002066,ORD-024838,2023-12-03,Missing Parts / Accessories,1
RET-002067,ORD-024846,2023-10-28,Size / Fit Issue,1
RET-002068,ORD-024847,2024-12-18,Changed Mind,1
RET-002069,ORD-024858,2023-10-26,Size / Fit Issue,1
RET-002070,ORD-024862,2024-04-04,Not as Described,1
RET-002071,ORD-024884,2023-11-01,Found Better Price,4
RET-002072,ORD-024895,2024-05-13,Defective / Damaged,1
RET-002073,ORD-024909,2023-11-01,Reason Not Specified,2
RET-002074,ORD-024917,2023-11-05,Wrong Item Delivered,1
RET-002075,ORD-024936,2023-11-14,Missing Parts / Accessories,1
RET-002076,ORD-024938,2023-11-12,Not as Described,1
RET-002077,ORD-024946,2024-08-30,Late Delivery,1
RET-002078,ORD-024973,2025-03-31,Not as Described,2
RET-002079,ORD-024977,2023-11-08,Missing Parts / Accessories,1
RET-002080,ORD-024990,2024-03-02,Changed Mind,1
RET-002081,ORD-025003,2024-03-06,Size / Fit Issue,2
RET-002082,ORD-025009,2023-11-01,Missing Parts / Accessories,2
RET-002083,ORD-025011,2024-12-01,Size / Fit Issue,3
RET-002084,ORD-025016,2024-06-10,Found Better Price,1
RET-002085,ORD-025024,2024-07-18,Changed Mind,2
RET-002086,ORD-025041,2024-02-12,Wrong Item Delivered,1
RET-002087,ORD-025063,2024-03-28,Size / Fit Issue,1
RET-002088,ORD-025093,2024-02-23,Size / Fit Issue,1
RET-002089,ORD-025119,2025-03-18,Size / Fit Issue,1
RET-002090,ORD-025124,2025-02-13,Changed Mind,1
RET-002091,ORD-025158,2025-07-23,Changed Mind,1
RET-002092,ORD-025163,2025-02-09,Not as Described,1
RET-002093,ORD-025169,2023-11-06,Wrong Item Delivered,1
RET-002094,ORD-025201,2025-06-29,Not as Described,1
RET-002095,ORD-025225,2023-10-30,Size / Fit Issue,1
RET-002096,ORD-025233,2023-10-31,Not as Described,1
RET-002097,ORD-025260,2023-11-16,Size / Fit Issue,1
RET-002098,ORD-025267,2023-11-14,Defective / Damaged,1
RET-002099,ORD-025272,2023-11-15,Not as Described,1
RET-002100,ORD-025281,2023-11-07,Missing Parts / Accessories,1
RET-002101,ORD-025297,2023-11-02,Not as Described,1
RET-002102,ORD-025300,2024-04-22,Found Better Price,1
RET-002103,ORD-025336,2023-11-02,Changed Mind,2
RET-002104,ORD-025337,2025-03-12,Size / Fit Issue,1
RET-002105,ORD-025340,2023-11-10,Missing Parts / Accessories,1
RET-002106,ORD-025344,2024-05-07,Found Better Price,1
RET-002107,ORD-025345,2024-10-19,Changed Mind,1
RET-002108,ORD-025348,2023-11-04,Defective / Damaged,1
RET-002109,ORD-025388,2024-10-21,Size / Fit Issue,2
RET-002110,ORD-025394,2023-11-02,Changed Mind,1
RET-002111,ORD-025400,2023-11-17,Size / Fit Issue,2
RET-002112,ORD-025413,2024-12-25,Late Delivery,1
RET-002113,ORD-025429,2025-05-07,Defective / Damaged,1
RET-002114,ORD-025491,2023-11-09,Size / Fit Issue,1
RET-002115,ORD-025492,2023-11-14,Size / Fit Issue,1
RET-002116,ORD-025521,2024-11-25,Defective / Damaged,1
RET-002117,ORD-025522,2023-11-04,Not as Described,2
RET-002118,ORD-025548,2023-11-13,Size / Fit Issue,2
RET-002119,ORD-025618,2023-11-16,Changed Mind,1
RET-002120,ORD-025620,2024-06-24,Not as Described,1
RET-002121,ORD-025621,2023-11-20,Defective / Damaged,1
RET-002122,ORD-025624,2023-11-08,Defective / Damaged,1
RET-002123,ORD-025630,2024-09-30,Changed Mind,1
RET-002124,ORD-025655,2023-11-20,Size / Fit Issue,1
RET-002125,ORD-025672,2023-11-18,Found Better Price,1
RET-002126,ORD-025678,2024-07-11,Late Delivery,4
RET-002127,ORD-025689,2023-11-22,Changed Mind,1
RET-002128,ORD-025693,2023-11-16,Changed Mind,1
RET-002129,ORD-025701,2023-11-15,Late Delivery,1
RET-002130,ORD-025712,2023-11-17,Size / Fit Issue,1
RET-002131,ORD-025747,2023-11-07,Wrong Item Delivered,1
RET-002132,ORD-025761,2023-11-09,Defective / Damaged,1
RET-002133,ORD-025762,2025-04-24,Size / Fit Issue,3
RET-002134,ORD-025770,2025-05-12,Found Better Price,1
RET-002135,ORD-025775,2025-05-31,Changed Mind,1
RET-002136,ORD-025783,2023-11-06,Wrong Item Delivered,2
RET-002137,ORD-025791,2025-02-04,Late Delivery,2
RET-002138,ORD-025801,2023-11-13,Late Delivery,3
RET-002139,ORD-025806,2023-11-13,Late Delivery,1
RET-002140,ORD-025830,2024-06-05,Size / Fit Issue,1
RET-002141,ORD-025840,2025-02-27,Not as Described,1
RET-002142,ORD-025849,2023-11-07,Wrong Item Delivered,1
RET-002143,ORD-025851,2024-07-18,Size / Fit Issue,1
RET-002144,ORD-025854,2025-04-20,Not as Described,1
RET-002145,ORD-025857,2025-04-21,Wrong Item Delivered,3
RET-002146,ORD-025870,2023-11-11,Late Delivery,1
RET-002147,ORD-025876,2023-11-14,Reason Not Specified,1
RET-002148,ORD-025884,2023-11-24,Late Delivery,1
RET-002149,ORD-025894,2023-11-22,Found Better Price,1
RET-002150,ORD-025904,2023-11-13,Size / Fit Issue,1
RET-002151,ORD-025911,2023-11-12,Size / Fit Issue,1
RET-002152,ORD-025923,2025-05-29,Wrong Item Delivered,1
RET-002153,ORD-025936,2023-11-13,Missing Parts / Accessories,1
RET-002154,ORD-025937,2024-10-26,Defective / Damaged,1
RET-002155,ORD-025957,2023-11-18,Not as Described,1
RET-002156,ORD-025960,2023-11-23,Not as Described,1
RET-002157,ORD-025966,2023-11-09,Reason Not Specified,1
RET-002158,ORD-025974,2023-11-19,Late Delivery,1
RET-002159,ORD-025982,2023-11-13,Late Delivery,1
RET-002160,ORD-026000,2023-11-24,Late Delivery,1
RET-002161,ORD-026022,2024-11-02,Not as Described,1
RET-002162,ORD-026044,2025-04-20,Defective / Damaged,1
RET-002163,ORD-026070,2023-11-25,Changed Mind,1
RET-002164,ORD-026082,2023-11-14,Late Delivery,1
RET-002165,ORD-026083,2023-11-17,Wrong Item Delivered,1
RET-002166,ORD-026090,2024-05-10,Size / Fit Issue,1
RET-002167,ORD-026091,2025-03-14,Found Better Price,1
RET-002168,ORD-026098,2023-12-26,Not as Described,1
RET-002169,ORD-026111,2023-11-26,Late Delivery,3
RET-002170,ORD-026117,2023-11-14,Late Delivery,1
RET-002171,ORD-026153,2024-11-12,Changed Mind,2
RET-002172,ORD-026158,2025-05-16,Not as Described,1
RET-002173,ORD-026161,2023-11-11,Late Delivery,1
RET-002174,ORD-026166,2025-01-14,Not as Described,1
RET-002175,ORD-026179,2025-03-10,Wrong Item Delivered,2
RET-002176,ORD-026185,2023-11-16,Size / Fit Issue,1
RET-002177,ORD-026195,2023-11-12,Late Delivery,1
RET-002178,ORD-026210,2023-11-16,Size / Fit Issue,1
RET-002179,ORD-026213,2023-11-09,Late Delivery,1
RET-002180,ORD-026228,2023-11-18,Missing Parts / Accessories,1
RET-002181,ORD-026231,2023-11-19,Changed Mind,1
RET-002182,ORD-026240,2024-02-16,Not as Described,1
RET-002183,ORD-026268,2024-05-30,Changed Mind,2
RET-002184,ORD-026269,2024-03-18,Size / Fit Issue,1
RET-002185,ORD-026271,2024-08-16,Late Delivery,1
RET-002186,ORD-026278,2023-11-17,Wrong Item Delivered,1
RET-002187,ORD-026291,2025-01-27,Late Delivery,1
RET-002188,ORD-026297,2023-11-09,Wrong Item Delivered,2
RET-002189,ORD-026298,2023-11-25,Defective / Damaged,1
RET-002190,ORD-026301,2023-11-23,Late Delivery,3
RET-002191,ORD-026303,2023-11-19,Changed Mind,1
RET-002192,ORD-026307,2023-11-23,Size / Fit Issue,1
RET-002193,ORD-026318,2024-06-26,Defective / Damaged,1
RET-002194,ORD-026334,2023-11-27,Found Better Price,1
RET-002195,ORD-026335,2024-11-24,Changed Mind,1
RET-002196,ORD-026346,2023-11-22,Changed Mind,3
RET-002197,ORD-026358,2023-11-24,Late Delivery,2
RET-002198,ORD-026363,2023-11-17,Late Delivery,5
RET-002199,ORD-026367,2023-11-26,Not as Described,1
RET-002200,ORD-026379,2025-06-16,Defective / Damaged,1
RET-002201,ORD-026388,2023-11-18,Late Delivery,1
RET-002202,ORD-026393,2024-08-22,Wrong Item Delivered,1
RET-002203,ORD-026442,2024-07-24,Changed Mind,1
RET-002204,ORD-026469,2024-01-24,Wrong Item Delivered,1
RET-002205,ORD-026475,2023-11-22,Wrong Item Delivered,1
RET-002206,ORD-026489,2023-11-18,Wrong Item Delivered,1
RET-002207,ORD-026491,2024-12-26,Changed Mind,1
RET-002208,ORD-026499,2025-04-04,Not as Described,1
RET-002209,ORD-026542,2023-11-20,Late Delivery,1
RET-002210,ORD-026545,2023-11-25,Late Delivery,1
RET-002211,ORD-026549,2023-11-18,Not as Described,1
RET-002212,ORD-026555,2023-11-19,Defective / Damaged,2
RET-002213,ORD-026582,2025-05-17,Late Delivery,1
RET-002214,ORD-026590,2024-03-04,Defective / Damaged,2
RET-002215,ORD-026592,2023-11-27,Not as Described,1
RET-002216,ORD-026607,2024-03-18,Not as Described,1
RET-002217,ORD-026611,2024-06-01,Not as Described,1
RET-002218,ORD-026629,2025-02-06,Defective / Damaged,1
RET-002219,ORD-026646,2023-11-29,Late Delivery,1
RET-002220,ORD-026653,2023-11-30,Size / Fit Issue,1
RET-002221,ORD-026669,2024-11-28,Defective / Damaged,1
RET-002222,ORD-026683,2025-02-24,Not as Described,1
RET-002223,ORD-026693,2024-10-08,Missing Parts / Accessories,1
RET-002224,ORD-026703,2023-11-29,Changed Mind,1
RET-002225,ORD-026709,2023-11-12,Found Better Price,1
RET-002226,ORD-026726,2025-07-05,Late Delivery,1
RET-002227,ORD-026738,2023-11-29,Not as Described,3
RET-002228,ORD-026754,2023-11-18,Defective / Damaged,1
RET-002229,ORD-026784,2023-11-26,Size / Fit Issue,1
RET-002230,ORD-026788,2024-12-21,Late Delivery,1
RET-002231,ORD-026807,2023-11-19,Late Delivery,1
RET-002232,ORD-026810,2023-11-13,Late Delivery,1
RET-002233,ORD-026822,2024-01-05,Changed Mind,1
RET-002234,ORD-026837,2025-02-11,Size / Fit Issue,1
RET-002235,ORD-026848,2023-11-30,Changed Mind,1
RET-002236,ORD-026850,2023-11-25,Defective / Damaged,3
RET-002237,ORD-026867,2023-11-21,Wrong Item Delivered,1
RET-002238,ORD-026886,2023-11-28,Not as Described,1
RET-002239,ORD-026887,2023-11-20,Late Delivery,1
RET-002240,ORD-026895,2023-11-20,Missing Parts / Accessories,1
RET-002241,ORD-026921,2023-12-02,Missing Parts / Accessories,1
RET-002242,ORD-026932,2023-11-25,Changed Mind,2
RET-002243,ORD-026956,2023-11-15,Not as Described,1
RET-002244,ORD-026959,2025-07-26,Size / Fit Issue,1
RET-002245,ORD-026972,2023-11-17,Changed Mind,1
RET-002246,ORD-026984,2023-11-22,Changed Mind,1
RET-002247,ORD-027008,2024-07-08,Wrong Item Delivered,2
RET-002248,ORD-027027,2023-11-21,Late Delivery,1
RET-002249,ORD-027028,2023-11-27,Size / Fit Issue,2
RET-002250,ORD-027079,2023-11-25,Late Delivery,2
RET-002251,ORD-027096,2024-10-30,Wrong Item Delivered,1
RET-002252,ORD-027110,2023-12-03,Changed Mind,1
RET-002253,ORD-027121,2024-03-05,Size / Fit Issue,1
RET-002254,ORD-027137,2023-11-23,Late Delivery,1
RET-002255,ORD-027156,2025-08-02,Late Delivery,1
RET-002256,ORD-027158,2023-11-27,Not as Described,1
RET-002257,ORD-027161,2023-11-30,Wrong Item Delivered,1
RET-002258,ORD-027190,2024-07-04,Late Delivery,3
RET-002259,ORD-027196,2023-11-28,Wrong Item Delivered,1
RET-002260,ORD-027208,2025-04-27,Changed Mind,1
RET-002261,ORD-027226,2023-12-01,Late Delivery,3
RET-002262,ORD-027236,2025-02-23,Late Delivery,1
RET-002263,ORD-027243,2024-12-04,Size / Fit Issue,1
RET-002264,ORD-027246,2023-11-25,Size / Fit Issue,1
RET-002265,ORD-027252,2025-04-18,Changed Mind,1
RET-002266,ORD-027263,2025-05-04,Defective / Damaged,4
RET-002267,ORD-027266,2023-12-05,Defective / Damaged,1
RET-002268,ORD-027276,2023-11-17,Not as Described,1
RET-002269,ORD-027283,2023-12-05,Found Better Price,1
RET-002270,ORD-027292,2025-01-06,Size / Fit Issue,1
RET-002271,ORD-027296,2025-03-27,Changed Mind,1
RET-002272,ORD-027311,2023-11-23,Missing Parts / Accessories,2
RET-002273,ORD-027320,2024-08-17,Size / Fit Issue,1
RET-002274,ORD-027326,2023-11-22,Size / Fit Issue,1
RET-002275,ORD-027328,2024-04-26,Found Better Price,1
RET-002276,ORD-027336,2023-11-19,Missing Parts / Accessories,2
RET-002277,ORD-027349,2023-12-04,Changed Mind,1
RET-002278,ORD-027359,2023-11-29,Changed Mind,1
RET-002279,ORD-027362,2023-11-21,Not as Described,1
RET-002280,ORD-027365,2025-05-30,Size / Fit Issue,1
RET-002281,ORD-027373,2025-02-03,Late Delivery,1
RET-002282,ORD-027376,2023-11-26,Late Delivery,1
RET-002283,ORD-027381,2023-11-30,Defective / Damaged,1
RET-002284,ORD-027385,2025-06-09,Defective / Damaged,1
RET-002285,ORD-027404,2023-12-01,Found Better Price,3
RET-002286,ORD-027410,2024-12-05,Size / Fit Issue,1
RET-002287,ORD-027416,2023-11-18,Wrong Item Delivered,2
RET-002288,ORD-027421,2024-04-09,Found Better Price,1
RET-002289,ORD-027456,2023-11-30,Late Delivery,1
RET-002290,ORD-027457,2023-12-02,Size / Fit Issue,1
RET-002291,ORD-027476,2024-11-25,Late Delivery,1
RET-002292,ORD-027505,2023-11-20,Found Better Price,1
RET-002293,ORD-027524,2023-11-29,Not as Described,2
RET-002294,ORD-027526,2023-11-24,Changed Mind,1
RET-002295,ORD-027556,2023-12-03,Defective / Damaged,1
RET-002296,ORD-027574,2023-12-02,Missing Parts / Accessories,3
RET-002297,ORD-027580,2024-08-17,Size / Fit Issue,1
RET-002298,ORD-027589,2023-11-28,Changed Mind,3
RET-002299,ORD-027604,2024-10-10,Size / Fit Issue,1
RET-002300,ORD-027607,2025-04-17,Late Delivery,1
RET-002301,ORD-027612,2023-11-24,Defective / Damaged,1
RET-002302,ORD-027628,2023-11-21,Changed Mind,1
RET-002303,ORD-027631,2023-12-05,Late Delivery,2
RET-002304,ORD-027636,2024-10-16,Size / Fit Issue,2
RET-002305,ORD-027674,2023-12-08,Defective / Damaged,1
RET-002306,ORD-027726,2023-11-21,Not as Described,1
RET-002307,ORD-027823,2024-05-11,Not as Described,1
RET-002308,ORD-027826,2023-12-08,Late Delivery,1
RET-002309,ORD-027837,2023-12-07,Late Delivery,1
RET-002310,ORD-027844,2024-11-30,Size / Fit Issue,3
RET-002311,ORD-027856,2023-12-06,Late Delivery,3
RET-002312,ORD-027859,2024-11-21,Late Delivery,1
RET-002313,ORD-027882,2024-11-01,Found Better Price,1
RET-002314,ORD-027895,2023-12-02,Late Delivery,1
RET-002315,ORD-027918,2023-11-22,Not as Described,1
RET-002316,ORD-027943,2023-12-06,Late Delivery,2
RET-002317,ORD-027950,2023-11-27,Wrong Item Delivered,1
RET-002318,ORD-027951,2024-07-25,Changed Mind,1
RET-002319,ORD-027965,2024-12-12,Not as Described,1
RET-002320,ORD-027991,2025-06-05,Defective / Damaged,2
RET-002321,ORD-028029,2023-12-09,Changed Mind,2
RET-002322,ORD-028045,2023-11-25,Late Delivery,1
RET-002323,ORD-028088,2023-11-26,Wrong Item Delivered,1
RET-002324,ORD-028092,2023-11-26,Late Delivery,2
RET-002325,ORD-028095,2023-12-04,Late Delivery,1
RET-002326,ORD-028096,2023-11-30,Late Delivery,2
RET-002327,ORD-028097,2023-11-30,Defective / Damaged,1
RET-002328,ORD-028101,2023-12-07,Late Delivery,2
RET-002329,ORD-028118,2024-06-25,Changed Mind,1
RET-002330,ORD-028125,2025-04-01,Wrong Item Delivered,1
RET-002331,ORD-028129,2023-12-06,Late Delivery,1
RET-002332,ORD-028143,2023-12-08,Defective / Damaged,1
RET-002333,ORD-028147,2023-12-06,Late Delivery,1
RET-002334,ORD-028156,2024-07-30,Found Better Price,1
RET-002335,ORD-028158,2024-02-26,Not as Described,2
RET-002336,ORD-028159,2023-11-24,Not as Described,1
RET-002337,ORD-028161,2023-12-08,Found Better Price,1
RET-002338,ORD-028188,2023-11-30,Found Better Price,4
RET-002339,ORD-028197,2023-12-05,Changed Mind,1
RET-002340,ORD-028198,2024-04-06,Wrong Item Delivered,1
RET-002341,ORD-028208,2023-11-26,Wrong Item Delivered,1
RET-002342,ORD-028215,2023-12-02,Late Delivery,4
RET-002343,ORD-028242,2025-02-16,Changed Mind,1
RET-002344,ORD-028243,2024-07-20,Changed Mind,2
RET-002345,ORD-028245,2025-02-17,Changed Mind,1
RET-002346,ORD-028246,2024-02-20,Changed Mind,1
RET-002347,ORD-028264,2023-11-26,Wrong Item Delivered,1
RET-002348,ORD-028273,2024-12-14,Late Delivery,3
RET-002349,ORD-028282,2024-06-25,Wrong Item Delivered,1
RET-002350,ORD-028298,2023-12-08,Late Delivery,1
RET-002351,ORD-028307,2023-12-11,Late Delivery,1
RET-002352,ORD-028312,2025-02-05,Found Better Price,3
RET-002353,ORD-028313,2023-12-13,Late Delivery,1
RET-002354,ORD-028315,2024-09-06,Not as Described,1
RET-002355,ORD-028327,2023-12-05,Late Delivery,2
RET-002356,ORD-028338,2024-07-13,Found Better Price,1
RET-002357,ORD-028349,2025-02-10,Found Better Price,1
RET-002358,ORD-028366,2024-04-24,Changed Mind,1
RET-002359,ORD-028388,2023-12-10,Size / Fit Issue,1
RET-002360,ORD-028399,2023-12-09,Size / Fit Issue,3
RET-002361,ORD-028401,2023-11-26,Late Delivery,1
RET-002362,ORD-028403,2024-06-24,Size / Fit Issue,1
RET-002363,ORD-028406,2025-05-01,Defective / Damaged,2
RET-002364,ORD-028448,2023-12-13,Found Better Price,1
RET-002365,ORD-028453,2024-12-18,Late Delivery,1
RET-002366,ORD-028471,2023-11-26,Late Delivery,1
RET-002367,ORD-028499,2024-11-20,Not as Described,1
RET-002368,ORD-028507,2025-02-18,Wrong Item Delivered,1
RET-002369,ORD-028515,2024-02-04,Size / Fit Issue,2
RET-002370,ORD-028516,2024-09-09,Late Delivery,1
RET-002371,ORD-028517,2023-12-12,Changed Mind,2
RET-002372,ORD-028521,2025-02-05,Defective / Damaged,1
RET-002373,ORD-028533,2024-12-13,Late Delivery,5
RET-002374,ORD-028534,2024-02-11,Not as Described,1
RET-002375,ORD-028545,2024-02-18,Changed Mind,2
RET-002376,ORD-028552,2024-12-17,Changed Mind,1
RET-002377,ORD-028568,2025-03-30,Size / Fit Issue,3
RET-002378,ORD-028598,2023-12-05,Found Better Price,1
RET-002379,ORD-028604,2023-12-01,Not as Described,1
RET-002380,ORD-028638,2025-01-12,Not as Described,1
RET-002381,ORD-028644,2023-12-10,Late Delivery,1
RET-002382,ORD-028645,2023-11-28,Size / Fit Issue,1
RET-002383,ORD-028654,2023-12-06,Not as Described,1
RET-002384,ORD-028679,2023-12-04,Late Delivery,1
RET-002385,ORD-028680,2024-08-30,Wrong Item Delivered,1
RET-002386,ORD-028720,2023-12-02,Size / Fit Issue,1
RET-002387,ORD-028726,2023-12-03,Defective / Damaged,1
RET-002388,ORD-028731,2023-12-08,Not as Described,1
RET-002389,ORD-028735,2023-12-12,Late Delivery,1
RET-002390,ORD-028754,2024-02-16,Defective / Damaged,2
RET-002391,ORD-028766,2024-12-15,Late Delivery,1
RET-002392,ORD-028767,2024-08-08,Changed Mind,1
RET-002393,ORD-028768,2023-12-17,Late Delivery,1
RET-002394,ORD-028785,2024-11-14,Late Delivery,1
RET-002395,ORD-028796,2023-12-12,Late Delivery,1
RET-002396,ORD-028798,2023-12-05,Late Delivery,1
RET-002397,ORD-028804,2023-12-16,Changed Mind,1
RET-002398,ORD-028809,2023-12-05,Size / Fit Issue,1
RET-002399,ORD-028822,2023-12-12,Not as Described,1
RET-002400,ORD-028847,2023-12-08,Not as Described,1
RET-002401,ORD-028859,2023-12-04,Late Delivery,1
RET-002402,ORD-028863,2023-12-09,Size / Fit Issue,1
RET-002403,ORD-028866,2024-06-14,Changed Mind,3
RET-002404,ORD-028882,2024-09-21,Changed Mind,1
RET-002405,ORD-028886,2023-12-09,Late Delivery,1
RET-002406,ORD-028892,2024-04-28,Changed Mind,1
RET-002407,ORD-028905,2023-12-16,Found Better Price,1
RET-002408,ORD-028917,2023-12-15,Late Delivery,2
RET-002409,ORD-028945,2024-10-20,Size / Fit Issue,1
RET-002410,ORD-028948,2023-12-02,Late Delivery,1
RET-002411,ORD-028960,2023-12-07,Defective / Damaged,1
RET-002412,ORD-028961,2023-12-12,Changed Mind,1
RET-002413,ORD-028990,2023-12-16,Changed Mind,1
RET-002415,ORD-029016,2023-12-03,Wrong Item Delivered,1
RET-002416,ORD-029024,2023-12-14,Late Delivery,1
RET-002417,ORD-029032,2025-06-14,Defective / Damaged,1
RET-002418,ORD-029040,2025-01-22,Defective / Damaged,1
RET-002419,ORD-029047,2025-06-23,Changed Mind,1
RET-002420,ORD-029057,2023-12-03,Not as Described,1
RET-002421,ORD-029074,2023-12-12,Found Better Price,1
RET-002422,ORD-029084,2023-12-14,Changed Mind,2
RET-002423,ORD-029090,2023-12-05,Changed Mind,1
RET-002424,ORD-029115,2025-01-14,Late Delivery,2
RET-002425,ORD-029118,2025-01-23,Size / Fit Issue,1
RET-002426,ORD-029130,2024-07-10,Found Better Price,1
RET-002427,ORD-029153,2023-12-02,Defective / Damaged,1
RET-002428,ORD-029154,2024-01-17,Changed Mind,2
RET-002429,ORD-029170,2024-12-27,Late Delivery,1
RET-002430,ORD-029178,2023-12-09,Not as Described,1
RET-002431,ORD-029180,2023-12-10,Late Delivery,1
RET-002432,ORD-029222,2023-12-05,Late Delivery,2
RET-002433,ORD-029232,2023-12-18,Wrong Item Delivered,1
RET-002434,ORD-029235,2023-12-10,Late Delivery,1
RET-002435,ORD-029245,2024-03-09,Not as Described,1
RET-002436,ORD-029253,2023-12-20,Changed Mind,1
RET-002437,ORD-029255,2023-12-15,Late Delivery,1
RET-002438,ORD-029260,2023-12-12,Wrong Item Delivered,1
RET-002439,ORD-029263,2025-05-10,Late Delivery,1
RET-002440,ORD-029265,2023-12-15,Changed Mind,1
RET-002441,ORD-029266,2023-12-10,Reason Not Specified,2
RET-002442,ORD-029269,2023-12-18,Not as Described,1
RET-002443,ORD-029272,2025-06-16,Defective / Damaged,2
RET-002444,ORD-029284,2023-12-18,Changed Mind,1
RET-002445,ORD-029316,2023-12-06,Late Delivery,2
RET-002446,ORD-029323,2024-04-30,Found Better Price,1
RET-002447,ORD-029328,2024-07-30,Late Delivery,1
RET-002448,ORD-029341,2023-12-08,Defective / Damaged,1
RET-002449,ORD-029342,2024-11-13,Not as Described,1
RET-002450,ORD-029347,2023-12-14,Changed Mind,1
RET-002451,ORD-029378,2023-12-13,Late Delivery,1
RET-002452,ORD-029399,2023-12-09,Defective / Damaged,2
RET-002453,ORD-029412,2023-12-15,Wrong Item Delivered,1
RET-002454,ORD-029418,2024-06-06,Found Better Price,1
RET-002455,ORD-029427,2023-12-13,Defective / Damaged,1
RET-002456,ORD-029432,2024-10-09,Not as Described,1
RET-002457,ORD-029445,2023-12-09,Not as Described,1
RET-002458,ORD-029454,2024-08-26,Found Better Price,1
RET-002459,ORD-029455,2023-12-18,Found Better Price,1
RET-002460,ORD-029456,2024-12-12,Late Delivery,1
RET-002461,ORD-029461,2023-12-22,Wrong Item Delivered,2
RET-002462,ORD-029475,2023-12-07,Size / Fit Issue,1
RET-002463,ORD-029482,2023-12-22,Size / Fit Issue,1
RET-002464,ORD-029487,2023-12-15,Not as Described,1
RET-002465,ORD-029505,2023-12-13,Missing Parts / Accessories,2
RET-002466,ORD-029510,2024-02-13,Wrong Item Delivered,1
RET-002467,ORD-029516,2024-04-09,Not as Described,1
RET-002468,ORD-029525,2023-12-18,Found Better Price,1
RET-002469,ORD-029530,2023-12-05,Late Delivery,2
RET-002470,ORD-029532,2023-12-22,Late Delivery,1
RET-002471,ORD-029538,2023-12-09,Not as Described,1
RET-002472,ORD-029549,2023-12-05,Late Delivery,1
RET-002473,ORD-029557,2023-12-11,Late Delivery,1
RET-002474,ORD-029579,2023-12-23,Size / Fit Issue,1
RET-002475,ORD-029582,2023-12-15,Defective / Damaged,1
RET-002476,ORD-029594,2023-12-10,Late Delivery,1
RET-002477,ORD-029595,2023-12-23,Defective / Damaged,1
RET-002478,ORD-029596,2024-09-07,Wrong Item Delivered,1
RET-002479,ORD-029608,2024-05-05,Not as Described,1
RET-002480,ORD-029613,2023-12-13,Wrong Item Delivered,1
RET-002481,ORD-029617,2023-12-08,Changed Mind,1
RET-002482,ORD-029620,2023-12-13,Size / Fit Issue,1
RET-002483,ORD-029621,2023-12-15,Missing Parts / Accessories,2
RET-002484,ORD-029626,2025-01-08,Not as Described,1
RET-002485,ORD-029643,2023-12-23,Changed Mind,5
RET-002486,ORD-029659,2023-12-24,Missing Parts / Accessories,1
RET-002487,ORD-029661,2023-12-16,Changed Mind,2
RET-002488,ORD-029677,2024-06-30,Wrong Item Delivered,1
RET-002489,ORD-029679,2023-12-09,Late Delivery,1
RET-002490,ORD-029685,2023-12-19,Changed Mind,1
RET-002491,ORD-029687,2023-12-11,Found Better Price,1
RET-002492,ORD-029692,2024-09-25,Defective / Damaged,1
RET-002493,ORD-029693,2023-12-23,Found Better Price,4
RET-002494,ORD-029712,2023-12-19,Late Delivery,1
RET-002495,ORD-029729,2023-12-19,Wrong Item Delivered,1
RET-002496,ORD-029753,2025-01-19,Defective / Damaged,2
RET-002497,ORD-029763,2023-12-11,Defective / Damaged,2
RET-002498,ORD-029766,2023-12-14,Missing Parts / Accessories,1
RET-002499,ORD-029767,2023-12-07,Wrong Item Delivered,2
RET-002500,ORD-029778,2023-12-10,Defective / Damaged,1
RET-002501,ORD-029805,2023-12-10,Late Delivery,1
RET-002502,ORD-029821,2024-09-24,Late Delivery,1
RET-002503,ORD-029822,2023-12-20,Late Delivery,1
RET-002504,ORD-029826,2025-01-28,Late Delivery,1
RET-002505,ORD-029836,2023-12-20,Changed Mind,1
RET-002506,ORD-029838,2025-04-01,Found Better Price,2
RET-002507,ORD-029840,2023-12-14,Defective / Damaged,1
RET-002508,ORD-029854,2023-12-24,Changed Mind,2
RET-002509,ORD-029861,2024-09-28,Found Better Price,1
RET-002510,ORD-029875,2025-05-26,Size / Fit Issue,1
RET-002511,ORD-029901,2023-12-22,Size / Fit Issue,1
RET-002512,ORD-029914,2023-12-20,Changed Mind,1
RET-002513,ORD-029925,2023-12-20,Wrong Item Delivered,1
RET-002514,ORD-029954,2023-12-10,Late Delivery,1
RET-002515,ORD-029962,2025-08-11,Wrong Item Delivered,1
RET-002516,ORD-029968,2023-12-11,Defective / Damaged,1
RET-002517,ORD-029991,2025-04-21,Defective / Damaged,1
RET-002518,ORD-030031,2023-12-22,Not as Described,2
RET-002519,ORD-030094,2025-03-09,Defective / Damaged,1
RET-002520,ORD-030112,2023-12-18,Late Delivery,1
RET-002521,ORD-030114,2023-12-11,Late Delivery,1
RET-002522,ORD-030134,2023-12-20,Changed Mind,1
RET-002523,ORD-030141,2024-10-07,Changed Mind,2
RET-002524,ORD-030162,2024-10-26,Found Better Price,1
RET-002525,ORD-030167,2023-12-23,Found Better Price,1
RET-002526,ORD-030171,2023-12-28,Wrong Item Delivered,3
RET-002527,ORD-030190,2024-10-09,Wrong Item Delivered,3
RET-002528,ORD-030198,2023-12-14,Late Delivery,1
RET-002529,ORD-030199,2024-07-05,Late Delivery,1
RET-002530,ORD-030211,2023-12-17,Defective / Damaged,1
RET-002531,ORD-030224,2023-12-18,Changed Mind,1
RET-002532,ORD-030227,2024-08-06,Found Better Price,2
RET-002533,ORD-030233,2025-01-17,Not as Described,1
RET-002534,ORD-030261,2023-12-12,Late Delivery,1
RET-002535,ORD-030290,2024-01-23,Size / Fit Issue,1
RET-002536,ORD-030291,2023-12-21,Late Delivery,1
RET-002537,ORD-030301,2025-06-13,Size / Fit Issue,5
RET-002538,ORD-030302,2023-12-11,Found Better Price,1
RET-002539,ORD-030309,2023-12-12,Late Delivery,1
RET-002540,ORD-030310,2023-12-25,Size / Fit Issue,1
RET-002541,ORD-030323,2023-12-20,Changed Mind,1
RET-002542,ORD-030324,2023-12-18,Wrong Item Delivered,1
RET-002543,ORD-030330,2024-10-10,Defective / Damaged,1
RET-002544,ORD-030344,2023-12-29,Late Delivery,1
RET-002545,ORD-030359,2024-11-29,Not as Described,1
RET-002546,ORD-030370,2023-12-19,Wrong Item Delivered,1
RET-002547,ORD-030397,2025-05-11,Changed Mind,2
RET-002548,ORD-030408,2024-08-04,Changed Mind,1
RET-002549,ORD-030413,2023-12-19,Changed Mind,2
RET-002550,ORD-030428,2023-12-25,Size / Fit Issue,1
RET-002551,ORD-030440,2023-12-28,Wrong Item Delivered,1
RET-002552,ORD-030441,2023-12-17,Size / Fit Issue,1
RET-002553,ORD-030445,2023-12-15,Size / Fit Issue,1
RET-002554,ORD-030458,2024-03-21,Late Delivery,1
RET-002555,ORD-030473,2023-12-24,Wrong Item Delivered,1
RET-002556,ORD-030476,2023-12-27,Changed Mind,3
RET-002557,ORD-030478,2025-05-23,Wrong Item Delivered,1
RET-002558,ORD-030494,2023-12-23,Size / Fit Issue,2
RET-002559,ORD-030497,2023-12-18,Found Better Price,2
RET-002560,ORD-030506,2023-12-23,Defective / Damaged,1
RET-002561,ORD-030509,2025-06-22,Size / Fit Issue,1
RET-002562,ORD-030518,2023-12-17,Late Delivery,1
RET-002563,ORD-030519,2024-03-02,Not as Described,1
RET-002564,ORD-030525,2024-12-01,Late Delivery,1
RET-002565,ORD-030538,2024-03-26,Not as Described,1
RET-002566,ORD-030545,2023-12-18,Late Delivery,1
RET-002567,ORD-030546,2023-12-16,Not as Described,4
RET-002568,ORD-030572,2023-12-23,Wrong Item Delivered,2
RET-002569,ORD-030591,2025-06-08,Size / Fit Issue,1
RET-002570,ORD-030637,2023-12-16,Late Delivery,1
RET-002571,ORD-030646,2025-07-02,Changed Mind,1
RET-002572,ORD-030656,2023-12-15,Late Delivery,2
RET-002573,ORD-030665,2023-12-23,Wrong Item Delivered,1
RET-002574,ORD-030677,2023-12-20,Changed Mind,1
RET-002575,ORD-030680,2023-12-30,Found Better Price,1
RET-002576,ORD-030698,2023-12-28,Missing Parts / Accessories,3
RET-002577,ORD-030744,2024-12-11,Missing Parts / Accessories,1
RET-002578,ORD-030755,2024-05-18,Defective / Damaged,2
RET-002579,ORD-030761,2023-12-28,Late Delivery,1
RET-002580,ORD-030771,2023-12-22,Changed Mind,3
RET-002581,ORD-030772,2023-12-22,Size / Fit Issue,1
RET-002582,ORD-030777,2024-09-20,Changed Mind,1
RET-002583,ORD-030779,2023-12-16,Not as Described,1
RET-002584,ORD-030780,2024-07-22,Changed Mind,1
RET-002585,ORD-030781,2024-02-10,Wrong Item Delivered,1
RET-002586,ORD-030788,2024-01-02,Not as Described,1
RET-002587,ORD-030792,2023-12-25,Size / Fit Issue,1
RET-002588,ORD-030793,2023-12-25,Not as Described,3
RET-002589,ORD-030796,2023-12-29,Found Better Price,2
RET-002590,ORD-030797,2025-06-03,Wrong Item Delivered,1
RET-002591,ORD-030799,2024-03-16,Not as Described,1
RET-002592,ORD-030801,2023-12-20,Wrong Item Delivered,1
RET-002593,ORD-030808,2023-12-21,Late Delivery,2
RET-002594,ORD-030810,2023-12-17,Size / Fit Issue,3
RET-002595,ORD-030827,2023-12-21,Size / Fit Issue,1
RET-002596,ORD-030842,2024-01-01,Late Delivery,1
RET-002597,ORD-030843,2024-03-26,Changed Mind,1
RET-002598,ORD-030879,2024-01-18,Not as Described,1
RET-002599,ORD-030891,2023-12-30,Not as Described,1
RET-002600,ORD-030902,2024-06-21,Changed Mind,1
RET-002601,ORD-030919,2024-11-03,Missing Parts / Accessories,1
RET-002602,ORD-030923,2023-12-19,Defective / Damaged,3
RET-002603,ORD-030939,2023-12-16,Size / Fit Issue,1
RET-002604,ORD-030950,2023-12-24,Wrong Item Delivered,1
RET-002605,ORD-030962,2024-01-02,Missing Parts / Accessories,1
RET-002606,ORD-030965,2024-04-23,Not as Described,1
RET-002607,ORD-030972,2023-12-18,Size / Fit Issue,1
RET-002608,ORD-031023,2024-08-17,Defective / Damaged,2
RET-002609,ORD-031030,2024-12-04,Found Better Price,1
RET-002610,ORD-031044,2025-07-19,Wrong Item Delivered,1
RET-002611,ORD-031062,2024-02-28,Late Delivery,1
RET-002612,ORD-031081,2025-03-15,Wrong Item Delivered,1
RET-002613,ORD-031110,2023-12-22,Late Delivery,2
RET-002614,ORD-031122,2023-12-28,Found Better Price,1
RET-002615,ORD-031124,2025-05-09,Not as Described,1
RET-002616,ORD-031133,2023-12-27,Found Better Price,1
RET-002617,ORD-031144,2023-12-26,Size / Fit Issue,1
RET-002618,ORD-031147,2024-08-11,Wrong Item Delivered,1
RET-002619,ORD-031155,2024-11-03,Found Better Price,1
RET-002620,ORD-031161,2025-08-01,Late Delivery,3
RET-002621,ORD-031164,2024-01-02,Changed Mind,1
RET-002622,ORD-031194,2024-01-04,Late Delivery,1
RET-002623,ORD-031203,2024-01-01,Late Delivery,1
RET-002624,ORD-031206,2025-03-11,Not as Described,1
RET-002625,ORD-031220,2025-07-27,Found Better Price,1
RET-002626,ORD-031221,2024-12-15,Size / Fit Issue,1
RET-002627,ORD-031230,2023-12-23,Defective / Damaged,1
RET-002628,ORD-031231,2025-01-11,Changed Mind,1
RET-002629,ORD-031246,2023-12-22,Not as Described,1
RET-002630,ORD-031260,2024-09-21,Not as Described,1
RET-002631,ORD-031276,2024-01-04,Size / Fit Issue,1
RET-002632,ORD-031285,2023-12-20,Changed Mind,1
RET-002633,ORD-031295,2024-07-01,Late Delivery,1
RET-002634,ORD-031305,2023-12-25,Late Delivery,6
RET-002635,ORD-031308,2024-09-19,Found Better Price,1
RET-002636,ORD-031314,2024-01-04,Defective / Damaged,1
RET-002637,ORD-031341,2025-02-06,Wrong Item Delivered,1
RET-002638,ORD-031368,2023-12-27,Not as Described,2
RET-002639,ORD-031391,2023-12-28,Late Delivery,1
RET-002640,ORD-031411,2023-12-30,Late Delivery,1
RET-002641,ORD-031436,2023-12-26,Changed Mind,4
RET-002642,ORD-031442,2025-02-05,Defective / Damaged,1
RET-002643,ORD-031449,2024-09-15,Changed Mind,2
RET-002644,ORD-031467,2023-12-20,Wrong Item Delivered,2
RET-002645,ORD-031480,2023-12-24,Late Delivery,4
RET-002646,ORD-031485,2023-12-24,Size / Fit Issue,1
RET-002647,ORD-031505,2024-01-03,Found Better Price,1
RET-002648,ORD-031507,2024-11-10,Late Delivery,2
RET-002649,ORD-031512,2024-02-22,Wrong Item Delivered,1
RET-002650,ORD-031521,2025-01-21,Wrong Item Delivered,1
RET-002651,ORD-031544,2024-03-01,Missing Parts / Accessories,1
RET-002652,ORD-031552,2024-01-01,Changed Mind,3
RET-002653,ORD-031570,2024-04-26,Size / Fit Issue,2
RET-002654,ORD-031576,2024-01-02,Not as Described,2
RET-002655,ORD-031581,2023-12-27,Not as Described,1
RET-002656,ORD-031603,2024-01-03,Changed Mind,3
RET-002657,ORD-031633,2024-01-10,Changed Mind,1
RET-002658,ORD-031649,2023-12-22,Late Delivery,1
RET-002659,ORD-031658,2023-12-31,Missing Parts / Accessories,1
RET-002660,ORD-031676,2023-12-25,Found Better Price,1
RET-002661,ORD-031678,2025-06-14,Late Delivery,2
RET-002662,ORD-031681,2023-12-26,Size / Fit Issue,1
RET-002663,ORD-031696,2023-12-28,Found Better Price,1
RET-002664,ORD-031701,2024-11-15,Late Delivery,1
RET-002665,ORD-031713,2025-01-09,Not as Described,1
RET-002666,ORD-031748,2024-07-31,Changed Mind,1
RET-002667,ORD-031797,2025-01-09,Not as Described,1
RET-002668,ORD-031799,2024-01-01,Found Better Price,1
RET-002669,ORD-031803,2024-01-02,Defective / Damaged,1
RET-002670,ORD-031821,2023-12-30,Found Better Price,1
RET-002671,ORD-031825,2024-04-22,Changed Mind,1
RET-002672,ORD-031832,2024-09-20,Late Delivery,1
RET-002673,ORD-031833,2024-01-06,Size / Fit Issue,1
RET-002674,ORD-031873,2025-08-17,Found Better Price,4
RET-002675,ORD-031878,2024-02-14,Changed Mind,1
RET-002676,ORD-031884,2024-01-06,Changed Mind,1
RET-002677,ORD-031891,2024-01-04,Found Better Price,1
RET-002678,ORD-031896,2024-08-20,Late Delivery,1
RET-002679,ORD-031899,2024-01-01,Late Delivery,1
RET-002680,ORD-031903,2023-12-29,Late Delivery,1
RET-002681,ORD-031920,2023-12-28,Late Delivery,1
RET-002682,ORD-031924,2024-12-16,Changed Mind,2
RET-002683,ORD-031936,2023-12-25,Wrong Item Delivered,1
RET-002684,ORD-031959,2023-12-29,Changed Mind,1
RET-002685,ORD-031965,2024-12-18,Defective / Damaged,1
RET-002686,ORD-031982,2024-01-10,Not as Described,1
RET-002687,ORD-031983,2024-01-07,Changed Mind,1
RET-002688,ORD-032011,2024-01-10,Late Delivery,1
RET-002689,ORD-032018,2024-01-03,Changed Mind,1
RET-002690,ORD-032025,2023-12-28,Not as Described,3
RET-002691,ORD-032029,2023-12-26,Defective / Damaged,1
RET-002692,ORD-032039,2024-01-07,Defective / Damaged,1
RET-002693,ORD-032067,2023-12-25,Size / Fit Issue,1
RET-002694,ORD-032072,2024-04-30,Not as Described,1
RET-002695,ORD-032077,2023-12-29,Found Better Price,1
RET-002696,ORD-032085,2024-01-10,Missing Parts / Accessories,1
RET-002697,ORD-032126,2024-03-02,Not as Described,2
RET-002698,ORD-032127,2024-03-31,Changed Mind,2
RET-002699,ORD-032145,2024-01-06,Not as Described,1
RET-002700,ORD-032149,2023-12-26,Wrong Item Delivered,1
RET-002701,ORD-032159,2024-07-04,Not as Described,3
RET-002702,ORD-032169,2024-01-04,Late Delivery,1
RET-002703,ORD-032178,2025-03-22,Late Delivery,2
RET-002704,ORD-032179,2023-12-30,Not as Described,1
RET-002705,ORD-032190,2023-12-29,Defective / Damaged,1
RET-002706,ORD-032228,2024-11-17,Size / Fit Issue,1
RET-002707,ORD-032229,2024-07-06,Size / Fit Issue,2
RET-002708,ORD-032233,2024-01-06,Defective / Damaged,1
RET-002709,ORD-032234,2025-07-25,Found Better Price,1
RET-002710,ORD-032236,2025-06-30,Size / Fit Issue,1
RET-002711,ORD-032247,2025-01-16,Missing Parts / Accessories,1
RET-002712,ORD-032249,2024-01-01,Wrong Item Delivered,2
RET-002713,ORD-032252,2024-01-02,Late Delivery,1
RET-002714,ORD-032253,2025-01-02,Changed Mind,1
RET-002715,ORD-032267,2024-01-08,Size / Fit Issue,1
RET-002716,ORD-032282,2024-11-14,Size / Fit Issue,3
RET-002717,ORD-032283,2023-12-31,Defective / Damaged,1
RET-002718,ORD-032290,2023-12-31,Not as Described,1
RET-002719,ORD-032303,2024-01-12,Wrong Item Delivered,1
RET-002720,ORD-032316,2024-04-03,Late Delivery,1
RET-002721,ORD-032377,2025-08-08,Late Delivery,1
RET-002722,ORD-032387,2023-12-30,Changed Mind,1
RET-002723,ORD-032407,2024-12-30,Late Delivery,1
RET-002724,ORD-032411,2023-12-26,Late Delivery,2
RET-002725,ORD-032414,2025-06-27,Late Delivery,1
RET-002726,ORD-032415,2024-01-10,Found Better Price,3
RET-002727,ORD-032426,2023-12-28,Missing Parts / Accessories,1
RET-002728,ORD-032429,2024-01-05,Defective / Damaged,1
RET-002729,ORD-032439,2024-01-05,Size / Fit Issue,1
RET-002730,ORD-032441,2023-12-28,Changed Mind,1
RET-002731,ORD-032445,2024-01-01,Changed Mind,2
RET-002732,ORD-032453,2025-01-21,Not as Described,1
RET-002733,ORD-032455,2024-01-06,Late Delivery,3
RET-002734,ORD-032482,2024-01-05,Late Delivery,1
RET-002735,ORD-032490,2025-05-01,Defective / Damaged,2
RET-002736,ORD-032507,2023-12-30,Late Delivery,1
RET-002737,ORD-032514,2023-12-30,Defective / Damaged,1
RET-002738,ORD-032525,2024-01-07,Not as Described,1
RET-002739,ORD-032556,2024-08-26,Defective / Damaged,1
RET-002740,ORD-032570,2024-01-12,Late Delivery,1
RET-002741,ORD-032571,2025-02-23,Defective / Damaged,1
RET-002742,ORD-032605,2023-12-31,Changed Mind,1
RET-002743,ORD-032640,2024-01-09,Found Better Price,1
RET-002744,ORD-032672,2025-05-07,Found Better Price,1
RET-002745,ORD-032674,2024-01-04,Changed Mind,2
RET-002746,ORD-032687,2023-12-29,Size / Fit Issue,1
RET-002747,ORD-032709,2024-01-11,Not as Described,1
RET-002748,ORD-032715,2024-11-07,Wrong Item Delivered,1
RET-002749,ORD-032731,2024-08-15,Changed Mind,1
RET-002750,ORD-032741,2024-07-09,Wrong Item Delivered,1
RET-002751,ORD-032774,2024-01-13,Defective / Damaged,1
RET-002752,ORD-032776,2025-04-08,Found Better Price,1
RET-002753,ORD-032779,2023-12-30,Defective / Damaged,3
RET-002754,ORD-032786,2024-03-26,Found Better Price,1
RET-002755,ORD-032788,2024-01-06,Wrong Item Delivered,1
RET-002756,ORD-032813,2023-12-30,Not as Described,1
RET-002757,ORD-032817,2024-04-22,Defective / Damaged,1
RET-002758,ORD-032819,2024-01-13,Missing Parts / Accessories,1
RET-002759,ORD-032825,2023-12-29,Late Delivery,3
RET-002760,ORD-032843,2024-01-03,Not as Described,1
RET-002761,ORD-032854,2024-09-14,Late Delivery,1
RET-002762,ORD-032855,2024-07-17,Defective / Damaged,1
RET-002763,ORD-032861,2024-03-08,Changed Mind,1
RET-002764,ORD-032872,2024-01-10,Late Delivery,1
RET-002765,ORD-032930,2024-01-04,Changed Mind,2
RET-002766,ORD-032938,2024-01-17,Not as Described,1
RET-002767,ORD-032946,2024-02-12,Found Better Price,1
RET-002768,ORD-032953,2024-01-08,Late Delivery,4
RET-002769,ORD-032973,2024-01-14,Not as Described,4
RET-002770,ORD-032977,2024-01-13,Late Delivery,1
RET-002771,ORD-032979,2025-05-21,Changed Mind,2
RET-002772,ORD-032983,2024-11-18,Defective / Damaged,1
RET-002773,ORD-032987,2024-01-04,Late Delivery,1
RET-002774,ORD-032998,2024-02-06,Size / Fit Issue,2
RET-002775,ORD-033007,2024-01-16,Size / Fit Issue,1
RET-002776,ORD-033015,2024-01-05,Wrong Item Delivered,1
RET-002777,ORD-033016,2025-05-17,Changed Mind,2
RET-002778,ORD-033018,2024-12-01,Not as Described,1
RET-002779,ORD-033061,2024-06-22,Wrong Item Delivered,1
RET-002780,ORD-033084,2024-01-01,Changed Mind,1
RET-002781,ORD-033090,2025-02-18,Not as Described,1
RET-002782,ORD-033100,2024-04-30,Not as Described,2
RET-002783,ORD-033142,2024-01-06,Not as Described,2
RET-002784,ORD-033151,2024-01-14,Changed Mind,1
RET-002785,ORD-033154,2023-12-31,Late Delivery,1
RET-002786,ORD-033189,2024-01-09,Late Delivery,1
RET-002787,ORD-033195,2024-07-23,Defective / Damaged,3
RET-002788,ORD-033203,2024-01-02,Not as Described,2
RET-002789,ORD-033208,2024-07-18,Missing Parts / Accessories,1
RET-002790,ORD-033211,2024-01-17,Late Delivery,1
RET-002791,ORD-033230,2024-07-24,Late Delivery,3
RET-002792,ORD-033289,2025-04-10,Changed Mind,1
RET-002793,ORD-033290,2024-07-27,Not as Described,1
RET-002794,ORD-033302,2024-01-16,Reason Not Specified,1
RET-002795,ORD-033310,2025-05-08,Wrong Item Delivered,1
RET-002796,ORD-033318,2024-01-05,Late Delivery,1
RET-002797,ORD-033340,2024-01-18,Changed Mind,1
RET-002798,ORD-033350,2025-02-28,Not as Described,2
RET-002799,ORD-033355,2025-06-04,Late Delivery,1
RET-002800,ORD-033397,2024-01-17,Size / Fit Issue,1
RET-002801,ORD-033402,2024-01-03,Size / Fit Issue,1
RET-002802,ORD-033413,2024-01-20,Not as Described,3
RET-002803,ORD-033421,2024-04-17,Late Delivery,1
RET-002804,ORD-033422,2024-01-14,Changed Mind,1
RET-002805,ORD-033423,2024-12-21,Late Delivery,1
RET-002806,ORD-033445,2024-01-08,Late Delivery,1
RET-002807,ORD-033457,2024-01-19,Defective / Damaged,1
RET-002808,ORD-033462,2024-01-08,Size / Fit Issue,1
RET-002809,ORD-033464,2025-04-17,Found Better Price,1
RET-002810,ORD-033465,2024-01-17,Late Delivery,1
RET-002811,ORD-033498,2024-06-22,Defective / Damaged,3
RET-002812,ORD-033509,2024-01-03,Size / Fit Issue,1
RET-002813,ORD-033521,2025-02-21,Size / Fit Issue,1
RET-002814,ORD-033524,2024-01-14,Late Delivery,5
RET-002815,ORD-033538,2024-01-10,Defective / Damaged,1
RET-002816,ORD-033545,2024-01-14,Not as Described,1
RET-002817,ORD-033547,2024-01-11,Changed Mind,3
RET-002818,ORD-033549,2024-01-15,Changed Mind,5
RET-002819,ORD-033560,2024-01-09,Changed Mind,1
RET-002820,ORD-033581,2024-01-09,Defective / Damaged,2
RET-002821,ORD-033588,2025-05-18,Wrong Item Delivered,1
RET-002822,ORD-033595,2024-01-17,Size / Fit Issue,1
RET-002823,ORD-033603,2024-01-05,Size / Fit Issue,1
RET-002824,ORD-033609,2024-01-12,Not as Described,1
RET-002825,ORD-033628,2025-07-20,Changed Mind,1
RET-002826,ORD-033642,2024-01-09,Size / Fit Issue,1
RET-002827,ORD-033659,2024-01-11,Wrong Item Delivered,1
RET-002828,ORD-033676,2025-01-22,Missing Parts / Accessories,1
RET-002829,ORD-033677,2024-03-29,Defective / Damaged,1
RET-002830,ORD-033678,2024-01-09,Found Better Price,1
RET-002831,ORD-033685,2024-01-18,Not as Described,1
RET-002832,ORD-033687,2025-04-04,Size / Fit Issue,1
RET-002833,ORD-033699,2025-06-04,Changed Mind,1
RET-002834,ORD-033701,2024-01-08,Late Delivery,2
RET-002835,ORD-033705,2025-01-19,Defective / Damaged,1
RET-002836,ORD-033708,2025-07-28,Missing Parts / Accessories,1
RET-002837,ORD-033714,2025-01-22,Found Better Price,1
RET-002838,ORD-033718,2024-01-14,Late Delivery,3
RET-002839,ORD-033720,2024-05-04,Not as Described,1
RET-002840,ORD-033729,2024-11-24,Defective / Damaged,1
RET-002841,ORD-033734,2024-05-18,Not as Described,1
RET-002842,ORD-033737,2024-01-18,Found Better Price,1
RET-002843,ORD-033738,2024-10-17,Defective / Damaged,2
RET-002844,ORD-033768,2025-06-29,Changed Mind,1
RET-002845,ORD-033778,2024-01-20,Not as Described,1
RET-002846,ORD-033785,2024-01-10,Found Better Price,1
RET-002847,ORD-033788,2024-01-16,Not as Described,1
RET-002848,ORD-033798,2024-05-10,Late Delivery,1
RET-002849,ORD-033811,2024-12-08,Size / Fit Issue,1
RET-002850,ORD-033818,2024-01-17,Late Delivery,1
RET-002851,ORD-033826,2025-07-19,Found Better Price,2
RET-002852,ORD-033828,2024-01-18,Defective / Damaged,1
RET-002853,ORD-033838,2024-05-25,Not as Described,2
RET-002854,ORD-033867,2024-01-12,Not as Described,2
RET-002855,ORD-033877,2024-01-16,Changed Mind,1
RET-002856,ORD-033878,2024-01-21,Size / Fit Issue,2
RET-002857,ORD-033883,2024-01-22,Changed Mind,1
RET-002858,ORD-033893,2024-01-09,Not as Described,3
RET-002859,ORD-033903,2024-04-24,Found Better Price,1
RET-002860,ORD-033904,2024-01-08,Changed Mind,1
RET-002861,ORD-033960,2024-01-14,Changed Mind,1
RET-002862,ORD-033983,2024-01-21,Wrong Item Delivered,1
RET-002863,ORD-033986,2025-01-18,Not as Described,1
RET-002864,ORD-033997,2024-11-17,Size / Fit Issue,2
RET-002865,ORD-034010,2024-01-12,Wrong Item Delivered,1
RET-002866,ORD-034014,2024-01-18,Not as Described,1
RET-002867,ORD-034021,2024-07-10,Changed Mind,2
RET-002868,ORD-034027,2024-01-22,Late Delivery,1
RET-002869,ORD-034046,2024-07-16,Defective / Damaged,1
RET-002870,ORD-034048,2024-01-23,Size / Fit Issue,1
RET-002871,ORD-034059,2024-01-17,Size / Fit Issue,1
RET-002872,ORD-034074,2024-11-10,Found Better Price,1
RET-002873,ORD-034078,2024-01-10,Size / Fit Issue,1
RET-002874,ORD-034104,2024-01-19,Changed Mind,2
RET-002875,ORD-034138,2025-07-04,Size / Fit Issue,1
RET-002876,ORD-034145,2024-12-23,Late Delivery,1
RET-002877,ORD-034196,2024-01-23,Size / Fit Issue,1
RET-002878,ORD-034204,2024-01-26,Size / Fit Issue,3
RET-002879,ORD-034206,2024-12-07,Found Better Price,1
RET-002880,ORD-034236,2024-01-26,Changed Mind,1
RET-002881,ORD-034259,2024-07-01,Not as Described,1
RET-002882,ORD-034275,2024-12-22,Found Better Price,1
RET-002883,ORD-034278,2024-10-29,Late Delivery,1
RET-002884,ORD-034281,2024-01-12,Size / Fit Issue,1
RET-002885,ORD-034287,2024-01-23,Late Delivery,2
RET-002886,ORD-034290,2025-06-11,Missing Parts / Accessories,4
RET-002887,ORD-034301,2024-01-24,Late Delivery,1
RET-002888,ORD-034302,2024-05-28,Defective / Damaged,1
RET-002889,ORD-034305,2024-01-16,Size / Fit Issue,5
RET-002890,ORD-034314,2025-03-06,Wrong Item Delivered,1
RET-002891,ORD-034349,2024-01-16,Defective / Damaged,1
RET-002892,ORD-034351,2024-12-08,Size / Fit Issue,1
RET-002893,ORD-034362,2024-01-14,Changed Mind,2
RET-002894,ORD-034369,2024-01-31,Not as Described,1
RET-002895,ORD-034371,2024-01-20,Size / Fit Issue,1
RET-002896,ORD-034376,2025-05-26,Wrong Item Delivered,1
RET-002897,ORD-034414,2024-01-25,Not as Described,1
RET-002898,ORD-034437,2024-01-17,Size / Fit Issue,1
RET-002899,ORD-034439,2024-01-23,Wrong Item Delivered,3
RET-002900,ORD-034447,2024-04-14,Not as Described,1
RET-002901,ORD-034449,2024-01-19,Size / Fit Issue,1
RET-002902,ORD-034452,2024-01-29,Changed Mind,1
RET-002903,ORD-034462,2024-01-28,Size / Fit Issue,1
RET-002904,ORD-034463,2025-07-05,Found Better Price,1
RET-002905,ORD-034468,2025-06-11,Not as Described,3
RET-002906,ORD-034521,2024-01-27,Wrong Item Delivered,1
RET-002907,ORD-034535,2024-01-30,Not as Described,1
RET-002908,ORD-034538,2024-01-17,Wrong Item Delivered,2
RET-002909,ORD-034590,2025-05-27,Wrong Item Delivered,2
RET-002910,ORD-034595,2024-01-22,Defective / Damaged,1
RET-002911,ORD-034601,2024-01-23,Wrong Item Delivered,1
RET-002912,ORD-034602,2024-02-02,Defective / Damaged,1
RET-002913,ORD-034624,2025-02-21,Not as Described,1
RET-002914,ORD-034631,2024-01-16,Wrong Item Delivered,1
RET-002915,ORD-034637,2024-02-02,Changed Mind,1
RET-002916,ORD-034639,2025-06-11,Defective / Damaged,1
RET-002917,ORD-034657,2024-09-22,Changed Mind,3
RET-002918,ORD-034659,2024-01-26,Defective / Damaged,1
RET-002919,ORD-034660,2024-01-17,Late Delivery,1
RET-002920,ORD-034705,2025-06-26,Late Delivery,1
RET-002921,ORD-034710,2024-01-21,Defective / Damaged,1
RET-002922,ORD-034722,2024-01-18,Found Better Price,1
RET-002923,ORD-034730,2024-01-27,Size / Fit Issue,1
RET-002924,ORD-034748,2024-01-18,Defective / Damaged,1
RET-002925,ORD-034749,2024-02-02,Defective / Damaged,1
RET-002926,ORD-034764,2024-01-20,Size / Fit Issue,1
RET-002927,ORD-034770,2025-08-03,Wrong Item Delivered,1
RET-002928,ORD-034792,2024-02-01,Changed Mind,2
RET-002929,ORD-034795,2024-01-26,Not as Described,1
RET-002930,ORD-034813,2025-05-27,Changed Mind,1
RET-002931,ORD-034831,2024-01-31,Wrong Item Delivered,1
RET-002932,ORD-034839,2025-04-14,Wrong Item Delivered,2
RET-002933,ORD-034844,2024-02-04,Defective / Damaged,1
RET-002934,ORD-034846,2024-01-29,Late Delivery,1
RET-002935,ORD-034864,2024-01-22,Late Delivery,1
RET-002936,ORD-034884,2024-07-11,Late Delivery,1
RET-002937,ORD-034896,2025-04-09,Found Better Price,1
RET-002938,ORD-034898,2024-01-27,Not as Described,1
RET-002939,ORD-034926,2024-03-19,Not as Described,1
RET-002940,ORD-035006,2024-01-31,Size / Fit Issue,1
RET-002941,ORD-035023,2025-03-25,Wrong Item Delivered,1
RET-002942,ORD-035032,2024-08-19,Late Delivery,1
RET-002943,ORD-035036,2024-01-26,Size / Fit Issue,1
RET-002944,ORD-035044,2024-02-08,Defective / Damaged,1
RET-002945,ORD-035051,2024-01-22,Size / Fit Issue,1
RET-002946,ORD-035058,2024-01-21,Changed Mind,2
RET-002947,ORD-035077,2024-01-31,Size / Fit Issue,1
RET-002948,ORD-035083,2024-01-25,Size / Fit Issue,1
RET-002949,ORD-035094,2025-01-04,Size / Fit Issue,1
RET-002950,ORD-035106,2024-02-08,Defective / Damaged,1
RET-002951,ORD-035116,2024-06-28,Late Delivery,1
RET-002952,ORD-035121,2024-02-09,Late Delivery,2
RET-002953,ORD-035122,2024-09-11,Changed Mind,1
RET-002954,ORD-035143,2024-01-29,Size / Fit Issue,1
RET-002955,ORD-035144,2025-05-08,Wrong Item Delivered,1
RET-002956,ORD-035155,2024-12-02,Size / Fit Issue,1
RET-002957,ORD-035164,2024-01-23,Defective / Damaged,1
RET-002958,ORD-035186,2024-06-01,Changed Mind,1
RET-002959,ORD-035188,2024-01-29,Not as Described,1
RET-002960,ORD-035217,2024-01-30,Wrong Item Delivered,1
RET-002961,ORD-035224,2024-01-26,Changed Mind,1
RET-002962,ORD-035243,2024-02-03,Late Delivery,1
RET-002963,ORD-035249,2024-01-25,Changed Mind,1
RET-002964,ORD-035253,2025-04-22,Size / Fit Issue,1
RET-002965,ORD-035254,2025-04-10,Found Better Price,2
RET-002966,ORD-035275,2024-02-05,Size / Fit Issue,2
RET-002967,ORD-035284,2025-04-24,Not as Described,1
RET-002968,ORD-035285,2024-02-03,Not as Described,1
RET-002969,ORD-035300,2024-02-07,Defective / Damaged,1
RET-002970,ORD-035328,2025-03-09,Changed Mind,1
RET-002971,ORD-035329,2024-07-31,Size / Fit Issue,2
RET-002972,ORD-035331,2024-01-25,Size / Fit Issue,1
RET-002973,ORD-035332,2025-02-26,Changed Mind,1
RET-002974,ORD-035334,2025-02-18,Found Better Price,1
RET-002975,ORD-035368,2024-02-03,Late Delivery,1
RET-002976,ORD-035369,2024-01-27,Not as Described,1
RET-002977,ORD-035385,2024-02-08,Not as Described,1
RET-002978,ORD-035398,2024-02-08,Not as Described,1
RET-002979,ORD-035413,2024-02-01,Found Better Price,1
RET-002980,ORD-035415,2024-02-08,Not as Described,2
RET-002981,ORD-035422,2024-11-21,Changed Mind,1
RET-002982,ORD-035424,2024-12-16,Size / Fit Issue,1
RET-002983,ORD-035451,2024-02-01,Found Better Price,2
RET-002984,ORD-035476,2024-01-28,Changed Mind,1
RET-002985,ORD-035480,2024-02-11,Defective / Damaged,2
RET-002986,ORD-035484,2025-02-21,Late Delivery,1
RET-002987,ORD-035497,2025-01-02,Late Delivery,1
RET-002988,ORD-035530,2024-02-13,Size / Fit Issue,1
RET-002989,ORD-035568,2024-02-08,Changed Mind,2
RET-002990,ORD-035569,2024-02-08,Not as Described,1
RET-002991,ORD-035577,2024-01-30,Changed Mind,3
RET-002992,ORD-035588,2024-01-31,Found Better Price,1
RET-002993,ORD-035612,2024-02-11,Changed Mind,1
RET-002994,ORD-035635,2025-02-16,Found Better Price,1
RET-002995,ORD-035676,2024-02-11,Not as Described,1
RET-002996,ORD-035680,2024-02-12,Found Better Price,1
RET-002997,ORD-035681,2024-02-05,Defective / Damaged,3
RET-002998,ORD-035698,2024-02-09,Size / Fit Issue,3
RET-002999,ORD-035715,2024-02-11,Found Better Price,2
RET-003000,ORD-035754,2024-07-15,Size / Fit Issue,1
RET-003001,ORD-035756,2024-02-15,Wrong Item Delivered,1
RET-003002,ORD-035761,2025-01-06,Changed Mind,1
RET-003003,ORD-035768,2024-12-16,Wrong Item Delivered,1
RET-003004,ORD-035787,2024-02-14,Size / Fit Issue,4
RET-003005,ORD-035825,2024-02-15,Found Better Price,1
RET-003006,ORD-035840,2024-02-14,Changed Mind,1
RET-003007,ORD-035854,2024-02-02,Late Delivery,1
RET-003008,ORD-035858,2024-02-18,Changed Mind,1
RET-003009,ORD-035860,2024-07-17,Not as Described,1
RET-003010,ORD-035877,2024-02-18,Changed Mind,3
RET-003011,ORD-035900,2024-02-03,Defective / Damaged,1
RET-003012,ORD-035923,2024-09-23,Wrong Item Delivered,3
RET-003013,ORD-035932,2024-02-10,Not as Described,4
RET-003014,ORD-035939,2024-02-19,Wrong Item Delivered,1
RET-003015,ORD-035941,2024-02-11,Late Delivery,1
RET-003016,ORD-035990,2024-02-02,Defective / Damaged,1
RET-003017,ORD-036006,2024-12-11,Wrong Item Delivered,1
RET-003018,ORD-036013,2025-04-05,Size / Fit Issue,2
RET-003019,ORD-036044,2024-02-17,Changed Mind,1
RET-003020,ORD-036050,2024-05-28,Not as Described,2
RET-003021,ORD-036053,2024-02-18,Late Delivery,1
RET-003022,ORD-036057,2025-02-21,Not as Described,1
RET-003023,ORD-036077,2024-02-10,Late Delivery,3
RET-003024,ORD-036095,2024-02-14,Size / Fit Issue,2
RET-003025,ORD-036103,2024-06-06,Size / Fit Issue,1
RET-003026,ORD-036107,2024-02-09,Not as Described,1
RET-003027,ORD-036116,2024-08-05,Changed Mind,1
RET-003028,ORD-036123,2024-02-07,Size / Fit Issue,2
RET-003029,ORD-036131,2024-02-21,Size / Fit Issue,3
RET-003030,ORD-036133,2024-02-07,Defective / Damaged,1
RET-003031,ORD-036135,2024-02-13,Wrong Item Delivered,1
RET-003032,ORD-036136,2024-05-29,Changed Mind,2
RET-003033,ORD-036138,2025-04-03,Found Better Price,1
RET-003034,ORD-036160,2024-07-21,Defective / Damaged,2
RET-003035,ORD-036161,2024-12-29,Size / Fit Issue,1
RET-003036,ORD-036164,2024-02-11,Late Delivery,1
RET-003037,ORD-036166,2025-01-16,Wrong Item Delivered,1
RET-003038,ORD-036183,2024-02-11,Defective / Damaged,1
RET-003039,ORD-036191,2024-05-30,Defective / Damaged,1
RET-003040,ORD-036219,2024-02-06,Missing Parts / Accessories,1
RET-003041,ORD-036249,2024-02-20,Changed Mind,1
RET-003042,ORD-036260,2024-02-12,Size / Fit Issue,1
RET-003043,ORD-036272,2024-02-23,Size / Fit Issue,1
RET-003044,ORD-036302,2024-10-23,Found Better Price,1
RET-003045,ORD-036303,2025-04-17,Late Delivery,1
RET-003046,ORD-036348,2025-03-05,Size / Fit Issue,2
RET-003047,ORD-036368,2024-09-01,Not as Described,1
RET-003048,ORD-036369,2024-02-14,Not as Described,1
RET-003049,ORD-036391,2024-02-23,Found Better Price,4
RET-003050,ORD-036398,2024-02-19,Size / Fit Issue,1
RET-003051,ORD-036419,2024-02-13,Late Delivery,1
RET-003052,ORD-036428,2024-02-21,Late Delivery,1
RET-003053,ORD-036449,2024-02-08,Defective / Damaged,2
RET-003054,ORD-036455,2024-12-21,Late Delivery,1
RET-003055,ORD-036463,2024-02-12,Found Better Price,3
RET-003056,ORD-036486,2024-09-14,Defective / Damaged,3
RET-003057,ORD-036492,2024-06-16,Defective / Damaged,2
RET-003058,ORD-036502,2024-02-11,Not as Described,1
RET-003059,ORD-036509,2025-02-11,Found Better Price,1
RET-003060,ORD-036518,2025-07-26,Defective / Damaged,1
RET-003061,ORD-036523,2024-02-24,Not as Described,1
RET-003062,ORD-036539,2024-02-24,Wrong Item Delivered,1
RET-003063,ORD-036555,2024-12-14,Late Delivery,1
RET-003064,ORD-036560,2025-02-21,Size / Fit Issue,1
RET-003065,ORD-036569,2025-01-15,Late Delivery,1
RET-003066,ORD-036587,2024-02-10,Not as Described,1
RET-003067,ORD-036591,2024-02-16,Changed Mind,2
RET-003068,ORD-036636,2025-02-24,Late Delivery,1
RET-003069,ORD-036647,2024-08-18,Changed Mind,2
RET-003070,ORD-036662,2024-07-19,Defective / Damaged,1
RET-003071,ORD-036680,2025-01-15,Late Delivery,1
RET-003072,ORD-036691,2025-04-04,Defective / Damaged,3
RET-003073,ORD-036702,2024-02-28,Not as Described,1
RET-003074,ORD-036715,2024-04-10,Reason Not Specified,1
RET-003075,ORD-036743,2025-01-03,Late Delivery,1
RET-003076,ORD-036761,2024-02-12,Wrong Item Delivered,1
RET-003077,ORD-036786,2024-02-13,Size / Fit Issue,1
RET-003078,ORD-036794,2024-02-17,Found Better Price,1
RET-003079,ORD-036798,2024-02-14,Defective / Damaged,1
RET-003080,ORD-036809,2024-02-23,Found Better Price,1
RET-003081,ORD-036816,2024-08-22,Defective / Damaged,1
RET-003082,ORD-036817,2024-02-13,Wrong Item Delivered,1
RET-003083,ORD-036821,2024-02-26,Wrong Item Delivered,1
RET-003084,ORD-036830,2025-03-05,Not as Described,1
RET-003085,ORD-036832,2024-02-24,Found Better Price,2
RET-003086,ORD-036837,2024-02-24,Not as Described,1
RET-003087,ORD-036838,2024-10-14,Not as Described,1
RET-003088,ORD-036852,2024-02-21,Size / Fit Issue,1
RET-003089,ORD-036859,2025-06-17,Size / Fit Issue,1
RET-003090,ORD-036871,2024-02-26,Found Better Price,1
RET-003091,ORD-036872,2024-02-29,Defective / Damaged,1
RET-003092,ORD-036880,2024-10-03,Missing Parts / Accessories,1
RET-003093,ORD-036896,2025-06-09,Changed Mind,5
RET-003094,ORD-036907,2024-02-22,Changed Mind,1
RET-003095,ORD-036921,2024-11-28,Defective / Damaged,5
RET-003096,ORD-036944,2024-02-17,Defective / Damaged,1
RET-003097,ORD-036974,2024-02-15,Late Delivery,1
RET-003098,ORD-036984,2024-02-24,Late Delivery,1
RET-003099,ORD-037005,2024-02-25,Changed Mind,1
RET-003100,ORD-037034,2025-01-21,Late Delivery,1
RET-003101,ORD-037044,2024-06-26,Late Delivery,1
RET-003102,ORD-037054,2025-07-19,Late Delivery,1
RET-003103,ORD-037064,2025-05-28,Late Delivery,1
RET-003104,ORD-037069,2024-02-21,Not as Described,1
RET-003105,ORD-037099,2024-02-24,Size / Fit Issue,1
RET-003106,ORD-037103,2024-03-02,Size / Fit Issue,1
RET-003107,ORD-037105,2024-02-28,Defective / Damaged,1
RET-003108,ORD-037116,2024-05-13,Found Better Price,2
RET-003109,ORD-037121,2024-02-17,Not as Described,1
RET-003110,ORD-037124,2024-08-09,Wrong Item Delivered,1
RET-003111,ORD-037135,2024-11-30,Size / Fit Issue,1
RET-003112,ORD-037139,2024-04-04,Late Delivery,1
RET-003113,ORD-037142,2025-04-08,Late Delivery,2
RET-003114,ORD-037149,2024-03-02,Size / Fit Issue,1
RET-003115,ORD-037151,2024-03-03,Late Delivery,2
RET-003116,ORD-037173,2024-03-05,Not as Described,1
RET-003117,ORD-037198,2024-02-19,Not as Described,1
RET-003118,ORD-037201,2025-02-22,Changed Mind,1
RET-003119,ORD-037215,2024-03-04,Changed Mind,1
RET-003120,ORD-037221,2024-02-18,Size / Fit Issue,1
RET-003121,ORD-037235,2024-04-09,Defective / Damaged,1
RET-003122,ORD-037243,2024-02-22,Defective / Damaged,1
RET-003123,ORD-037252,2025-06-23,Size / Fit Issue,1
RET-003124,ORD-037269,2024-03-02,Defective / Damaged,1
RET-003125,ORD-037304,2024-03-05,Size / Fit Issue,2
RET-003126,ORD-037326,2024-02-26,Not as Described,1
RET-003127,ORD-037359,2025-01-01,Defective / Damaged,2
RET-003128,ORD-037363,2024-10-09,Defective / Damaged,2
RET-003129,ORD-037384,2024-12-29,Not as Described,1
RET-003130,ORD-037388,2024-03-07,Found Better Price,1
RET-003131,ORD-037393,2024-02-26,Changed Mind,1
RET-003132,ORD-037400,2025-05-30,Defective / Damaged,1
RET-003133,ORD-037417,2024-06-20,Late Delivery,1
RET-003134,ORD-037435,2025-03-03,Reason Not Specified,1
RET-003135,ORD-037454,2024-11-06,Changed Mind,1
RET-003136,ORD-037476,2025-02-22,Found Better Price,2
RET-003137,ORD-037480,2025-06-06,Wrong Item Delivered,1
RET-003138,ORD-037504,2025-07-03,Missing Parts / Accessories,1
RET-003139,ORD-037527,2024-03-08,Size / Fit Issue,1
RET-003140,ORD-037591,2024-02-25,Changed Mind,3
RET-003141,ORD-037610,2024-03-01,Late Delivery,1
RET-003142,ORD-037623,2024-02-22,Changed Mind,1
RET-003143,ORD-037635,2024-02-23,Defective / Damaged,2
RET-003144,ORD-037647,2024-02-28,Size / Fit Issue,1
RET-003145,ORD-037649,2024-07-14,Changed Mind,1
RET-003146,ORD-037671,2024-03-01,Found Better Price,1
RET-003147,ORD-037690,2024-03-08,Found Better Price,1
RET-003148,ORD-037699,2024-03-04,Size / Fit Issue,2
RET-003149,ORD-037705,2024-03-10,Defective / Damaged,1
RET-003150,ORD-037720,2024-08-02,Late Delivery,1
RET-003151,ORD-037726,2024-03-10,Changed Mind,1
RET-003152,ORD-037727,2024-02-24,Late Delivery,1
RET-003153,ORD-037731,2024-03-01,Not as Described,1
RET-003154,ORD-037733,2024-06-26,Not as Described,1
RET-003155,ORD-037736,2024-03-10,Changed Mind,1
RET-003156,ORD-037770,2024-02-28,Size / Fit Issue,1
RET-003157,ORD-037772,2025-01-24,Defective / Damaged,1
RET-003158,ORD-037805,2024-03-03,Late Delivery,2
RET-003159,ORD-037815,2024-10-24,Late Delivery,1
RET-003160,ORD-037819,2024-03-06,Defective / Damaged,1
RET-003161,ORD-037823,2024-03-03,Wrong Item Delivered,1
RET-003162,ORD-037827,2024-03-06,Changed Mind,1
RET-003163,ORD-037837,2024-03-05,Late Delivery,2
RET-003164,ORD-037845,2025-02-12,Found Better Price,4
RET-003165,ORD-037861,2024-03-11,Size / Fit Issue,3
RET-003166,ORD-037875,2024-03-12,Found Better Price,2
RET-003167,ORD-037877,2024-03-14,Not as Described,1
RET-003168,ORD-037880,2025-03-14,Changed Mind,1
RET-003169,ORD-037885,2024-02-28,Wrong Item Delivered,1
RET-003170,ORD-037890,2024-03-01,Late Delivery,1
RET-003171,ORD-037904,2024-02-25,Missing Parts / Accessories,2
RET-003172,ORD-037927,2024-02-26,Defective / Damaged,2
RET-003173,ORD-037936,2024-02-27,Wrong Item Delivered,1
RET-003174,ORD-037937,2024-03-03,Size / Fit Issue,1
RET-003175,ORD-037944,2024-07-24,Wrong Item Delivered,8
RET-003176,ORD-037979,2024-11-04,Size / Fit Issue,2
RET-003177,ORD-037995,2024-10-30,Late Delivery,3
RET-003178,ORD-038003,2024-02-27,Defective / Damaged,1
RET-003179,ORD-038016,2025-01-27,Found Better Price,2
RET-003180,ORD-038040,2024-03-13,Wrong Item Delivered,1
RET-003181,ORD-038047,2025-05-04,Found Better Price,1
RET-003182,ORD-038048,2024-03-02,Wrong Item Delivered,1
RET-003183,ORD-038067,2024-03-05,Wrong Item Delivered,1
RET-003184,ORD-038071,2024-05-05,Found Better Price,2
RET-003185,ORD-038072,2025-03-21,Changed Mind,1
RET-003186,ORD-038100,2024-03-04,Size / Fit Issue,1
RET-003187,ORD-038112,2024-03-10,Size / Fit Issue,1
RET-003188,ORD-038132,2024-09-25,Not as Described,1
RET-003189,ORD-038194,2024-04-12,Changed Mind,1
RET-003190,ORD-038219,2024-03-18,Changed Mind,1
RET-003191,ORD-038237,2024-04-05,Size / Fit Issue,3
RET-003192,ORD-038244,2025-06-04,Changed Mind,1
RET-003193,ORD-038265,2025-01-16,Late Delivery,1
RET-003194,ORD-038299,2024-03-05,Not as Described,1
RET-003195,ORD-038301,2024-03-10,Changed Mind,2
RET-003196,ORD-038320,2025-06-15,Defective / Damaged,1
RET-003197,ORD-038324,2024-03-16,Found Better Price,2
RET-003198,ORD-038334,2024-12-27,Reason Not Specified,1
RET-003199,ORD-038347,2024-12-20,Late Delivery,1
RET-003200,ORD-038364,2024-03-09,Size / Fit Issue,1
RET-003201,ORD-038370,2024-03-19,Not as Described,1
RET-003202,ORD-038385,2025-07-20,Not as Described,1
RET-003203,ORD-038408,2024-11-18,Late Delivery,1
RET-003204,ORD-038409,2024-03-08,Size / Fit Issue,1
RET-003205,ORD-038429,2024-03-08,Size / Fit Issue,1
RET-003206,ORD-038481,2024-03-21,Not as Described,2
RET-003207,ORD-038482,2024-03-16,Late Delivery,2
RET-003208,ORD-038484,2025-01-26,Wrong Item Delivered,1
RET-003209,ORD-038521,2024-03-09,Not as Described,3
RET-003210,ORD-038526,2024-03-04,Defective / Damaged,1
RET-003211,ORD-038529,2024-03-11,Defective / Damaged,1
RET-003212,ORD-038540,2024-03-10,Defective / Damaged,1
RET-003213,ORD-038544,2025-08-15,Defective / Damaged,1
RET-003214,ORD-038550,2024-03-14,Size / Fit Issue,1
RET-003215,ORD-038596,2024-03-12,Changed Mind,1
RET-003216,ORD-038616,2024-03-18,Size / Fit Issue,1
RET-003217,ORD-038626,2024-03-20,Changed Mind,1
RET-003218,ORD-038632,2025-02-05,Defective / Damaged,1
RET-003219,ORD-038648,2024-03-10,Wrong Item Delivered,1
RET-003220,ORD-038654,2024-03-12,Not as Described,2
RET-003221,ORD-038713,2024-03-23,Not as Described,1
RET-003222,ORD-038723,2024-03-14,Late Delivery,1
RET-003223,ORD-038762,2024-03-16,Size / Fit Issue,1
RET-003224,ORD-038782,2024-06-01,Changed Mind,1
RET-003225,ORD-038784,2025-01-17,Size / Fit Issue,1
RET-003226,ORD-038786,2025-05-31,Changed Mind,1
RET-003227,ORD-038791,2024-03-19,Wrong Item Delivered,1
RET-003228,ORD-038792,2024-03-10,Changed Mind,1
RET-003229,ORD-038793,2024-05-01,Late Delivery,1
RET-003230,ORD-038802,2024-03-10,Changed Mind,1
RET-003231,ORD-038867,2024-03-16,Size / Fit Issue,1
RET-003232,ORD-038869,2025-01-05,Wrong Item Delivered,1
RET-003233,ORD-038871,2024-03-23,Defective / Damaged,1
RET-003234,ORD-038877,2024-06-26,Not as Described,1
RET-003235,ORD-038894,2024-03-22,Late Delivery,1
RET-003236,ORD-038897,2024-03-23,Wrong Item Delivered,2
RET-003237,ORD-038898,2024-03-24,Wrong Item Delivered,2
RET-003238,ORD-038904,2024-03-13,Size / Fit Issue,1
RET-003239,ORD-038909,2024-03-09,Not as Described,1
RET-003240,ORD-038938,2024-03-15,Changed Mind,1
RET-003241,ORD-038945,2024-03-23,Late Delivery,2
RET-003242,ORD-038948,2024-11-26,Not as Described,1
RET-003243,ORD-038950,2024-12-07,Late Delivery,1
RET-003244,ORD-038980,2024-03-15,Changed Mind,1
RET-003245,ORD-038983,2024-11-29,Wrong Item Delivered,1
RET-003246,ORD-038988,2024-03-14,Size / Fit Issue,1
RET-003247,ORD-038994,2024-03-10,Late Delivery,1
RET-003248,ORD-039024,2024-11-29,Late Delivery,1
RET-003249,ORD-039028,2024-03-21,Found Better Price,1
RET-003250,ORD-039057,2025-01-05,Defective / Damaged,1
RET-003251,ORD-039059,2024-03-16,Changed Mind,1
RET-003252,ORD-039062,2024-05-25,Size / Fit Issue,1
RET-003253,ORD-039067,2024-12-27,Wrong Item Delivered,1
RET-003254,ORD-039068,2024-03-28,Not as Described,3
RET-003255,ORD-039071,2025-06-05,Late Delivery,1
RET-003256,ORD-039090,2024-03-15,Size / Fit Issue,1
RET-003257,ORD-039112,2024-03-27,Not as Described,3
RET-003258,ORD-039136,2025-01-12,Not as Described,1
RET-003259,ORD-039141,2024-03-27,Size / Fit Issue,1
RET-003260,ORD-039147,2024-03-13,Defective / Damaged,5
RET-003261,ORD-039164,2025-06-27,Changed Mind,1
RET-003262,ORD-039166,2024-03-17,Found Better Price,1
RET-003263,ORD-039170,2024-03-23,Defective / Damaged,1
RET-003264,ORD-039189,2024-03-29,Missing Parts / Accessories,1
RET-003265,ORD-039227,2024-03-28,Size / Fit Issue,1
RET-003266,ORD-039256,2024-03-27,Not as Described,1
RET-003267,ORD-039268,2024-03-28,Not as Described,1
RET-003268,ORD-039291,2024-03-19,Size / Fit Issue,1
RET-003269,ORD-039302,2024-03-30,Defective / Damaged,1
RET-003270,ORD-039305,2025-05-09,Not as Described,1
RET-003271,ORD-039312,2024-03-22,Not as Described,1
RET-003272,ORD-039317,2025-03-26,Late Delivery,3
RET-003273,ORD-039318,2024-03-28,Wrong Item Delivered,2
RET-003274,ORD-039323,2024-03-13,Wrong Item Delivered,2
RET-003275,ORD-039333,2024-03-26,Size / Fit Issue,2
RET-003276,ORD-039338,2024-03-16,Wrong Item Delivered,1
RET-003277,ORD-039360,2024-03-13,Wrong Item Delivered,1
RET-003278,ORD-039362,2025-06-06,Not as Described,1
RET-003279,ORD-039363,2024-03-24,Late Delivery,2
RET-003280,ORD-039378,2024-03-30,Changed Mind,1
RET-003281,ORD-039430,2024-03-27,Size / Fit Issue,1
RET-003282,ORD-039440,2024-03-24,Late Delivery,1
RET-003283,ORD-039455,2024-03-16,Defective / Damaged,3
RET-003284,ORD-039460,2025-01-04,Found Better Price,1
RET-003285,ORD-039480,2024-03-16,Not as Described,1
RET-003286,ORD-039481,2024-03-16,Late Delivery,1
RET-003287,ORD-039484,2025-02-10,Size / Fit Issue,3
RET-003288,ORD-039485,2024-03-27,Found Better Price,1
RET-003289,ORD-039509,2024-03-16,Late Delivery,2
RET-003290,ORD-039518,2024-03-16,Wrong Item Delivered,2
RET-003291,ORD-039528,2024-03-31,Late Delivery,1
RET-003292,ORD-039532,2024-09-17,Late Delivery,2
RET-003293,ORD-039548,2024-03-30,Found Better Price,1
RET-003294,ORD-039569,2024-03-25,Missing Parts / Accessories,1
RET-003295,ORD-039578,2024-05-28,Wrong Item Delivered,1
RET-003296,ORD-039599,2024-03-18,Late Delivery,1
RET-003297,ORD-039600,2024-03-27,Changed Mind,1
RET-003298,ORD-039614,2024-03-25,Late Delivery,1
RET-003299,ORD-039627,2024-05-26,Changed Mind,1
RET-003300,ORD-039636,2024-03-27,Late Delivery,1
RET-003301,ORD-039655,2024-03-26,Changed Mind,3
RET-003302,ORD-039656,2024-04-01,Late Delivery,3
RET-003303,ORD-039662,2024-05-16,Late Delivery,1
RET-003304,ORD-039684,2024-10-11,Late Delivery,1
RET-003305,ORD-039692,2024-03-19,Late Delivery,1
RET-003306,ORD-039712,2024-10-22,Wrong Item Delivered,1
RET-003307,ORD-039748,2024-03-27,Not as Described,2
RET-003308,ORD-039764,2025-03-03,Found Better Price,8
RET-003309,ORD-039773,2024-04-02,Changed Mind,1
RET-003310,ORD-039781,2024-07-15,Not as Described,1
RET-003311,ORD-039786,2024-03-21,Wrong Item Delivered,1
RET-003312,ORD-039809,2024-08-10,Not as Described,1
RET-003313,ORD-039815,2024-03-20,Size / Fit Issue,2
RET-003314,ORD-039820,2024-04-04,Not as Described,1
RET-003315,ORD-039852,2024-04-03,Size / Fit Issue,1
RET-003316,ORD-039857,2024-12-11,Late Delivery,1
RET-003317,ORD-039858,2024-03-31,Not as Described,1
RET-003318,ORD-039874,2025-07-21,Late Delivery,1
RET-003319,ORD-039892,2025-04-15,Size / Fit Issue,1
RET-003320,ORD-039903,2024-03-22,Defective / Damaged,1
RET-003321,ORD-039906,2024-03-25,Found Better Price,1
RET-003322,ORD-039914,2024-03-27,Wrong Item Delivered,1
RET-003323,ORD-039917,2024-03-28,Size / Fit Issue,1
RET-003324,ORD-039919,2024-11-19,Not as Described,1
RET-003325,ORD-039927,2024-03-22,Changed Mind,1
RET-003326,ORD-039953,2024-04-02,Late Delivery,1
RET-003327,ORD-039977,2024-04-05,Late Delivery,1
RET-003328,ORD-039978,2025-05-31,Size / Fit Issue,4
RET-003329,ORD-039993,2024-03-25,Changed Mind,1
RET-003330,ORD-039997,2024-10-31,Not as Described,1
RET-003331,ORD-040009,2024-04-02,Size / Fit Issue,4
RET-003332,ORD-040013,2024-08-16,Found Better Price,1
RET-003333,ORD-040046,2024-03-24,Changed Mind,1
RET-003334,ORD-040058,2024-10-05,Not as Described,3
RET-003335,ORD-040077,2024-03-28,Changed Mind,1
RET-003336,ORD-040119,2024-10-15,Found Better Price,1
RET-003337,ORD-040129,2024-03-28,Size / Fit Issue,1
RET-003338,ORD-040136,2024-03-21,Defective / Damaged,1
RET-003339,ORD-040137,2024-03-22,Late Delivery,1
RET-003340,ORD-040140,2024-03-29,Size / Fit Issue,1
RET-003341,ORD-040159,2024-04-05,Defective / Damaged,1
RET-003342,ORD-040163,2024-03-26,Wrong Item Delivered,1
RET-003343,ORD-040169,2024-03-25,Wrong Item Delivered,2
RET-003344,ORD-040170,2024-03-27,Wrong Item Delivered,1
RET-003345,ORD-040192,2025-04-17,Size / Fit Issue,1
RET-003346,ORD-040199,2024-04-03,Size / Fit Issue,1
RET-003347,ORD-040204,2024-04-09,Changed Mind,2
RET-003348,ORD-040208,2025-06-15,Changed Mind,1
RET-003349,ORD-040219,2024-05-25,Size / Fit Issue,1
RET-003350,ORD-040220,2024-03-22,Changed Mind,1
RET-003351,ORD-040237,2024-07-21,Size / Fit Issue,1
RET-003352,ORD-040242,2024-03-24,Wrong Item Delivered,1
RET-003353,ORD-040246,2024-03-27,Wrong Item Delivered,3
RET-003354,ORD-040248,2025-07-10,Changed Mind,1
RET-003355,ORD-040257,2024-05-30,Defective / Damaged,2
RET-003356,ORD-040270,2024-03-27,Size / Fit Issue,1
RET-003357,ORD-040280,2024-08-05,Late Delivery,1
RET-003358,ORD-040297,2024-03-28,Late Delivery,1
RET-003359,ORD-040302,2024-03-30,Changed Mind,1
RET-003360,ORD-040304,2025-07-27,Wrong Item Delivered,1
RET-003361,ORD-040340,2024-04-01,Wrong Item Delivered,1
RET-003362,ORD-040342,2024-04-01,Changed Mind,2
RET-003363,ORD-040352,2024-04-07,Size / Fit Issue,1
RET-003364,ORD-040378,2024-04-09,Missing Parts / Accessories,1
RET-003365,ORD-040390,2024-03-24,Changed Mind,2
RET-003366,ORD-040401,2024-04-10,Late Delivery,1
RET-003367,ORD-040405,2024-04-02,Changed Mind,3
RET-003368,ORD-040412,2024-04-01,Not as Described,1
RET-003369,ORD-040414,2024-03-27,Late Delivery,1
RET-003370,ORD-040427,2024-04-07,Changed Mind,1
RET-003371,ORD-040431,2024-03-26,Not as Described,3
RET-003372,ORD-040436,2025-06-15,Not as Described,1
RET-003373,ORD-040479,2024-12-04,Defective / Damaged,2
RET-003374,ORD-040504,2024-03-30,Defective / Damaged,1
RET-003375,ORD-040510,2024-04-10,Changed Mind,1
RET-003376,ORD-040518,2024-04-13,Late Delivery,1
RET-003377,ORD-040529,2024-04-06,Changed Mind,1
RET-003378,ORD-040551,2024-03-27,Late Delivery,1
RET-003379,ORD-040563,2024-06-15,Late Delivery,1
RET-003380,ORD-040565,2024-04-12,Changed Mind,1
RET-003381,ORD-040569,2024-04-08,Late Delivery,1
RET-003382,ORD-040572,2025-05-05,Defective / Damaged,1
RET-003383,ORD-040573,2024-03-27,Wrong Item Delivered,1
RET-003384,ORD-040591,2024-04-02,Late Delivery,1
RET-003385,ORD-040595,2024-04-03,Missing Parts / Accessories,1
RET-003386,ORD-040597,2024-09-11,Defective / Damaged,1
RET-003387,ORD-040622,2024-05-31,Size / Fit Issue,1
RET-003388,ORD-040624,2025-04-28,Defective / Damaged,1
RET-003389,ORD-040634,2024-04-13,Late Delivery,1
RET-003390,ORD-040658,2024-04-07,Not as Described,2
RET-003391,ORD-040715,2024-04-10,Not as Described,1
RET-003392,ORD-040717,2024-04-06,Not as Described,1
RET-003393,ORD-040723,2024-04-08,Changed Mind,1
RET-003394,ORD-040742,2024-04-05,Found Better Price,1
RET-003395,ORD-040749,2024-06-10,Changed Mind,1
RET-003396,ORD-040770,2024-04-06,Defective / Damaged,1
RET-003397,ORD-040775,2025-05-07,Reason Not Specified,1
RET-003398,ORD-040787,2024-04-04,Size / Fit Issue,1
RET-003399,ORD-040790,2024-03-29,Defective / Damaged,3
RET-003401,ORD-040809,2024-09-03,Reason Not Specified,1
RET-003402,ORD-040810,2024-04-07,Missing Parts / Accessories,1
RET-003403,ORD-040821,2024-04-13,Size / Fit Issue,1
RET-003404,ORD-040848,2024-03-29,Size / Fit Issue,1
RET-003405,ORD-040852,2024-04-11,Changed Mind,4
RET-003406,ORD-040863,2024-04-16,Late Delivery,1
RET-003407,ORD-040864,2024-03-29,Defective / Damaged,1
RET-003408,ORD-040905,2025-01-16,Found Better Price,2
RET-003409,ORD-040909,2024-04-10,Not as Described,1
RET-003410,ORD-040922,2024-04-07,Changed Mind,1
RET-003411,ORD-040926,2025-07-07,Defective / Damaged,3
RET-003412,ORD-040945,2025-01-07,Changed Mind,1
RET-003413,ORD-040960,2024-03-31,Not as Described,1
RET-003414,ORD-040973,2025-04-21,Wrong Item Delivered,1
RET-003415,ORD-040974,2024-04-11,Not as Described,1
RET-003416,ORD-040978,2024-04-12,Late Delivery,1
RET-003417,ORD-040980,2024-04-06,Size / Fit Issue,2
RET-003418,ORD-040988,2024-04-13,Found Better Price,1
RET-003419,ORD-040998,2024-04-06,Changed Mind,1
RET-003420,ORD-041003,2024-08-28,Defective / Damaged,1
RET-003421,ORD-041009,2024-04-10,Late Delivery,1
RET-003422,ORD-041011,2024-11-17,Late Delivery,3
RET-003423,ORD-041021,2024-04-07,Not as Described,1
RET-003424,ORD-041024,2024-04-06,Found Better Price,1
RET-003425,ORD-041039,2024-04-16,Size / Fit Issue,3
RET-003426,ORD-041049,2025-03-07,Late Delivery,1
RET-003427,ORD-041061,2024-04-11,Late Delivery,1
RET-003428,ORD-041069,2024-04-03,Wrong Item Delivered,1
RET-003429,ORD-041075,2024-04-10,Changed Mind,1
RET-003430,ORD-041080,2024-05-23,Changed Mind,1
RET-003431,ORD-041097,2024-04-06,Size / Fit Issue,2
RET-003432,ORD-041100,2024-04-14,Defective / Damaged,1
RET-003433,ORD-041128,2024-04-07,Late Delivery,1
RET-003434,ORD-041157,2025-02-21,Defective / Damaged,1
RET-003435,ORD-041158,2024-09-13,Late Delivery,1
RET-003436,ORD-041185,2024-04-11,Wrong Item Delivered,1
RET-003437,ORD-041248,2024-04-04,Late Delivery,1
RET-003438,ORD-041266,2024-04-08,Size / Fit Issue,1
RET-003439,ORD-041283,2025-07-05,Changed Mind,1
RET-003440,ORD-041292,2024-12-19,Late Delivery,1
RET-003441,ORD-041312,2025-04-29,Found Better Price,1
RET-003442,ORD-041317,2024-09-27,Changed Mind,5
RET-003443,ORD-041325,2024-04-07,Defective / Damaged,1
RET-003444,ORD-041326,2024-04-15,Late Delivery,3
RET-003445,ORD-041335,2024-04-03,Found Better Price,1
RET-003446,ORD-041336,2024-04-18,Size / Fit Issue,1
RET-003447,ORD-041349,2024-04-09,Defective / Damaged,3
RET-003448,ORD-041353,2024-04-17,Changed Mind,1
RET-003449,ORD-041354,2024-04-11,Not as Described,1
RET-003450,ORD-041371,2025-05-29,Late Delivery,2
RET-003451,ORD-041378,2024-04-21,Late Delivery,1
RET-003452,ORD-041382,2024-04-16,Size / Fit Issue,1
RET-003453,ORD-041388,2024-04-07,Found Better Price,2
RET-003454,ORD-041397,2024-04-06,Missing Parts / Accessories,1
RET-003455,ORD-041409,2024-04-18,Missing Parts / Accessories,1
RET-003456,ORD-041415,2024-04-09,Changed Mind,2
RET-003457,ORD-041416,2024-04-15,Defective / Damaged,1
RET-003458,ORD-041420,2025-02-28,Wrong Item Delivered,1
RET-003459,ORD-041439,2024-04-17,Missing Parts / Accessories,1
RET-003460,ORD-041450,2024-04-06,Wrong Item Delivered,1
RET-003461,ORD-041460,2024-04-06,Reason Not Specified,1
RET-003462,ORD-041481,2024-04-12,Wrong Item Delivered,1
RET-003463,ORD-041493,2025-04-19,Late Delivery,1
RET-003464,ORD-041501,2024-04-21,Size / Fit Issue,2
RET-003465,ORD-041504,2024-04-20,Size / Fit Issue,2
RET-003466,ORD-041523,2024-04-18,Defective / Damaged,1
RET-003467,ORD-041531,2024-06-30,Defective / Damaged,1
RET-003468,ORD-041534,2024-04-06,Wrong Item Delivered,1
RET-003469,ORD-041539,2024-09-10,Not as Described,1
RET-003470,ORD-041543,2024-04-12,Not as Described,1
RET-003471,ORD-041548,2024-04-21,Wrong Item Delivered,1
RET-003472,ORD-041551,2024-04-09,Wrong Item Delivered,1
RET-003473,ORD-041555,2024-04-23,Defective / Damaged,1
RET-003474,ORD-041566,2024-04-21,Size / Fit Issue,1
RET-003475,ORD-041569,2024-04-17,Changed Mind,2
RET-003476,ORD-041572,2024-04-14,Found Better Price,5
RET-003477,ORD-041575,2024-04-21,Late Delivery,3
RET-003478,ORD-041605,2024-04-23,Missing Parts / Accessories,1
RET-003479,ORD-041624,2024-04-23,Changed Mind,1
RET-003480,ORD-041650,2024-12-14,Found Better Price,1
RET-003481,ORD-041671,2024-04-23,Found Better Price,4
RET-003482,ORD-041690,2024-04-11,Wrong Item Delivered,1
RET-003483,ORD-041693,2024-12-13,Not as Described,1
RET-003484,ORD-041695,2024-04-12,Late Delivery,2
RET-003485,ORD-041734,2024-04-13,Defective / Damaged,1
RET-003486,ORD-041737,2024-04-08,Missing Parts / Accessories,1
RET-003487,ORD-041747,2024-04-20,Found Better Price,3
RET-003488,ORD-041768,2025-06-27,Size / Fit Issue,2
RET-003489,ORD-041797,2025-06-19,Changed Mind,1
RET-003490,ORD-041820,2024-04-13,Changed Mind,1
RET-003491,ORD-041831,2024-04-24,Found Better Price,1
RET-003492,ORD-041834,2024-11-28,Size / Fit Issue,1
RET-003493,ORD-041858,2025-04-09,Late Delivery,1
RET-003494,ORD-041873,2024-04-21,Not as Described,1
RET-003495,ORD-041934,2025-02-23,Late Delivery,1
RET-003496,ORD-041950,2024-04-15,Missing Parts / Accessories,1
RET-003497,ORD-041957,2025-03-09,Changed Mind,1
RET-003498,ORD-041962,2024-04-27,Found Better Price,1
RET-003499,ORD-041963,2024-04-16,Defective / Damaged,1
RET-003500,ORD-041980,2024-04-21,Late Delivery,1
RET-003501,ORD-041982,2024-04-14,Wrong Item Delivered,3
RET-003502,ORD-041985,2024-04-29,Changed Mind,1
RET-003503,ORD-041995,2024-04-13,Late Delivery,1
RET-003504,ORD-042008,2025-01-11,Late Delivery,1
RET-003505,ORD-042034,2024-04-12,Changed Mind,1
RET-003506,ORD-042043,2025-05-14,Not as Described,1
RET-003507,ORD-042048,2024-10-23,Size / Fit Issue,5
RET-003508,ORD-042050,2024-04-29,Changed Mind,1
RET-003509,ORD-042065,2024-04-23,Found Better Price,1
RET-003510,ORD-042067,2024-06-09,Not as Described,1
RET-003511,ORD-042113,2025-06-13,Changed Mind,1
RET-003512,ORD-042122,2024-04-27,Defective / Damaged,1
RET-003513,ORD-042137,2024-12-05,Late Delivery,3
RET-003514,ORD-042166,2024-06-21,Not as Described,1
RET-003515,ORD-042168,2024-04-19,Not as Described,1
RET-003516,ORD-042170,2025-04-26,Size / Fit Issue,1
RET-003517,ORD-042179,2024-08-09,Wrong Item Delivered,1
RET-003518,ORD-042189,2024-04-14,Late Delivery,4
RET-003519,ORD-042191,2024-04-18,Found Better Price,1
RET-003520,ORD-042192,2024-04-20,Changed Mind,1
RET-003521,ORD-042229,2024-07-27,Wrong Item Delivered,1
RET-003522,ORD-042232,2024-07-06,Late Delivery,2
RET-003523,ORD-042263,2025-08-03,Late Delivery,1
RET-003524,ORD-042264,2024-04-14,Defective / Damaged,1
RET-003525,ORD-042270,2024-05-01,Not as Described,1
RET-003526,ORD-042294,2024-12-03,Size / Fit Issue,1
RET-003527,ORD-042297,2024-04-17,Changed Mind,1
RET-003528,ORD-042339,2024-05-03,Not as Described,1
RET-003529,ORD-042360,2024-07-08,Not as Described,2
RET-003530,ORD-042370,2024-11-27,Defective / Damaged,1
RET-003531,ORD-042390,2024-05-02,Late Delivery,3
RET-003532,ORD-042391,2024-12-04,Found Better Price,1
RET-003533,ORD-042413,2025-08-16,Defective / Damaged,1
RET-003534,ORD-042423,2024-04-24,Size / Fit Issue,1
RET-003535,ORD-042440,2024-05-03,Changed Mind,1
RET-003536,ORD-042442,2024-10-12,Changed Mind,1
RET-003537,ORD-042453,2024-05-03,Found Better Price,1
RET-003538,ORD-042456,2025-06-18,Not as Described,1
RET-003539,ORD-042493,2025-06-08,Size / Fit Issue,2
RET-003540,ORD-042504,2025-02-04,Not as Described,3
RET-003541,ORD-042519,2025-01-20,Late Delivery,1
RET-003542,ORD-042531,2025-01-01,Defective / Damaged,1
RET-003543,ORD-042539,2024-04-24,Changed Mind,2
RET-003544,ORD-042551,2024-09-24,Defective / Damaged,1
RET-003545,ORD-042552,2024-10-29,Not as Described,1
RET-003546,ORD-042558,2024-04-26,Not as Described,2
RET-003547,ORD-042570,2024-04-20,Defective / Damaged,1
RET-003548,ORD-042599,2024-07-06,Found Better Price,2
RET-003549,ORD-042604,2024-05-03,Size / Fit Issue,1
RET-003550,ORD-042623,2025-01-21,Late Delivery,1
RET-003551,ORD-042631,2024-04-25,Found Better Price,1
RET-003552,ORD-042640,2024-12-08,Size / Fit Issue,1
RET-003553,ORD-042643,2024-08-13,Found Better Price,1
RET-003554,ORD-042655,2024-04-19,Changed Mind,2
RET-003555,ORD-042657,2024-04-28,Late Delivery,1
RET-003556,ORD-042670,2024-04-19,Not as Described,1
RET-003557,ORD-042678,2024-10-12,Found Better Price,1
RET-003558,ORD-042681,2024-05-06,Not as Described,1
RET-003559,ORD-042683,2024-04-19,Defective / Damaged,1
RET-003560,ORD-042699,2024-04-29,Size / Fit Issue,1
RET-003561,ORD-042708,2024-04-29,Size / Fit Issue,1
RET-003562,ORD-042718,2024-05-02,Not as Described,2
RET-003563,ORD-042722,2024-05-04,Changed Mind,1
RET-003564,ORD-042728,2024-04-20,Changed Mind,1
RET-003565,ORD-042751,2024-05-02,Found Better Price,1
RET-003566,ORD-042758,2024-04-26,Late Delivery,1
RET-003567,ORD-042818,2024-04-28,Found Better Price,1
RET-003568,ORD-042821,2024-04-30,Late Delivery,1
RET-003569,ORD-042825,2024-04-22,Late Delivery,1
RET-003570,ORD-042826,2024-05-04,Late Delivery,1
RET-003571,ORD-042843,2024-06-02,Size / Fit Issue,1
RET-003572,ORD-042852,2024-05-25,Defective / Damaged,3
RET-003573,ORD-042856,2024-04-20,Late Delivery,1
RET-003574,ORD-042871,2024-05-08,Size / Fit Issue,1
RET-003575,ORD-042889,2024-05-07,Changed Mind,2
RET-003576,ORD-042891,2024-07-21,Size / Fit Issue,1
RET-003577,ORD-042898,2024-05-02,Changed Mind,1
RET-003578,ORD-042917,2024-04-30,Changed Mind,1
RET-003579,ORD-042922,2025-01-27,Size / Fit Issue,2
RET-003580,ORD-042932,2024-04-27,Wrong Item Delivered,1
RET-003581,ORD-042936,2024-05-02,Found Better Price,1
RET-003582,ORD-042939,2024-04-30,Changed Mind,1
RET-003583,ORD-042946,2024-04-26,Wrong Item Delivered,1
RET-003584,ORD-042948,2024-05-08,Found Better Price,1
RET-003585,ORD-042962,2024-05-06,Size / Fit Issue,1
RET-003586,ORD-042981,2024-04-23,Size / Fit Issue,2
RET-003587,ORD-042993,2024-04-26,Size / Fit Issue,8
RET-003588,ORD-042994,2024-05-06,Size / Fit Issue,1
RET-003589,ORD-043001,2024-05-03,Late Delivery,1
RET-003590,ORD-043006,2025-01-25,Not as Described,1
RET-003591,ORD-043034,2024-04-22,Late Delivery,5
RET-003592,ORD-043036,2024-05-06,Late Delivery,1
RET-003593,ORD-043048,2025-03-25,Changed Mind,1
RET-003594,ORD-043053,2024-12-16,Defective / Damaged,1
RET-003595,ORD-043087,2024-04-28,Not as Described,1
RET-003596,ORD-043100,2024-05-08,Found Better Price,1
RET-003597,ORD-043133,2024-04-26,Wrong Item Delivered,3
RET-003598,ORD-043144,2024-12-24,Changed Mind,1
RET-003599,ORD-043164,2025-04-20,Changed Mind,1
RET-003600,ORD-043170,2024-04-28,Defective / Damaged,1
RET-003601,ORD-043191,2024-05-05,Defective / Damaged,1
RET-003602,ORD-043193,2024-07-14,Changed Mind,1
RET-003603,ORD-043216,2025-06-14,Changed Mind,1
RET-003604,ORD-043229,2025-01-23,Wrong Item Delivered,1
RET-003605,ORD-043235,2024-12-15,Late Delivery,1
RET-003606,ORD-043237,2024-04-26,Changed Mind,3
RET-003607,ORD-043249,2025-02-23,Changed Mind,2
RET-003608,ORD-043250,2024-05-01,Late Delivery,1
RET-003609,ORD-043266,2024-04-29,Size / Fit Issue,2
RET-003610,ORD-043270,2025-01-18,Not as Described,2
RET-003611,ORD-043275,2024-05-01,Defective / Damaged,1
RET-003612,ORD-043288,2024-06-13,Late Delivery,1
RET-003613,ORD-043303,2024-04-26,Defective / Damaged,1
RET-003614,ORD-043308,2024-10-31,Found Better Price,1
RET-003615,ORD-043314,2024-04-25,Defective / Damaged,1
RET-003616,ORD-043316,2024-10-16,Defective / Damaged,4
RET-003617,ORD-043317,2024-11-04,Late Delivery,1
RET-003618,ORD-043323,2024-05-13,Wrong Item Delivered,1
RET-003619,ORD-043356,2024-05-09,Late Delivery,1
RET-003620,ORD-043357,2025-01-14,Size / Fit Issue,1
RET-003621,ORD-043372,2024-08-11,Found Better Price,1
RET-003622,ORD-043384,2024-11-21,Wrong Item Delivered,1
RET-003623,ORD-043402,2024-05-03,Wrong Item Delivered,1
RET-003624,ORD-043403,2025-03-03,Not as Described,1
RET-003625,ORD-043406,2024-05-11,Found Better Price,2
RET-003626,ORD-043414,2024-04-27,Wrong Item Delivered,1
RET-003627,ORD-043418,2024-05-14,Changed Mind,1
RET-003628,ORD-043424,2024-05-06,Defective / Damaged,1
RET-003629,ORD-043426,2024-05-08,Defective / Damaged,1
RET-003630,ORD-043461,2025-01-09,Missing Parts / Accessories,4
RET-003631,ORD-043473,2024-05-08,Size / Fit Issue,1
RET-003632,ORD-043506,2025-06-10,Size / Fit Issue,1
RET-003633,ORD-043511,2024-07-06,Late Delivery,2
RET-003634,ORD-043526,2024-05-04,Size / Fit Issue,1
RET-003635,ORD-043534,2024-09-27,Defective / Damaged,1
RET-003636,ORD-043539,2024-04-27,Size / Fit Issue,2
RET-003637,ORD-043551,2024-05-11,Wrong Item Delivered,1
RET-003638,ORD-043553,2025-05-04,Changed Mind,1
RET-003639,ORD-043566,2024-05-23,Defective / Damaged,3
RET-003640,ORD-043567,2024-05-02,Defective / Damaged,1
RET-003641,ORD-043573,2025-02-05,Wrong Item Delivered,1
RET-003642,ORD-043577,2025-01-16,Size / Fit Issue,1
RET-003643,ORD-043598,2024-05-06,Missing Parts / Accessories,1
RET-003644,ORD-043602,2025-06-30,Changed Mind,1
RET-003645,ORD-043625,2024-07-01,Size / Fit Issue,1
RET-003646,ORD-043634,2024-05-09,Size / Fit Issue,1
RET-003647,ORD-043641,2024-05-13,Late Delivery,1
RET-003648,ORD-043647,2024-11-08,Size / Fit Issue,1
RET-003649,ORD-043648,2024-05-10,Size / Fit Issue,1
RET-003650,ORD-043669,2024-04-29,Late Delivery,1
RET-003651,ORD-043671,2024-05-02,Changed Mind,2
RET-003652,ORD-043701,2024-11-21,Found Better Price,1
RET-003653,ORD-043704,2024-05-04,Wrong Item Delivered,1
RET-003654,ORD-043732,2025-01-04,Changed Mind,1
RET-003655,ORD-043739,2024-05-01,Late Delivery,1
RET-003656,ORD-043774,2024-04-30,Wrong Item Delivered,1
RET-003657,ORD-043779,2024-05-06,Not as Described,1
RET-003658,ORD-043791,2024-05-01,Wrong Item Delivered,1
RET-003659,ORD-043815,2024-05-02,Changed Mind,1
RET-003660,ORD-043822,2024-05-02,Size / Fit Issue,1
RET-003661,ORD-043826,2024-05-16,Defective / Damaged,1
RET-003662,ORD-043838,2024-05-06,Size / Fit Issue,1
RET-003663,ORD-043843,2024-05-14,Late Delivery,1
RET-003664,ORD-043853,2024-05-07,Defective / Damaged,1
RET-003665,ORD-043857,2024-05-16,Changed Mind,1
RET-003666,ORD-043865,2024-05-07,Not as Described,1
RET-003667,ORD-043867,2025-02-18,Wrong Item Delivered,1
RET-003668,ORD-043875,2025-06-08,Defective / Damaged,1
RET-003669,ORD-043896,2024-05-02,Not as Described,1
RET-003670,ORD-043903,2025-01-05,Late Delivery,1
RET-003671,ORD-043917,2025-03-28,Not as Described,1
RET-003672,ORD-043924,2024-05-18,Missing Parts / Accessories,1
RET-003673,ORD-043926,2024-05-02,Not as Described,1
RET-003674,ORD-043949,2024-05-08,Changed Mind,1
RET-003675,ORD-043957,2024-05-07,Late Delivery,2
RET-003676,ORD-043958,2024-05-19,Wrong Item Delivered,1
RET-003677,ORD-043967,2025-06-15,Not as Described,1
RET-003678,ORD-043974,2024-10-19,Changed Mind,3
RET-003679,ORD-043989,2024-10-19,Changed Mind,1
RET-003680,ORD-043990,2024-05-14,Wrong Item Delivered,1
RET-003681,ORD-044000,2024-05-05,Size / Fit Issue,4
RET-003682,ORD-044002,2024-05-08,Changed Mind,3
RET-003683,ORD-044009,2024-05-06,Found Better Price,1
RET-003684,ORD-044023,2024-05-10,Not as Described,1
RET-003685,ORD-044027,2024-05-02,Defective / Damaged,1
RET-003686,ORD-044039,2024-05-07,Late Delivery,2
RET-003687,ORD-044042,2024-05-04,Changed Mind,1
RET-003688,ORD-044054,2024-06-25,Wrong Item Delivered,1
RET-003689,ORD-044056,2024-05-20,Not as Described,1
RET-003690,ORD-044060,2024-05-19,Changed Mind,2
RET-003691,ORD-044070,2025-03-16,Defective / Damaged,1
RET-003692,ORD-044091,2024-06-30,Changed Mind,1
RET-003693,ORD-044124,2024-05-20,Found Better Price,1
RET-003694,ORD-044126,2024-05-22,Changed Mind,1
RET-003695,ORD-044143,2024-07-10,Late Delivery,1
RET-003696,ORD-044144,2024-10-28,Missing Parts / Accessories,1
RET-003697,ORD-044145,2024-05-12,Late Delivery,1
RET-003698,ORD-044162,2024-05-22,Defective / Damaged,1
RET-003699,ORD-044166,2024-05-17,Wrong Item Delivered,1
RET-003700,ORD-044204,2024-05-21,Size / Fit Issue,1
RET-003701,ORD-044209,2024-05-19,Found Better Price,4
RET-003702,ORD-044215,2024-11-19,Defective / Damaged,1
RET-003703,ORD-044232,2024-05-10,Late Delivery,1
RET-003704,ORD-044252,2024-05-11,Changed Mind,1
RET-003705,ORD-044262,2024-05-17,Not as Described,1
RET-003706,ORD-044264,2024-05-10,Size / Fit Issue,1
RET-003707,ORD-044269,2024-07-17,Changed Mind,1
RET-003708,ORD-044280,2024-05-10,Changed Mind,1
RET-003709,ORD-044285,2024-11-02,Defective / Damaged,1
RET-003710,ORD-044312,2024-12-15,Not as Described,1
RET-003711,ORD-044324,2024-05-19,Not as Described,1
RET-003712,ORD-044352,2024-05-14,Found Better Price,3
RET-003713,ORD-044377,2024-05-12,Late Delivery,1
RET-003714,ORD-044383,2024-05-15,Wrong Item Delivered,1
RET-003715,ORD-044426,2024-08-08,Defective / Damaged,1
RET-003716,ORD-044446,2025-07-05,Late Delivery,3
RET-003717,ORD-044455,2024-05-16,Not as Described,1
RET-003718,ORD-044472,2024-05-15,Late Delivery,1
RET-003719,ORD-044496,2024-05-26,Size / Fit Issue,1
RET-003720,ORD-044516,2024-05-17,Size / Fit Issue,1
RET-003721,ORD-044527,2025-07-25,Late Delivery,1
RET-003722,ORD-044530,2024-05-08,Size / Fit Issue,1
RET-003723,ORD-044542,2024-05-12,Late Delivery,2
RET-003724,ORD-044548,2025-05-07,Changed Mind,1
RET-003725,ORD-044575,2025-01-07,Wrong Item Delivered,1
RET-003726,ORD-044601,2024-05-16,Late Delivery,1
RET-003727,ORD-044613,2024-05-25,Found Better Price,1
RET-003728,ORD-044618,2024-05-10,Not as Described,1
RET-003729,ORD-044630,2024-05-12,Size / Fit Issue,1
RET-003730,ORD-044652,2025-02-15,Size / Fit Issue,1
RET-003731,ORD-044682,2024-05-14,Wrong Item Delivered,1
RET-003732,ORD-044690,2024-05-15,Late Delivery,1
RET-003733,ORD-044708,2024-10-09,Size / Fit Issue,1
RET-003734,ORD-044737,2024-12-17,Defective / Damaged,1
RET-003735,ORD-044758,2024-05-16,Changed Mind,2
RET-003736,ORD-044774,2024-05-11,Late Delivery,1
RET-003737,ORD-044778,2024-05-25,Size / Fit Issue,1
RET-003738,ORD-044781,2024-06-15,Size / Fit Issue,2
RET-003739,ORD-044795,2024-05-21,Wrong Item Delivered,1
RET-003740,ORD-044800,2024-07-02,Late Delivery,1
RET-003741,ORD-044813,2024-12-12,Wrong Item Delivered,1
RET-003742,ORD-044818,2025-06-22,Not as Described,1
RET-003743,ORD-044832,2024-05-28,Found Better Price,1
RET-003744,ORD-044842,2024-09-14,Defective / Damaged,1
RET-003745,ORD-044846,2024-12-02,Changed Mind,1
RET-003746,ORD-044847,2024-05-15,Wrong Item Delivered,1
RET-003747,ORD-044854,2024-05-20,Size / Fit Issue,1
RET-003748,ORD-044861,2025-05-22,Changed Mind,1
RET-003749,ORD-044878,2024-05-25,Missing Parts / Accessories,1
RET-003750,ORD-044880,2024-12-03,Late Delivery,1
RET-003751,ORD-044908,2025-03-09,Wrong Item Delivered,1
RET-003752,ORD-044919,2024-09-21,Not as Described,1
RET-003753,ORD-044927,2024-05-17,Size / Fit Issue,1
RET-003754,ORD-044954,2024-11-30,Size / Fit Issue,1
RET-003755,ORD-044961,2024-05-30,Not as Described,2
RET-003756,ORD-044995,2024-08-16,Defective / Damaged,2
RET-003757,ORD-045012,2024-05-19,Not as Described,1
RET-003758,ORD-045050,2024-05-14,Not as Described,1
RET-003759,ORD-045083,2024-05-23,Not as Described,1
RET-003760,ORD-045109,2024-05-14,Changed Mind,1
RET-003761,ORD-045113,2024-05-19,Late Delivery,1
RET-003762,ORD-045118,2024-09-26,Changed Mind,1
RET-003763,ORD-045126,2025-01-21,Changed Mind,1
RET-003764,ORD-045130,2024-05-24,Missing Parts / Accessories,1
RET-003765,ORD-045134,2024-12-09,Not as Described,1
RET-003766,ORD-045139,2024-08-08,Late Delivery,1
RET-003767,ORD-045144,2024-05-25,Found Better Price,1
RET-003768,ORD-045164,2024-07-27,Changed Mind,1
RET-003769,ORD-045176,2024-05-26,Reason Not Specified,1
RET-003770,ORD-045193,2024-12-24,Not as Described,1
RET-003771,ORD-045195,2025-04-03,Defective / Damaged,2
RET-003772,ORD-045199,2024-05-31,Size / Fit Issue,4
RET-003773,ORD-045221,2024-10-01,Defective / Damaged,1
RET-003774,ORD-045232,2024-05-27,Defective / Damaged,1
RET-003775,ORD-045237,2024-05-30,Not as Described,1
RET-003776,ORD-045239,2024-05-21,Defective / Damaged,1
RET-003777,ORD-045266,2024-05-16,Found Better Price,1
RET-003778,ORD-045286,2024-06-21,Size / Fit Issue,1
RET-003779,ORD-045291,2024-06-02,Wrong Item Delivered,1
RET-003780,ORD-045308,2024-05-17,Changed Mind,1
RET-003781,ORD-045313,2024-06-02,Late Delivery,8
RET-003782,ORD-045318,2024-06-03,Changed Mind,1
RET-003783,ORD-045343,2024-11-04,Missing Parts / Accessories,2
RET-003784,ORD-045348,2025-06-03,Changed Mind,2
RET-003785,ORD-045368,2024-05-18,Changed Mind,1
RET-003786,ORD-045393,2024-05-23,Wrong Item Delivered,1
RET-003787,ORD-045403,2024-05-27,Not as Described,1
RET-003788,ORD-045428,2025-06-10,Changed Mind,1
RET-003789,ORD-045432,2024-05-21,Wrong Item Delivered,1
RET-003790,ORD-045458,2024-05-29,Wrong Item Delivered,1
RET-003791,ORD-045463,2024-06-17,Missing Parts / Accessories,1
RET-003792,ORD-045495,2024-07-31,Found Better Price,1
RET-003793,ORD-045513,2024-05-31,Changed Mind,1
RET-003794,ORD-045545,2024-06-03,Late Delivery,1
RET-003795,ORD-045546,2024-05-31,Changed Mind,3
RET-003796,ORD-045566,2024-05-26,Defective / Damaged,1
RET-003797,ORD-045572,2024-06-03,Late Delivery,1
RET-003798,ORD-045577,2025-03-24,Late Delivery,1
RET-003799,ORD-045578,2024-06-05,Missing Parts / Accessories,1
RET-003800,ORD-045584,2024-05-19,Not as Described,1
RET-003801,ORD-045632,2025-04-04,Late Delivery,1
RET-003802,ORD-045643,2024-09-13,Not as Described,1
RET-003803,ORD-045681,2024-05-31,Size / Fit Issue,1
RET-003804,ORD-045687,2025-06-06,Late Delivery,1
RET-003805,ORD-045692,2024-05-29,Late Delivery,1
RET-003806,ORD-045731,2024-09-21,Late Delivery,2
RET-003807,ORD-045741,2025-05-04,Late Delivery,1
RET-003808,ORD-045754,2024-10-22,Found Better Price,2
RET-003809,ORD-045771,2024-05-29,Wrong Item Delivered,1
RET-003810,ORD-045788,2024-05-23,Changed Mind,1
RET-003811,ORD-045818,2025-03-24,Wrong Item Delivered,2
RET-003812,ORD-045838,2024-06-05,Wrong Item Delivered,2
RET-003813,ORD-045849,2024-06-03,Defective / Damaged,1
RET-003814,ORD-045851,2024-06-08,Size / Fit Issue,2
RET-003815,ORD-045858,2024-06-02,Size / Fit Issue,4
RET-003816,ORD-045863,2024-05-24,Found Better Price,5
RET-003817,ORD-045865,2024-12-20,Defective / Damaged,1
RET-003818,ORD-045866,2024-06-05,Size / Fit Issue,1
RET-003819,ORD-045868,2024-12-11,Not as Described,1
RET-003820,ORD-045874,2024-05-25,Size / Fit Issue,1
RET-003821,ORD-045885,2024-06-09,Not as Described,1
RET-003822,ORD-045894,2024-07-19,Changed Mind,1
RET-003823,ORD-045906,2024-05-25,Not as Described,1
RET-003824,ORD-045907,2025-07-30,Defective / Damaged,1
RET-003825,ORD-045922,2024-05-24,Wrong Item Delivered,1
RET-003826,ORD-045923,2024-06-06,Changed Mind,1
RET-003827,ORD-045931,2024-06-09,Not as Described,1
RET-003828,ORD-045933,2024-05-22,Not as Described,1
RET-003829,ORD-045945,2024-06-08,Not as Described,1
RET-003830,ORD-045971,2024-05-27,Changed Mind,3
RET-003831,ORD-046006,2024-06-01,Defective / Damaged,1
RET-003832,ORD-046023,2024-06-05,Defective / Damaged,1
RET-003833,ORD-046024,2025-06-13,Changed Mind,3
RET-003834,ORD-046038,2024-06-05,Wrong Item Delivered,1
RET-003835,ORD-046067,2024-12-17,Not as Described,1
RET-003836,ORD-046068,2025-03-26,Defective / Damaged,1
RET-003837,ORD-046080,2024-06-04,Changed Mind,2
RET-003838,ORD-046083,2024-05-31,Late Delivery,1
RET-003839,ORD-046099,2024-05-29,Missing Parts / Accessories,1
RET-003840,ORD-046103,2024-05-31,Changed Mind,1
RET-003841,ORD-046107,2024-06-10,Found Better Price,1
RET-003842,ORD-046129,2025-04-22,Not as Described,1
RET-003843,ORD-046132,2024-05-29,Missing Parts / Accessories,1
RET-003844,ORD-046133,2024-06-08,Defective / Damaged,1
RET-003845,ORD-046145,2024-06-04,Changed Mind,1
RET-003846,ORD-046174,2024-05-31,Not as Described,1
RET-003847,ORD-046181,2024-06-07,Late Delivery,1
RET-003848,ORD-046183,2024-06-02,Changed Mind,1
RET-003849,ORD-046201,2024-12-06,Defective / Damaged,1
RET-003850,ORD-046202,2024-06-10,Defective / Damaged,1
RET-003851,ORD-046220,2024-06-07,Wrong Item Delivered,1
RET-003852,ORD-046242,2024-06-11,Found Better Price,1
RET-003853,ORD-046259,2025-01-26,Found Better Price,2
RET-003854,ORD-046270,2024-06-08,Wrong Item Delivered,1
RET-003855,ORD-046271,2024-05-29,Late Delivery,2
RET-003856,ORD-046274,2024-06-12,Late Delivery,1
RET-003857,ORD-046275,2024-08-14,Late Delivery,1
RET-003858,ORD-046294,2024-05-30,Defective / Damaged,1
RET-003859,ORD-046298,2024-06-11,Not as Described,1
RET-003860,ORD-046310,2024-05-28,Defective / Damaged,3
RET-003861,ORD-046325,2024-06-04,Not as Described,1
RET-003862,ORD-046347,2024-06-05,Not as Described,2
RET-003863,ORD-046357,2025-02-26,Found Better Price,1
RET-003864,ORD-046368,2024-06-11,Late Delivery,3
RET-003865,ORD-046384,2024-06-07,Late Delivery,2
RET-003866,ORD-046389,2024-06-08,Changed Mind,2
RET-003867,ORD-046390,2024-06-12,Wrong Item Delivered,1
RET-003868,ORD-046419,2024-05-28,Late Delivery,1
RET-003869,ORD-046456,2024-06-08,Size / Fit Issue,1
RET-003870,ORD-046481,2024-06-02,Late Delivery,1
RET-003871,ORD-046512,2024-05-31,Wrong Item Delivered,1
RET-003872,ORD-046523,2024-06-07,Not as Described,1
RET-003873,ORD-046528,2024-05-30,Not as Described,1
RET-003874,ORD-046549,2024-06-07,Size / Fit Issue,2
RET-003875,ORD-046568,2024-06-01,Defective / Damaged,1
RET-003876,ORD-046578,2024-06-01,Found Better Price,1
RET-003877,ORD-046601,2024-06-03,Found Better Price,1
RET-003878,ORD-046606,2025-02-22,Not as Described,1
RET-003879,ORD-046628,2024-06-07,Size / Fit Issue,1
RET-003880,ORD-046638,2024-06-01,Not as Described,1
RET-003881,ORD-046651,2025-01-06,Wrong Item Delivered,1
RET-003882,ORD-046669,2025-05-29,Size / Fit Issue,1
RET-003883,ORD-046680,2024-06-05,Size / Fit Issue,1
RET-003884,ORD-046684,2024-06-13,Found Better Price,1
RET-003885,ORD-046703,2024-06-14,Wrong Item Delivered,1
RET-003886,ORD-046706,2024-06-16,Reason Not Specified,1
RET-003887,ORD-046708,2024-06-07,Not as Described,1
RET-003888,ORD-046718,2024-06-08,Not as Described,1
RET-003889,ORD-046719,2024-06-13,Found Better Price,1
RET-003890,ORD-046720,2024-06-07,Defective / Damaged,2
RET-003891,ORD-046726,2024-06-08,Defective / Damaged,3
RET-003892,ORD-046728,2024-10-08,Wrong Item Delivered,1
RET-003893,ORD-046745,2024-06-10,Late Delivery,1
RET-003894,ORD-046752,2024-06-17,Late Delivery,2
RET-003895,ORD-046753,2024-06-10,Wrong Item Delivered,1
RET-003896,ORD-046761,2024-06-14,Size / Fit Issue,1
RET-003897,ORD-046786,2024-06-05,Not as Described,1
RET-003898,ORD-046791,2025-04-10,Changed Mind,4
RET-003899,ORD-046806,2024-10-21,Changed Mind,1
RET-003900,ORD-046817,2024-06-10,Size / Fit Issue,1
RET-003901,ORD-046832,2024-06-19,Not as Described,1
RET-003902,ORD-046847,2024-06-09,Wrong Item Delivered,1
RET-003903,ORD-046856,2024-06-08,Changed Mind,1
RET-003904,ORD-046875,2024-06-16,Late Delivery,1
RET-003905,ORD-046886,2024-06-10,Not as Described,3
RET-003906,ORD-046913,2024-06-14,Found Better Price,2
RET-003907,ORD-046916,2025-02-11,Found Better Price,1
RET-003908,ORD-046928,2024-06-10,Defective / Damaged,1
RET-003909,ORD-046936,2025-01-28,Not as Described,2
RET-003910,ORD-046938,2024-06-14,Size / Fit Issue,2
RET-003911,ORD-046971,2024-06-11,Late Delivery,1
RET-003912,ORD-046978,2025-04-01,Wrong Item Delivered,3
RET-003913,ORD-046995,2024-06-07,Found Better Price,1
RET-003914,ORD-047000,2024-06-07,Defective / Damaged,1
RET-003915,ORD-047008,2024-06-20,Late Delivery,1
RET-003916,ORD-047039,2024-06-16,Defective / Damaged,1
RET-003917,ORD-047045,2024-06-18,Late Delivery,1
RET-003918,ORD-047051,2024-06-14,Late Delivery,1
RET-003919,ORD-047052,2024-06-12,Changed Mind,1
RET-003920,ORD-047057,2025-04-09,Not as Described,1
RET-003921,ORD-047093,2024-06-05,Found Better Price,1
RET-003922,ORD-047118,2024-06-15,Changed Mind,1
RET-003923,ORD-047130,2024-06-12,Wrong Item Delivered,1
RET-003924,ORD-047132,2025-08-02,Missing Parts / Accessories,1
RET-003925,ORD-047141,2024-06-11,Not as Described,1
RET-003926,ORD-047142,2024-06-09,Defective / Damaged,1
RET-003927,ORD-047143,2024-06-17,Not as Described,1
RET-003928,ORD-047158,2024-06-15,Wrong Item Delivered,1
RET-003929,ORD-047164,2025-03-21,Late Delivery,2
RET-003930,ORD-047165,2024-06-16,Changed Mind,2
RET-003931,ORD-047176,2024-06-19,Found Better Price,2
RET-003932,ORD-047202,2024-06-18,Missing Parts / Accessories,2
RET-003933,ORD-047203,2024-06-10,Size / Fit Issue,1
RET-003934,ORD-047218,2025-04-28,Wrong Item Delivered,5
RET-003935,ORD-047225,2025-03-04,Size / Fit Issue,1
RET-003936,ORD-047232,2024-06-22,Late Delivery,1
RET-003937,ORD-047241,2024-12-17,Changed Mind,1
RET-003938,ORD-047260,2025-04-11,Missing Parts / Accessories,1
RET-003939,ORD-047270,2024-06-22,Size / Fit Issue,1
RET-003940,ORD-047277,2024-06-11,Late Delivery,1
RET-003941,ORD-047285,2024-06-22,Defective / Damaged,4
RET-003942,ORD-047297,2024-06-07,Not as Described,1
RET-003943,ORD-047300,2024-06-13,Changed Mind,1
RET-003944,ORD-047309,2024-06-06,Late Delivery,1
RET-003945,ORD-047336,2024-06-18,Not as Described,1
RET-003946,ORD-047351,2024-06-07,Changed Mind,1
RET-003947,ORD-047365,2024-12-29,Changed Mind,2
RET-003948,ORD-047369,2024-06-06,Found Better Price,2
RET-003949,ORD-047395,2024-06-19,Late Delivery,1
RET-003950,ORD-047399,2025-01-26,Late Delivery,3
RET-003951,ORD-047430,2024-06-13,Changed Mind,1
RET-003952,ORD-047454,2024-06-10,Wrong Item Delivered,1
RET-003953,ORD-047455,2024-06-08,Size / Fit Issue,2
RET-003954,ORD-047459,2024-06-23,Not as Described,1
RET-003955,ORD-047462,2024-11-05,Changed Mind,1
RET-003956,ORD-047465,2024-08-08,Changed Mind,1
RET-003957,ORD-047499,2024-06-24,Found Better Price,1
RET-003958,ORD-047509,2024-06-08,Not as Described,1
RET-003959,ORD-047511,2024-06-10,Size / Fit Issue,1
RET-003960,ORD-047514,2024-06-18,Defective / Damaged,2
RET-003961,ORD-047534,2024-06-19,Wrong Item Delivered,1
RET-003962,ORD-047555,2024-06-21,Size / Fit Issue,1
RET-003963,ORD-047567,2025-05-14,Not as Described,1
RET-003964,ORD-047568,2024-06-12,Changed Mind,1
RET-003965,ORD-047579,2024-06-08,Changed Mind,1
RET-003966,ORD-047591,2025-03-09,Not as Described,1
RET-003967,ORD-047602,2025-07-21,Not as Described,3
RET-003968,ORD-047604,2024-06-09,Late Delivery,1
RET-003969,ORD-047620,2024-06-12,Not as Described,1
RET-003970,ORD-047623,2025-02-20,Late Delivery,1
RET-003971,ORD-047634,2024-06-17,Not as Described,2
RET-003972,ORD-047710,2024-06-22,Late Delivery,2
RET-003973,ORD-047726,2024-06-12,Size / Fit Issue,3
RET-003974,ORD-047740,2024-06-18,Size / Fit Issue,1
RET-003975,ORD-047745,2024-12-24,Defective / Damaged,1
RET-003976,ORD-047747,2024-06-16,Changed Mind,1
RET-003977,ORD-047766,2024-06-28,Size / Fit Issue,1
RET-003978,ORD-047785,2025-06-18,Wrong Item Delivered,1
RET-003979,ORD-047795,2024-11-22,Defective / Damaged,3
RET-003980,ORD-047799,2024-06-15,Not as Described,1
RET-003981,ORD-047810,2024-06-15,Changed Mind,2
RET-003982,ORD-047826,2024-07-30,Late Delivery,1
RET-003983,ORD-047866,2024-06-16,Defective / Damaged,1
RET-003984,ORD-047877,2024-06-20,Late Delivery,1
RET-003985,ORD-047892,2025-01-14,Size / Fit Issue,1
RET-003986,ORD-047893,2024-06-15,Changed Mind,1
RET-003987,ORD-047898,2024-06-25,Late Delivery,1
RET-003988,ORD-047910,2024-06-29,Late Delivery,1
RET-003989,ORD-047916,2024-06-30,Not as Described,1
RET-003990,ORD-047931,2025-03-18,Size / Fit Issue,1
RET-003991,ORD-047937,2024-09-09,Changed Mind,2
RET-003992,ORD-047939,2024-06-20,Changed Mind,1
RET-003993,ORD-047942,2024-06-19,Wrong Item Delivered,1
RET-003994,ORD-047977,2024-06-20,Found Better Price,1
RET-003995,ORD-047990,2025-05-12,Changed Mind,1
RET-003996,ORD-048042,2025-01-04,Late Delivery,1
RET-003997,ORD-048048,2025-05-26,Not as Described,1
RET-003998,ORD-048054,2024-06-15,Not as Described,1
RET-003999,ORD-048062,2024-06-20,Late Delivery,1
RET-004000,ORD-048068,2024-07-13,Size / Fit Issue,1
RET-004001,ORD-048069,2024-11-30,Changed Mind,1
RET-004002,ORD-048108,2024-06-27,Found Better Price,1
RET-004003,ORD-048122,2024-06-28,Not as Described,1
RET-004004,ORD-048141,2024-07-20,Changed Mind,1
RET-004005,ORD-048169,2024-06-19,Missing Parts / Accessories,3
RET-004006,ORD-048212,2024-06-15,Wrong Item Delivered,1
RET-004007,ORD-048221,2024-06-18,Changed Mind,1
RET-004008,ORD-048227,2024-06-22,Changed Mind,1
RET-004009,ORD-048234,2024-10-11,Changed Mind,1
RET-004010,ORD-048237,2025-05-22,Not as Described,1
RET-004011,ORD-048252,2024-06-24,Found Better Price,1
RET-004012,ORD-048254,2024-11-25,Missing Parts / Accessories,1
RET-004013,ORD-048258,2024-06-22,Size / Fit Issue,1
RET-004014,ORD-048272,2024-06-19,Found Better Price,1
RET-004015,ORD-048298,2024-06-19,Size / Fit Issue,1
RET-004016,ORD-048306,2024-12-30,Size / Fit Issue,1
RET-004017,ORD-048317,2025-01-15,Defective / Damaged,1
RET-004018,ORD-048319,2024-10-23,Found Better Price,1
RET-004019,ORD-048330,2024-06-23,Wrong Item Delivered,1
RET-004020,ORD-048331,2024-06-20,Not as Described,1
RET-004021,ORD-048338,2024-06-29,Found Better Price,2
RET-004022,ORD-048350,2025-07-08,Not as Described,1
RET-004023,ORD-048369,2024-07-05,Changed Mind,2
RET-004024,ORD-048377,2024-07-03,Late Delivery,1
RET-004025,ORD-048386,2024-10-30,Defective / Damaged,1
RET-004026,ORD-048399,2024-12-22,Changed Mind,1
RET-004027,ORD-048410,2024-06-22,Changed Mind,1
RET-004028,ORD-048413,2024-06-22,Not as Described,1
RET-004029,ORD-048421,2024-07-01,Wrong Item Delivered,1
RET-004030,ORD-048436,2025-08-10,Changed Mind,2
RET-004031,ORD-048448,2024-06-30,Changed Mind,1
RET-004032,ORD-048449,2024-06-25,Changed Mind,1
RET-004033,ORD-048490,2024-06-28,Found Better Price,1
RET-004034,ORD-048528,2024-12-28,Late Delivery,1
RET-004035,ORD-048534,2024-06-30,Changed Mind,1
RET-004036,ORD-048540,2025-06-01,Found Better Price,1
RET-004037,ORD-048548,2025-07-07,Defective / Damaged,1
RET-004038,ORD-048578,2024-06-27,Defective / Damaged,1
RET-004039,ORD-048589,2024-06-20,Not as Described,1
RET-004040,ORD-048591,2024-11-06,Defective / Damaged,2
RET-004041,ORD-048599,2024-07-05,Found Better Price,1
RET-004042,ORD-048620,2024-07-04,Changed Mind,1
RET-004043,ORD-048634,2024-06-22,Not as Described,1
RET-004044,ORD-048636,2025-06-19,Size / Fit Issue,1
RET-004045,ORD-048642,2024-07-05,Size / Fit Issue,2
RET-004046,ORD-048648,2025-01-08,Changed Mind,1
RET-004047,ORD-048658,2024-09-18,Not as Described,2
RET-004048,ORD-048669,2024-06-22,Changed Mind,1
RET-004049,ORD-048671,2024-07-06,Late Delivery,1
RET-004050,ORD-048694,2024-07-08,Late Delivery,1
RET-004051,ORD-048696,2024-06-21,Changed Mind,1
RET-004052,ORD-048773,2024-07-02,Changed Mind,1
RET-004053,ORD-048803,2024-06-21,Changed Mind,1
RET-004054,ORD-048813,2024-07-02,Found Better Price,1
RET-004055,ORD-048900,2024-12-14,Not as Described,1
RET-004056,ORD-048908,2025-06-28,Late Delivery,1
RET-004057,ORD-048912,2024-06-26,Size / Fit Issue,1
RET-004058,ORD-048915,2025-06-19,Changed Mind,1
RET-004059,ORD-048931,2024-07-04,Defective / Damaged,1
RET-004060,ORD-048958,2024-07-01,Changed Mind,1
RET-004061,ORD-048968,2024-11-06,Missing Parts / Accessories,1
RET-004062,ORD-048970,2024-07-01,Wrong Item Delivered,1
RET-004063,ORD-048974,2024-12-06,Size / Fit Issue,1
RET-004064,ORD-048990,2024-07-13,Defective / Damaged,2
RET-004065,ORD-049003,2025-03-11,Size / Fit Issue,2
RET-004066,ORD-049014,2024-07-02,Size / Fit Issue,1
RET-004067,ORD-049016,2024-07-04,Not as Described,1
RET-004068,ORD-049019,2024-09-08,Not as Described,1
RET-004069,ORD-049029,2025-05-10,Changed Mind,1
RET-004070,ORD-049032,2024-07-10,Not as Described,1
RET-004071,ORD-049037,2024-07-01,Wrong Item Delivered,2
RET-004072,ORD-049051,2024-07-03,Found Better Price,2
RET-004073,ORD-049060,2024-06-24,Found Better Price,1
RET-004074,ORD-049068,2024-08-19,Wrong Item Delivered,1
RET-004075,ORD-049098,2024-07-01,Defective / Damaged,1
RET-004076,ORD-049144,2024-07-10,Found Better Price,1
RET-004077,ORD-049147,2024-07-10,Late Delivery,1
RET-004078,ORD-049156,2024-07-06,Defective / Damaged,1
RET-004079,ORD-049173,2025-01-04,Found Better Price,1
RET-004080,ORD-049179,2024-07-05,Not as Described,1
RET-004081,ORD-049183,2024-11-30,Late Delivery,1
RET-004082,ORD-049188,2025-02-28,Wrong Item Delivered,1
RET-004083,ORD-049196,2025-02-04,Defective / Damaged,3
RET-004084,ORD-049200,2024-07-10,Not as Described,1
RET-004085,ORD-049203,2024-07-08,Not as Described,1
RET-004086,ORD-049208,2024-07-05,Size / Fit Issue,1
RET-004087,ORD-049273,2024-07-03,Late Delivery,1
RET-004088,ORD-049274,2025-03-07,Wrong Item Delivered,1
RET-004089,ORD-049326,2024-07-06,Late Delivery,2
RET-004090,ORD-049327,2025-02-07,Size / Fit Issue,1
RET-004091,ORD-049342,2024-07-13,Defective / Damaged,2
RET-004092,ORD-049346,2024-06-29,Defective / Damaged,2
RET-004093,ORD-049350,2024-12-07,Late Delivery,1
RET-004094,ORD-049354,2024-06-28,Defective / Damaged,1
RET-004095,ORD-049370,2024-07-01,Not as Described,1
RET-004096,ORD-049412,2024-07-11,Late Delivery,1
RET-004097,ORD-049423,2024-07-10,Not as Described,3
RET-004098,ORD-049427,2024-07-06,Changed Mind,1
RET-004099,ORD-049441,2025-05-13,Found Better Price,1
RET-004100,ORD-049444,2024-07-03,Not as Described,5
RET-004101,ORD-049451,2024-12-18,Late Delivery,1
RET-004102,ORD-049453,2024-06-29,Defective / Damaged,1
RET-004103,ORD-049459,2024-07-03,Wrong Item Delivered,1
RET-004104,ORD-049477,2024-07-14,Wrong Item Delivered,1
RET-004105,ORD-049514,2024-07-03,Not as Described,5
RET-004106,ORD-049519,2024-07-10,Changed Mind,1
RET-004107,ORD-049539,2024-07-01,Defective / Damaged,1
RET-004108,ORD-049553,2024-11-04,Wrong Item Delivered,1
RET-004109,ORD-049571,2024-11-11,Late Delivery,1
RET-004110,ORD-049580,2024-07-14,Defective / Damaged,1
RET-004111,ORD-049588,2024-06-30,Late Delivery,1
RET-004112,ORD-049592,2024-12-22,Found Better Price,1
RET-004113,ORD-049602,2025-06-20,Late Delivery,2
RET-004114,ORD-049621,2024-07-03,Defective / Damaged,1
RET-004115,ORD-049624,2024-11-15,Changed Mind,1
RET-004116,ORD-049632,2024-07-11,Missing Parts / Accessories,1
RET-004117,ORD-049665,2024-12-08,Late Delivery,1
RET-004118,ORD-049675,2024-07-06,Size / Fit Issue,1
RET-004119,ORD-049688,2024-12-14,Defective / Damaged,1
RET-004120,ORD-049699,2025-04-02,Changed Mind,1
RET-004121,ORD-049714,2025-05-11,Not as Described,1
RET-004122,ORD-049716,2024-07-18,Defective / Damaged,1
RET-004123,ORD-049719,2024-08-22,Late Delivery,1
RET-004124,ORD-049724,2024-08-17,Size / Fit Issue,1
RET-004125,ORD-049730,2024-07-19,Defective / Damaged,1
RET-004126,ORD-049742,2024-12-26,Defective / Damaged,1
RET-004127,ORD-049798,2024-07-01,Found Better Price,2
RET-004128,ORD-049801,2024-07-11,Late Delivery,1
RET-004129,ORD-049802,2024-07-12,Late Delivery,1
RET-004130,ORD-049816,2024-07-13,Not as Described,1
RET-004131,ORD-049838,2024-07-12,Wrong Item Delivered,1
RET-004132,ORD-049861,2025-05-20,Wrong Item Delivered,1
RET-004133,ORD-049884,2024-07-10,Defective / Damaged,1
RET-004134,ORD-049892,2024-11-02,Missing Parts / Accessories,1
RET-004135,ORD-049896,2024-07-16,Not as Described,1
RET-004136,ORD-049912,2024-07-17,Defective / Damaged,2
RET-004137,ORD-049926,2024-07-12,Defective / Damaged,1
RET-004138,ORD-049931,2024-07-08,Defective / Damaged,1
RET-004139,ORD-049945,2024-12-02,Late Delivery,3
RET-004140,ORD-049949,2024-07-12,Changed Mind,3
RET-004141,ORD-049951,2024-07-13,Size / Fit Issue,4
RET-004142,ORD-049972,2024-07-20,Late Delivery,1
RET-004143,ORD-049979,2024-07-07,Wrong Item Delivered,8
RET-004144,ORD-049988,2024-07-05,Changed Mind,1
RET-004145,ORD-050006,2024-07-21,Defective / Damaged,1
RET-004146,ORD-050018,2024-07-03,Changed Mind,1
RET-004147,ORD-050019,2025-02-16,Late Delivery,1
RET-004148,ORD-050026,2025-03-17,Defective / Damaged,2
RET-004149,ORD-050028,2024-07-19,Missing Parts / Accessories,1
RET-004150,ORD-050032,2024-12-13,Missing Parts / Accessories,1
RET-004151,ORD-050051,2024-10-12,Size / Fit Issue,1
RET-004152,ORD-050062,2024-07-08,Found Better Price,1
RET-004153,ORD-050071,2025-08-13,Defective / Damaged,1
RET-004154,ORD-050100,2024-08-22,Late Delivery,2
RET-004155,ORD-050104,2024-07-19,Missing Parts / Accessories,1
RET-004156,ORD-050127,2024-07-14,Defective / Damaged,1
RET-004157,ORD-050133,2024-07-10,Size / Fit Issue,1
RET-004158,ORD-050137,2024-07-16,Not as Described,1
RET-004159,ORD-050151,2025-05-08,Not as Described,3
RET-004160,ORD-050164,2025-02-01,Size / Fit Issue,1
RET-004161,ORD-050165,2025-05-20,Late Delivery,1
RET-004162,ORD-050176,2024-07-07,Found Better Price,1
RET-004163,ORD-050179,2024-07-18,Changed Mind,3
RET-004164,ORD-050184,2024-07-05,Size / Fit Issue,1
RET-004165,ORD-050220,2024-07-15,Late Delivery,1
RET-004166,ORD-050221,2024-07-14,Defective / Damaged,2
RET-004167,ORD-050275,2024-07-16,Size / Fit Issue,3
RET-004168,ORD-050276,2024-07-21,Changed Mind,2
RET-004169,ORD-050281,2024-10-20,Found Better Price,4
RET-004170,ORD-050301,2024-07-10,Defective / Damaged,1
RET-004171,ORD-050313,2024-07-10,Reason Not Specified,1
RET-004172,ORD-050323,2024-07-18,Size / Fit Issue,1
RET-004173,ORD-050330,2024-07-20,Found Better Price,1
RET-004174,ORD-050340,2024-07-08,Changed Mind,1
RET-004175,ORD-050343,2024-07-24,Changed Mind,1
RET-004176,ORD-050361,2024-07-17,Late Delivery,1
RET-004177,ORD-050363,2024-07-24,Changed Mind,1
RET-004178,ORD-050364,2024-07-16,Found Better Price,1
RET-004179,ORD-050367,2024-07-09,Not as Described,1
RET-004180,ORD-050398,2024-07-10,Wrong Item Delivered,1
RET-004181,ORD-050400,2024-12-26,Defective / Damaged,1
RET-004182,ORD-050429,2024-07-09,Not as Described,1
RET-004183,ORD-050443,2024-07-14,Wrong Item Delivered,2
RET-004184,ORD-050452,2024-07-08,Late Delivery,2
RET-004185,ORD-050455,2024-07-14,Found Better Price,1
RET-004186,ORD-050457,2024-07-22,Changed Mind,1
RET-004187,ORD-050460,2024-08-10,Found Better Price,2
RET-004188,ORD-050465,2024-07-12,Size / Fit Issue,1
RET-004189,ORD-050487,2024-12-31,Late Delivery,1
RET-004190,ORD-050489,2025-01-25,Defective / Damaged,1
RET-004191,ORD-050501,2024-07-26,Changed Mind,3
RET-004192,ORD-050502,2024-07-09,Size / Fit Issue,1
RET-004193,ORD-050515,2024-07-20,Defective / Damaged,1
RET-004194,ORD-050517,2024-07-12,Not as Described,1
RET-004195,ORD-050520,2024-07-11,Late Delivery,1
RET-004196,ORD-050521,2024-07-22,Late Delivery,1
RET-004197,ORD-050530,2024-07-12,Changed Mind,1
RET-004198,ORD-050531,2024-07-26,Defective / Damaged,1
RET-004199,ORD-050536,2024-07-16,Changed Mind,1
RET-004200,ORD-050541,2024-07-17,Not as Described,1
RET-004201,ORD-050542,2024-07-16,Size / Fit Issue,1
RET-004202,ORD-050551,2024-07-10,Missing Parts / Accessories,1
RET-004203,ORD-050556,2025-07-12,Changed Mind,1
RET-004204,ORD-050587,2024-07-26,Size / Fit Issue,1
RET-004205,ORD-050589,2024-07-24,Late Delivery,1
RET-004206,ORD-050598,2024-07-13,Defective / Damaged,1
RET-004207,ORD-050612,2024-07-11,Defective / Damaged,1
RET-004208,ORD-050625,2025-05-24,Defective / Damaged,1
RET-004209,ORD-050658,2024-07-10,Found Better Price,1
RET-004210,ORD-050659,2024-07-26,Not as Described,1
RET-004211,ORD-050689,2024-09-25,Changed Mind,1
RET-004212,ORD-050699,2024-12-14,Wrong Item Delivered,1
RET-004213,ORD-050707,2024-09-10,Found Better Price,1
RET-004214,ORD-050708,2025-04-05,Changed Mind,1
RET-004215,ORD-050736,2025-01-05,Changed Mind,1
RET-004216,ORD-050828,2024-09-29,Not as Described,1
RET-004217,ORD-050845,2024-07-20,Size / Fit Issue,1
RET-004218,ORD-050856,2024-07-25,Changed Mind,1
RET-004219,ORD-050879,2024-09-21,Size / Fit Issue,1
RET-004220,ORD-050883,2024-07-26,Changed Mind,1
RET-004221,ORD-050892,2024-07-30,Not as Described,1
RET-004222,ORD-050907,2024-07-27,Found Better Price,1
RET-004223,ORD-050909,2025-01-15,Defective / Damaged,1
RET-004224,ORD-050915,2024-07-22,Changed Mind,1
RET-004225,ORD-050918,2024-07-19,Not as Described,1
RET-004226,ORD-050928,2024-07-25,Size / Fit Issue,1
RET-004227,ORD-050947,2025-02-02,Wrong Item Delivered,2
RET-004228,ORD-050974,2024-07-30,Defective / Damaged,1
RET-004229,ORD-050977,2024-07-27,Late Delivery,1
RET-004230,ORD-050984,2024-07-27,Defective / Damaged,1
RET-004231,ORD-050996,2025-02-05,Changed Mind,1
RET-004232,ORD-051018,2024-07-24,Changed Mind,1
RET-004233,ORD-051028,2024-07-20,Late Delivery,1
RET-004234,ORD-051032,2025-03-19,Found Better Price,2
RET-004235,ORD-051053,2024-12-28,Not as Described,2
RET-004236,ORD-051055,2025-03-19,Size / Fit Issue,3
RET-004237,ORD-051060,2024-07-17,Late Delivery,1
RET-004238,ORD-051065,2025-03-31,Changed Mind,8
RET-004239,ORD-051066,2024-07-24,Defective / Damaged,1
RET-004240,ORD-051068,2024-07-14,Found Better Price,1
RET-004241,ORD-051080,2024-07-27,Late Delivery,1
RET-004242,ORD-051096,2024-07-26,Defective / Damaged,3
RET-004243,ORD-051105,2024-07-15,Found Better Price,1
RET-004244,ORD-051110,2024-07-19,Late Delivery,1
RET-004245,ORD-051134,2024-08-01,Changed Mind,2
RET-004246,ORD-051141,2024-07-30,Defective / Damaged,1
RET-004247,ORD-051147,2024-07-26,Found Better Price,1
RET-004248,ORD-051151,2024-07-18,Not as Described,1
RET-004249,ORD-051156,2024-07-15,Not as Described,1
RET-004250,ORD-051171,2024-07-28,Changed Mind,1
RET-004251,ORD-051176,2024-07-23,Size / Fit Issue,1
RET-004252,ORD-051186,2024-07-29,Not as Described,1
RET-004253,ORD-051197,2025-07-04,Late Delivery,1
RET-004254,ORD-051236,2024-07-28,Wrong Item Delivered,1
RET-004255,ORD-051238,2024-07-22,Not as Described,1
RET-004256,ORD-051240,2025-05-19,Size / Fit Issue,1
RET-004257,ORD-051243,2025-05-22,Size / Fit Issue,1
RET-004258,ORD-051250,2024-07-31,Size / Fit Issue,1
RET-004259,ORD-051252,2024-07-27,Found Better Price,1
RET-004260,ORD-051257,2024-07-19,Wrong Item Delivered,1
RET-004261,ORD-051263,2025-03-31,Size / Fit Issue,1
RET-004262,ORD-051321,2024-11-21,Size / Fit Issue,3
RET-004263,ORD-051357,2024-07-31,Size / Fit Issue,3
RET-004264,ORD-051370,2024-12-18,Defective / Damaged,1
RET-004265,ORD-051402,2024-12-27,Changed Mind,1
RET-004266,ORD-051431,2025-08-03,Changed Mind,1
RET-004267,ORD-051448,2024-07-22,Size / Fit Issue,1
RET-004268,ORD-051453,2024-10-20,Found Better Price,1
RET-004269,ORD-051460,2024-08-05,Found Better Price,1
RET-004270,ORD-051464,2024-07-19,Changed Mind,1
RET-004271,ORD-051470,2024-07-25,Found Better Price,2
RET-004272,ORD-051471,2024-07-21,Late Delivery,1
RET-004273,ORD-051493,2024-07-26,Size / Fit Issue,1
RET-004274,ORD-051523,2024-07-23,Defective / Damaged,1
RET-004275,ORD-051536,2024-07-31,Defective / Damaged,1
RET-004276,ORD-051581,2024-07-26,Not as Described,1
RET-004277,ORD-051584,2024-07-23,Late Delivery,1
RET-004278,ORD-051608,2024-07-20,Late Delivery,1
RET-004279,ORD-051612,2024-07-26,Changed Mind,1
RET-004280,ORD-051618,2025-01-01,Late Delivery,1
RET-004281,ORD-051626,2024-07-29,Size / Fit Issue,1
RET-004282,ORD-051634,2024-07-28,Changed Mind,1
RET-004283,ORD-051640,2025-05-05,Changed Mind,1
RET-004284,ORD-051648,2024-09-04,Size / Fit Issue,1
RET-004285,ORD-051694,2025-06-13,Changed Mind,1
RET-004286,ORD-051698,2025-02-24,Size / Fit Issue,1
RET-004287,ORD-051720,2024-07-22,Changed Mind,2
RET-004288,ORD-051728,2024-07-27,Defective / Damaged,1
RET-004289,ORD-051738,2025-02-17,Size / Fit Issue,1
RET-004290,ORD-051761,2024-07-21,Size / Fit Issue,5
RET-004291,ORD-051765,2024-07-22,Size / Fit Issue,1
RET-004292,ORD-051766,2024-07-26,Defective / Damaged,1
RET-004293,ORD-051772,2024-08-03,Found Better Price,1
RET-004294,ORD-051803,2024-08-03,Found Better Price,2
RET-004295,ORD-051817,2024-08-07,Late Delivery,1
RET-004296,ORD-051820,2024-09-06,Found Better Price,1
RET-004297,ORD-051822,2024-08-01,Found Better Price,1
RET-004298,ORD-051823,2025-01-04,Late Delivery,1
RET-004299,ORD-051830,2024-07-26,Found Better Price,1
RET-004300,ORD-051832,2024-08-03,Late Delivery,1
RET-004301,ORD-051857,2025-05-28,Found Better Price,4
RET-004302,ORD-051875,2024-07-24,Size / Fit Issue,1
RET-004303,ORD-051876,2024-12-09,Changed Mind,1
RET-004304,ORD-051926,2025-06-30,Late Delivery,1
RET-004305,ORD-051935,2025-07-09,Changed Mind,1
RET-004306,ORD-051937,2025-02-01,Found Better Price,1
RET-004307,ORD-051940,2024-08-08,Late Delivery,1
RET-004308,ORD-051944,2024-12-02,Found Better Price,1
RET-004309,ORD-051952,2024-08-26,Late Delivery,1
RET-004310,ORD-051959,2024-10-07,Not as Described,1
RET-004311,ORD-051972,2024-08-09,Not as Described,1
RET-004312,ORD-051980,2024-12-15,Found Better Price,2
RET-004313,ORD-051993,2025-04-20,Defective / Damaged,1
RET-004314,ORD-052000,2024-11-29,Wrong Item Delivered,1
RET-004315,ORD-052021,2024-08-04,Defective / Damaged,1
RET-004316,ORD-052023,2024-07-28,Wrong Item Delivered,2
RET-004317,ORD-052037,2024-08-08,Defective / Damaged,3
RET-004318,ORD-052077,2025-02-08,Wrong Item Delivered,1
RET-004319,ORD-052084,2025-04-03,Defective / Damaged,2
RET-004320,ORD-052103,2025-03-09,Not as Described,1
RET-004321,ORD-052104,2024-08-27,Changed Mind,1
RET-004322,ORD-052122,2024-08-05,Changed Mind,1
RET-004323,ORD-052127,2024-08-10,Wrong Item Delivered,3
RET-004324,ORD-052144,2024-08-04,Found Better Price,3
RET-004325,ORD-052153,2024-08-10,Found Better Price,1
RET-004326,ORD-052212,2024-07-26,Not as Described,1
RET-004327,ORD-052220,2024-08-12,Wrong Item Delivered,1
RET-004328,ORD-052223,2025-02-23,Late Delivery,1
RET-004329,ORD-052240,2025-01-10,Defective / Damaged,1
RET-004330,ORD-052262,2024-12-08,Found Better Price,1
RET-004331,ORD-052280,2024-09-10,Found Better Price,3
RET-004332,ORD-052317,2025-07-12,Found Better Price,1
RET-004333,ORD-052318,2024-08-05,Late Delivery,2
RET-004334,ORD-052342,2024-07-31,Defective / Damaged,1
RET-004335,ORD-052347,2024-08-04,Changed Mind,1
RET-004336,ORD-052382,2024-12-26,Size / Fit Issue,2
RET-004337,ORD-052387,2024-08-13,Changed Mind,1
RET-004338,ORD-052394,2024-08-13,Not as Described,1
RET-004339,ORD-052401,2024-08-10,Defective / Damaged,3
RET-004340,ORD-052417,2024-08-06,Defective / Damaged,1
RET-004341,ORD-052424,2024-08-14,Size / Fit Issue,1
RET-004342,ORD-052436,2024-08-01,Size / Fit Issue,1
RET-004343,ORD-052439,2024-08-09,Not as Described,1
RET-004344,ORD-052453,2024-07-29,Size / Fit Issue,1
RET-004345,ORD-052460,2024-08-13,Size / Fit Issue,1
RET-004346,ORD-052469,2024-08-04,Wrong Item Delivered,1
RET-004347,ORD-052474,2024-08-12,Wrong Item Delivered,1
RET-004348,ORD-052477,2024-07-31,Wrong Item Delivered,1
RET-004349,ORD-052493,2024-08-13,Changed Mind,3
RET-004350,ORD-052523,2024-08-06,Found Better Price,1
RET-004351,ORD-052537,2024-08-06,Changed Mind,1
RET-004352,ORD-052550,2025-07-23,Not as Described,1
RET-004353,ORD-052557,2024-08-11,Size / Fit Issue,1
RET-004354,ORD-052558,2024-07-30,Found Better Price,1
RET-004355,ORD-052569,2025-06-19,Not as Described,1
RET-004356,ORD-052581,2024-08-09,Late Delivery,1
RET-004357,ORD-052583,2024-08-15,Changed Mind,1
RET-004358,ORD-052598,2024-07-31,Found Better Price,3
RET-004359,ORD-052601,2024-08-08,Size / Fit Issue,1
RET-004360,ORD-052602,2024-08-03,Not as Described,1
RET-004361,ORD-052604,2024-07-31,Size / Fit Issue,1
RET-004362,ORD-052606,2024-08-05,Late Delivery,1
RET-004363,ORD-052613,2025-05-23,Changed Mind,1
RET-004364,ORD-052632,2024-08-16,Changed Mind,3
RET-004365,ORD-052701,2024-07-30,Changed Mind,1
RET-004366,ORD-052705,2024-11-28,Changed Mind,1
RET-004367,ORD-052731,2024-08-01,Size / Fit Issue,1
RET-004368,ORD-052736,2024-08-15,Not as Described,2
RET-004369,ORD-052738,2024-08-17,Size / Fit Issue,2
RET-004370,ORD-052750,2024-08-06,Size / Fit Issue,1
RET-004371,ORD-052766,2024-08-11,Wrong Item Delivered,1
RET-004372,ORD-052768,2024-08-15,Wrong Item Delivered,2
RET-004373,ORD-052769,2025-07-09,Changed Mind,1
RET-004374,ORD-052780,2024-08-15,Defective / Damaged,1
RET-004375,ORD-052782,2024-08-12,Found Better Price,2
RET-004376,ORD-052810,2024-08-15,Late Delivery,1
RET-004377,ORD-052818,2024-08-09,Size / Fit Issue,1
RET-004378,ORD-052823,2024-08-16,Size / Fit Issue,1
RET-004379,ORD-052829,2024-08-11,Changed Mind,1
RET-004380,ORD-052844,2024-08-05,Late Delivery,1
RET-004381,ORD-052891,2024-08-02,Wrong Item Delivered,1
RET-004382,ORD-052893,2025-02-10,Wrong Item Delivered,2
RET-004383,ORD-052899,2024-08-11,Size / Fit Issue,1
RET-004384,ORD-052906,2024-08-07,Changed Mind,1
RET-004385,ORD-052919,2024-08-01,Not as Described,1
RET-004387,ORD-052939,2024-08-07,Defective / Damaged,1
RET-004388,ORD-052940,2024-12-29,Changed Mind,1
RET-004389,ORD-053003,2025-04-26,Late Delivery,1
RET-004390,ORD-053004,2024-08-09,Size / Fit Issue,1
RET-004391,ORD-053007,2024-08-15,Changed Mind,1
RET-004392,ORD-053014,2024-08-20,Not as Described,2
RET-004393,ORD-053022,2024-08-16,Found Better Price,3
RET-004394,ORD-053025,2024-10-31,Not as Described,3
RET-004395,ORD-053044,2024-08-21,Defective / Damaged,1
RET-004396,ORD-053049,2024-08-06,Late Delivery,1
RET-004397,ORD-053057,2024-08-13,Late Delivery,1
RET-004398,ORD-053059,2024-08-11,Late Delivery,3
RET-004399,ORD-053062,2024-08-06,Late Delivery,5
RET-004400,ORD-053073,2024-08-21,Defective / Damaged,3
RET-004401,ORD-053085,2024-08-15,Size / Fit Issue,2
RET-004402,ORD-053090,2025-03-22,Missing Parts / Accessories,1
RET-004403,ORD-053108,2024-08-15,Not as Described,1
RET-004404,ORD-053112,2025-02-08,Changed Mind,2
RET-004405,ORD-053114,2024-08-19,Not as Described,3
RET-004406,ORD-053135,2024-08-06,Changed Mind,1
RET-004407,ORD-053136,2024-08-11,Found Better Price,2
RET-004408,ORD-053137,2025-04-08,Late Delivery,1
RET-004409,ORD-053154,2025-07-06,Size / Fit Issue,1
RET-004410,ORD-053174,2024-08-19,Changed Mind,1
RET-004411,ORD-053180,2024-08-17,Changed Mind,2
RET-004412,ORD-053221,2024-08-21,Size / Fit Issue,1
RET-004413,ORD-053227,2024-12-04,Missing Parts / Accessories,1
RET-004414,ORD-053235,2024-10-07,Changed Mind,1
RET-004415,ORD-053247,2024-08-18,Size / Fit Issue,1
RET-004416,ORD-053251,2024-09-13,Size / Fit Issue,1
RET-004417,ORD-053258,2024-08-20,Late Delivery,1
RET-004418,ORD-053294,2024-08-11,Wrong Item Delivered,1
RET-004419,ORD-053297,2024-08-16,Changed Mind,2
RET-004420,ORD-053313,2024-08-18,Size / Fit Issue,2
RET-004421,ORD-053318,2025-03-26,Size / Fit Issue,1
RET-004422,ORD-053322,2024-08-09,Size / Fit Issue,1
RET-004423,ORD-053328,2024-08-07,Late Delivery,1
RET-004424,ORD-053333,2024-08-10,Late Delivery,1
RET-004425,ORD-053340,2024-08-08,Late Delivery,1
RET-004426,ORD-053351,2024-08-06,Missing Parts / Accessories,3
RET-004427,ORD-053363,2024-11-11,Late Delivery,1
RET-004428,ORD-053377,2024-08-06,Size / Fit Issue,2
RET-004429,ORD-053395,2024-08-09,Wrong Item Delivered,1
RET-004430,ORD-053413,2024-08-08,Changed Mind,1
RET-004431,ORD-053418,2024-10-25,Late Delivery,1
RET-004432,ORD-053446,2024-12-19,Late Delivery,1
RET-004433,ORD-053454,2024-11-28,Late Delivery,1
RET-004434,ORD-053458,2024-08-17,Not as Described,1
RET-004435,ORD-053465,2024-08-07,Changed Mind,1
RET-004436,ORD-053509,2024-08-13,Not as Described,1
RET-004437,ORD-053517,2025-02-18,Found Better Price,1
RET-004438,ORD-053533,2024-08-12,Defective / Damaged,1
RET-004439,ORD-053539,2024-08-09,Changed Mind,1
RET-004440,ORD-053559,2024-08-23,Changed Mind,1
RET-004441,ORD-053626,2024-08-16,Changed Mind,1
RET-004442,ORD-053628,2024-12-08,Defective / Damaged,1
RET-004443,ORD-053640,2025-03-10,Late Delivery,2
RET-004444,ORD-053649,2024-08-25,Defective / Damaged,1
RET-004445,ORD-053655,2025-07-05,Late Delivery,1
RET-004446,ORD-053659,2024-08-17,Reason Not Specified,1
RET-004447,ORD-053703,2024-08-13,Defective / Damaged,1
RET-004448,ORD-053706,2024-08-13,Wrong Item Delivered,1
RET-004449,ORD-053753,2024-08-27,Not as Described,2
RET-004450,ORD-053762,2024-08-21,Size / Fit Issue,1
RET-004451,ORD-053777,2024-08-20,Defective / Damaged,1
RET-004452,ORD-053827,2024-08-26,Defective / Damaged,1
RET-004453,ORD-053830,2024-08-11,Changed Mind,1
RET-004454,ORD-053837,2024-08-12,Wrong Item Delivered,1
RET-004455,ORD-053854,2024-08-19,Size / Fit Issue,1
RET-004456,ORD-053857,2024-08-18,Changed Mind,1
RET-004457,ORD-053863,2024-08-17,Late Delivery,3
RET-004458,ORD-053870,2024-08-27,Late Delivery,1
RET-004459,ORD-053901,2024-08-27,Defective / Damaged,2
RET-004460,ORD-053905,2024-08-16,Not as Described,1
RET-004461,ORD-053921,2024-08-14,Not as Described,1
RET-004462,ORD-053924,2024-08-26,Changed Mind,1
RET-004463,ORD-053946,2025-05-16,Missing Parts / Accessories,1
RET-004464,ORD-053951,2024-11-26,Wrong Item Delivered,1
RET-004465,ORD-053959,2024-08-27,Late Delivery,4
RET-004466,ORD-053962,2024-08-29,Size / Fit Issue,1
RET-004467,ORD-053963,2024-08-29,Changed Mind,1
RET-004468,ORD-053964,2024-08-29,Found Better Price,1
RET-004469,ORD-053969,2025-01-23,Changed Mind,1
RET-004470,ORD-053991,2024-08-11,Defective / Damaged,2
RET-004471,ORD-054022,2024-08-21,Not as Described,1
RET-004472,ORD-054032,2024-12-22,Late Delivery,1
RET-004473,ORD-054038,2025-03-31,Late Delivery,1
RET-004474,ORD-054047,2024-08-29,Changed Mind,1
RET-004475,ORD-054069,2024-08-15,Not as Described,1
RET-004476,ORD-054089,2025-04-24,Found Better Price,1
RET-004477,ORD-054093,2024-08-13,Size / Fit Issue,1
RET-004478,ORD-054149,2024-08-14,Changed Mind,1
RET-004479,ORD-054170,2024-08-18,Changed Mind,1
RET-004480,ORD-054171,2024-08-20,Size / Fit Issue,1
RET-004481,ORD-054185,2024-11-28,Wrong Item Delivered,1
RET-004482,ORD-054190,2024-08-15,Size / Fit Issue,2
RET-004483,ORD-054198,2024-08-29,Size / Fit Issue,1
RET-004484,ORD-054200,2024-08-22,Changed Mind,2
RET-004485,ORD-054207,2024-08-30,Size / Fit Issue,1
RET-004486,ORD-054238,2024-08-18,Defective / Damaged,1
RET-004487,ORD-054240,2025-02-01,Found Better Price,1
RET-004488,ORD-054248,2024-08-20,Defective / Damaged,3
RET-004489,ORD-054262,2024-08-20,Defective / Damaged,1
RET-004490,ORD-054285,2024-08-19,Found Better Price,1
RET-004491,ORD-054300,2024-08-14,Changed Mind,1
RET-004492,ORD-054319,2024-11-19,Not as Described,2
RET-004493,ORD-054376,2025-07-23,Wrong Item Delivered,1
RET-004494,ORD-054417,2024-08-30,Defective / Damaged,1
RET-004495,ORD-054418,2024-08-30,Size / Fit Issue,1
RET-004496,ORD-054429,2024-08-24,Not as Described,4
RET-004497,ORD-054433,2025-01-12,Not as Described,1
RET-004498,ORD-054441,2025-04-04,Late Delivery,1
RET-004499,ORD-054448,2024-08-15,Changed Mind,1
RET-004500,ORD-054453,2024-08-26,Defective / Damaged,1
RET-004501,ORD-054473,2024-08-19,Reason Not Specified,1
RET-004502,ORD-054479,2024-08-22,Late Delivery,1
RET-004503,ORD-054481,2024-12-10,Late Delivery,2
RET-004504,ORD-054489,2024-08-24,Changed Mind,1
RET-004505,ORD-054496,2024-09-02,Size / Fit Issue,1
RET-004506,ORD-054501,2024-08-24,Defective / Damaged,3
RET-004507,ORD-054514,2024-11-17,Late Delivery,1
RET-004508,ORD-054515,2024-08-24,Changed Mind,1
RET-004509,ORD-054520,2024-11-20,Late Delivery,1
RET-004510,ORD-054537,2024-08-20,Size / Fit Issue,1
RET-004511,ORD-054544,2024-08-19,Size / Fit Issue,1
RET-004512,ORD-054548,2024-09-02,Changed Mind,1
RET-004513,ORD-054555,2024-08-30,Size / Fit Issue,1
RET-004514,ORD-054556,2024-08-22,Size / Fit Issue,2
RET-004515,ORD-054560,2024-09-03,Size / Fit Issue,1
RET-004516,ORD-054566,2025-05-27,Size / Fit Issue,1
RET-004517,ORD-054569,2024-09-01,Late Delivery,1
RET-004518,ORD-054581,2024-08-26,Size / Fit Issue,1
RET-004519,ORD-054584,2024-08-27,Changed Mind,1
RET-004520,ORD-054601,2024-08-30,Not as Described,1
RET-004521,ORD-054603,2024-08-20,Late Delivery,1
RET-004522,ORD-054628,2024-08-22,Defective / Damaged,1
RET-004523,ORD-054658,2024-09-02,Changed Mind,1
RET-004524,ORD-054673,2025-02-20,Missing Parts / Accessories,1
RET-004525,ORD-054686,2024-08-19,Changed Mind,1
RET-004526,ORD-054687,2024-09-01,Found Better Price,2
RET-004527,ORD-054689,2025-01-18,Found Better Price,1
RET-004528,ORD-054702,2024-08-20,Found Better Price,1
RET-004529,ORD-054707,2024-09-04,Found Better Price,3
RET-004530,ORD-054710,2024-11-05,Wrong Item Delivered,1
RET-004531,ORD-054725,2024-08-21,Wrong Item Delivered,1
RET-004532,ORD-054727,2024-08-18,Size / Fit Issue,1
RET-004533,ORD-054737,2024-08-29,Not as Described,1
RET-004534,ORD-054740,2024-09-03,Late Delivery,1
RET-004535,ORD-054766,2025-02-20,Size / Fit Issue,3
RET-004536,ORD-054767,2025-03-28,Late Delivery,2
RET-004537,ORD-054772,2024-08-29,Missing Parts / Accessories,1
RET-004538,ORD-054774,2024-09-05,Changed Mind,1
RET-004539,ORD-054790,2024-08-25,Late Delivery,1
RET-004540,ORD-054805,2024-09-03,Changed Mind,1
RET-004541,ORD-054807,2024-11-24,Found Better Price,1
RET-004542,ORD-054817,2024-08-28,Late Delivery,1
RET-004543,ORD-054818,2024-08-21,Found Better Price,1
RET-004544,ORD-054834,2025-03-25,Found Better Price,3
RET-004545,ORD-054847,2024-08-27,Wrong Item Delivered,1
RET-004546,ORD-054852,2024-08-29,Defective / Damaged,1
RET-004547,ORD-054853,2024-08-19,Changed Mind,2
RET-004548,ORD-054865,2025-05-08,Changed Mind,1
RET-004549,ORD-054902,2025-06-20,Found Better Price,1
RET-004550,ORD-054910,2024-08-26,Missing Parts / Accessories,1
RET-004551,ORD-054921,2024-09-03,Not as Described,1
RET-004552,ORD-054927,2024-08-27,Changed Mind,1
RET-004553,ORD-054930,2024-08-27,Found Better Price,1
RET-004554,ORD-054953,2024-10-27,Found Better Price,1
RET-004555,ORD-054955,2024-08-21,Late Delivery,4
RET-004556,ORD-054956,2024-08-26,Wrong Item Delivered,1
RET-004557,ORD-054992,2024-09-03,Size / Fit Issue,1
RET-004558,ORD-054994,2024-08-24,Not as Described,1
RET-004559,ORD-055031,2024-08-30,Defective / Damaged,1
RET-004560,ORD-055041,2024-08-21,Defective / Damaged,1
RET-004561,ORD-055065,2024-09-03,Size / Fit Issue,1
RET-004562,ORD-055066,2024-09-03,Late Delivery,1
RET-004563,ORD-055072,2024-08-25,Wrong Item Delivered,2
RET-004564,ORD-055122,2024-08-24,Defective / Damaged,1
RET-004565,ORD-055127,2024-08-21,Late Delivery,1
RET-004566,ORD-055134,2024-08-21,Found Better Price,4
RET-004567,ORD-055176,2024-08-28,Defective / Damaged,1
RET-004568,ORD-055198,2024-08-23,Defective / Damaged,1
RET-004569,ORD-055205,2025-01-26,Changed Mind,1
RET-004570,ORD-055217,2024-11-18,Missing Parts / Accessories,2
RET-004571,ORD-055235,2024-11-17,Late Delivery,1
RET-004572,ORD-055286,2024-08-26,Late Delivery,1
RET-004573,ORD-055298,2025-02-28,Found Better Price,3
RET-004574,ORD-055335,2024-08-27,Size / Fit Issue,1
RET-004575,ORD-055351,2025-01-29,Not as Described,1
RET-004576,ORD-055360,2025-02-14,Size / Fit Issue,1
RET-004577,ORD-055377,2024-09-08,Not as Described,1
RET-004578,ORD-055391,2024-08-23,Size / Fit Issue,1
RET-004579,ORD-055401,2024-09-23,Defective / Damaged,1
RET-004580,ORD-055408,2024-08-23,Late Delivery,1
RET-004581,ORD-055413,2024-09-08,Size / Fit Issue,1
RET-004582,ORD-055421,2024-09-03,Wrong Item Delivered,1
RET-004583,ORD-055434,2024-08-24,Late Delivery,1
RET-004584,ORD-055440,2024-09-06,Not as Described,1
RET-004585,ORD-055474,2024-09-04,Found Better Price,1
RET-004586,ORD-055480,2024-09-09,Changed Mind,2
RET-004587,ORD-055483,2024-08-28,Defective / Damaged,3
RET-004588,ORD-055500,2024-09-04,Defective / Damaged,1
RET-004589,ORD-055511,2024-08-31,Not as Described,1
RET-004590,ORD-055512,2024-08-28,Size / Fit Issue,1
RET-004591,ORD-055520,2025-02-22,Changed Mind,1
RET-004592,ORD-055530,2024-09-06,Size / Fit Issue,1
RET-004593,ORD-055539,2025-02-17,Not as Described,1
RET-004594,ORD-055572,2024-09-12,Defective / Damaged,1
RET-004595,ORD-055590,2024-08-28,Late Delivery,2
RET-004596,ORD-055595,2024-09-03,Late Delivery,2
RET-004597,ORD-055604,2024-09-09,Changed Mind,1
RET-004598,ORD-055617,2024-09-10,Size / Fit Issue,1
RET-004599,ORD-055671,2025-03-08,Late Delivery,1
RET-004600,ORD-055678,2024-09-08,Size / Fit Issue,1
RET-004601,ORD-055689,2024-09-11,Found Better Price,1
RET-004602,ORD-055691,2025-04-29,Size / Fit Issue,1
RET-004603,ORD-055716,2024-09-13,Late Delivery,1
RET-004604,ORD-055725,2024-11-09,Late Delivery,1
RET-004605,ORD-055728,2024-09-10,Not as Described,2
RET-004606,ORD-055736,2024-08-26,Wrong Item Delivered,1
RET-004607,ORD-055741,2024-09-06,Changed Mind,1
RET-004608,ORD-055772,2024-09-03,Defective / Damaged,1
RET-004609,ORD-055773,2024-12-27,Defective / Damaged,1
RET-004610,ORD-055779,2024-09-04,Not as Described,1
RET-004611,ORD-055783,2024-09-06,Changed Mind,1
RET-004612,ORD-055788,2024-09-08,Defective / Damaged,1
RET-004613,ORD-055799,2024-09-01,Changed Mind,1
RET-004614,ORD-055827,2024-09-07,Wrong Item Delivered,1
RET-004615,ORD-055849,2024-09-07,Defective / Damaged,1
RET-004616,ORD-055854,2024-09-10,Not as Described,1
RET-004617,ORD-055857,2025-06-15,Not as Described,3
RET-004618,ORD-055879,2024-09-10,Late Delivery,1
RET-004619,ORD-055883,2024-12-23,Defective / Damaged,1
RET-004620,ORD-055911,2025-02-04,Found Better Price,2
RET-004621,ORD-055915,2024-08-31,Not as Described,3
RET-004622,ORD-055919,2024-09-06,Size / Fit Issue,1
RET-004623,ORD-055929,2024-08-29,Found Better Price,1
RET-004624,ORD-055980,2024-10-01,Changed Mind,1
RET-004625,ORD-055988,2024-09-13,Wrong Item Delivered,1
RET-004626,ORD-055993,2024-08-31,Wrong Item Delivered,1
RET-004627,ORD-056031,2024-08-29,Size / Fit Issue,1
RET-004628,ORD-056032,2025-05-26,Defective / Damaged,1
RET-004629,ORD-056047,2024-09-12,Late Delivery,3
RET-004630,ORD-056055,2024-09-10,Changed Mind,1
RET-004631,ORD-056067,2024-08-30,Size / Fit Issue,1
RET-004632,ORD-056072,2024-09-06,Defective / Damaged,1
RET-004633,ORD-056086,2024-09-01,Wrong Item Delivered,1
RET-004634,ORD-056087,2024-09-02,Changed Mind,1
RET-004635,ORD-056091,2024-09-09,Late Delivery,1
RET-004636,ORD-056094,2025-01-03,Size / Fit Issue,4
RET-004637,ORD-056096,2024-09-05,Late Delivery,1
RET-004638,ORD-056100,2024-09-09,Late Delivery,1
RET-004639,ORD-056111,2024-09-13,Changed Mind,1
RET-004640,ORD-056135,2024-09-13,Found Better Price,1
RET-004641,ORD-056136,2024-09-13,Not as Described,1
RET-004642,ORD-056140,2024-09-01,Wrong Item Delivered,1
RET-004643,ORD-056144,2024-09-02,Defective / Damaged,1
RET-004644,ORD-056149,2024-09-05,Size / Fit Issue,1
RET-004645,ORD-056180,2024-09-10,Changed Mind,1
RET-004646,ORD-056181,2024-09-10,Found Better Price,1
RET-004647,ORD-056183,2024-11-29,Changed Mind,1
RET-004648,ORD-056185,2025-04-02,Not as Described,1
RET-004649,ORD-056202,2024-09-12,Size / Fit Issue,1
RET-004650,ORD-056204,2025-03-22,Late Delivery,1
RET-004651,ORD-056205,2024-09-01,Not as Described,1
RET-004652,ORD-056207,2024-09-15,Late Delivery,1
RET-004653,ORD-056216,2024-09-17,Reason Not Specified,1
RET-004654,ORD-056217,2024-09-04,Size / Fit Issue,1
RET-004655,ORD-056257,2025-04-17,Wrong Item Delivered,3
RET-004656,ORD-056283,2024-09-13,Late Delivery,1
RET-004657,ORD-056292,2025-05-19,Found Better Price,1
RET-004658,ORD-056296,2024-12-20,Changed Mind,1
RET-004659,ORD-056309,2024-09-08,Late Delivery,1
RET-004660,ORD-056326,2024-09-15,Not as Described,1
RET-004661,ORD-056327,2024-08-31,Late Delivery,1
RET-004662,ORD-056335,2024-09-05,Defective / Damaged,1
RET-004663,ORD-056338,2024-09-06,Not as Described,2
RET-004664,ORD-056354,2025-03-16,Defective / Damaged,1
RET-004665,ORD-056355,2025-03-07,Wrong Item Delivered,1
RET-004666,ORD-056358,2024-12-17,Found Better Price,1
RET-004667,ORD-056360,2024-09-09,Late Delivery,1
RET-004668,ORD-056362,2024-09-15,Not as Described,1
RET-004669,ORD-056372,2024-09-03,Size / Fit Issue,2
RET-004670,ORD-056377,2024-09-05,Not as Described,1
RET-004671,ORD-056379,2024-09-11,Late Delivery,1
RET-004672,ORD-056383,2024-09-18,Size / Fit Issue,1
RET-004673,ORD-056392,2024-09-02,Not as Described,1
RET-004674,ORD-056400,2024-09-03,Changed Mind,1
RET-004675,ORD-056402,2024-09-12,Not as Described,1
RET-004676,ORD-056426,2024-09-08,Size / Fit Issue,1
RET-004677,ORD-056431,2025-01-15,Not as Described,2
RET-004678,ORD-056437,2025-01-08,Missing Parts / Accessories,1
RET-004679,ORD-056468,2024-09-14,Size / Fit Issue,2
RET-004680,ORD-056488,2025-02-27,Late Delivery,1
RET-004681,ORD-056496,2025-01-16,Late Delivery,3
RET-004682,ORD-056500,2024-09-19,Late Delivery,1
RET-004683,ORD-056514,2024-09-05,Size / Fit Issue,1
RET-004684,ORD-056543,2024-09-20,Size / Fit Issue,1
RET-004685,ORD-056547,2024-09-03,Wrong Item Delivered,1
RET-004686,ORD-056550,2024-09-07,Changed Mind,1
RET-004687,ORD-056584,2024-09-19,Changed Mind,1
RET-004688,ORD-056592,2024-09-03,Wrong Item Delivered,1
RET-004689,ORD-056599,2024-09-11,Late Delivery,1
RET-004690,ORD-056605,2024-09-04,Changed Mind,1
RET-004691,ORD-056609,2024-10-29,Changed Mind,2
RET-004692,ORD-056620,2024-09-07,Not as Described,1
RET-004693,ORD-056621,2025-07-01,Wrong Item Delivered,1
RET-004694,ORD-056622,2025-07-23,Not as Described,1
RET-004695,ORD-056627,2024-09-07,Size / Fit Issue,1
RET-004696,ORD-056649,2024-09-08,Size / Fit Issue,1
RET-004697,ORD-056653,2024-09-13,Not as Described,1
RET-004698,ORD-056661,2024-09-08,Defective / Damaged,2
RET-004699,ORD-056678,2024-09-10,Late Delivery,1
RET-004700,ORD-056679,2024-09-05,Not as Described,2
RET-004701,ORD-056695,2025-06-02,Found Better Price,1
RET-004702,ORD-056709,2025-06-27,Size / Fit Issue,1
RET-004703,ORD-056714,2024-09-11,Not as Described,1
RET-004704,ORD-056728,2024-09-14,Defective / Damaged,1
RET-004705,ORD-056744,2024-09-22,Defective / Damaged,1
RET-004706,ORD-056769,2024-09-11,Size / Fit Issue,2
RET-004707,ORD-056772,2024-09-16,Not as Described,1
RET-004708,ORD-056784,2024-09-19,Size / Fit Issue,1
RET-004709,ORD-056805,2024-09-18,Found Better Price,1
RET-004710,ORD-056809,2024-09-11,Found Better Price,2
RET-004711,ORD-056823,2024-09-14,Changed Mind,1
RET-004712,ORD-056831,2024-09-22,Late Delivery,1
RET-004713,ORD-056835,2024-09-15,Defective / Damaged,1
RET-004714,ORD-056847,2024-09-14,Late Delivery,1
RET-004715,ORD-056850,2024-10-15,Found Better Price,1
RET-004716,ORD-056863,2024-09-08,Changed Mind,1
RET-004717,ORD-056871,2024-09-16,Not as Described,1
RET-004718,ORD-056900,2024-09-11,Late Delivery,1
RET-004719,ORD-056907,2024-09-08,Not as Described,1
RET-004720,ORD-056914,2024-09-23,Found Better Price,1
RET-004721,ORD-056915,2024-09-19,Defective / Damaged,1
RET-004722,ORD-056923,2024-09-06,Found Better Price,1
RET-004723,ORD-056931,2025-06-25,Size / Fit Issue,1
RET-004724,ORD-056940,2024-09-18,Found Better Price,1
RET-004725,ORD-056942,2025-07-12,Found Better Price,1
RET-004726,ORD-056950,2025-01-02,Defective / Damaged,1
RET-004727,ORD-056972,2024-09-10,Size / Fit Issue,1
RET-004728,ORD-056982,2024-09-22,Size / Fit Issue,1
RET-004729,ORD-056987,2025-05-07,Changed Mind,1
RET-004730,ORD-056993,2025-02-05,Found Better Price,2
RET-004731,ORD-057005,2024-09-22,Late Delivery,1
RET-004732,ORD-057012,2024-09-19,Defective / Damaged,1
RET-004733,ORD-057014,2024-09-20,Defective / Damaged,1
RET-004734,ORD-057017,2024-09-24,Changed Mind,1
RET-004735,ORD-057018,2025-07-06,Changed Mind,1
RET-004736,ORD-057019,2024-09-14,Found Better Price,1
RET-004737,ORD-057026,2024-09-10,Size / Fit Issue,2
RET-004738,ORD-057034,2024-12-30,Late Delivery,1
RET-004739,ORD-057038,2024-09-13,Size / Fit Issue,1
RET-004740,ORD-057041,2024-09-13,Found Better Price,1
RET-004741,ORD-057051,2024-12-03,Late Delivery,1
RET-004742,ORD-057061,2024-09-14,Late Delivery,2
RET-004743,ORD-057062,2025-03-07,Defective / Damaged,1
RET-004744,ORD-057065,2024-09-14,Not as Described,1
RET-004745,ORD-057106,2024-09-23,Defective / Damaged,2
RET-004746,ORD-057150,2024-09-14,Changed Mind,2
RET-004747,ORD-057153,2025-01-27,Not as Described,1
RET-004748,ORD-057161,2024-09-10,Missing Parts / Accessories,1
RET-004749,ORD-057167,2025-03-25,Wrong Item Delivered,1
RET-004750,ORD-057193,2025-03-20,Not as Described,1
RET-004751,ORD-057200,2024-09-19,Size / Fit Issue,8
RET-004752,ORD-057238,2024-09-25,Late Delivery,1
RET-004753,ORD-057268,2024-09-12,Not as Described,2
RET-004754,ORD-057274,2024-09-11,Not as Described,1
RET-004755,ORD-057278,2024-09-15,Wrong Item Delivered,2
RET-004756,ORD-057302,2024-09-10,Wrong Item Delivered,1
RET-004757,ORD-057310,2024-09-19,Size / Fit Issue,1
RET-004758,ORD-057341,2025-05-28,Wrong Item Delivered,1
RET-004759,ORD-057346,2024-09-22,Changed Mind,2
RET-004760,ORD-057347,2024-09-10,Missing Parts / Accessories,1
RET-004761,ORD-057360,2024-09-13,Not as Described,1
RET-004762,ORD-057361,2025-01-09,Late Delivery,1
RET-004763,ORD-057388,2025-01-26,Late Delivery,2
RET-004764,ORD-057402,2024-09-13,Changed Mind,2
RET-004765,ORD-057408,2024-09-24,Changed Mind,1
RET-004766,ORD-057410,2025-04-04,Size / Fit Issue,1
RET-004767,ORD-057425,2024-09-28,Defective / Damaged,1
RET-004768,ORD-057434,2024-09-20,Size / Fit Issue,1
RET-004769,ORD-057438,2024-09-26,Wrong Item Delivered,1
RET-004770,ORD-057445,2024-09-11,Changed Mind,2
RET-004771,ORD-057461,2024-09-23,Not as Described,1
RET-004772,ORD-057465,2024-09-23,Size / Fit Issue,1
RET-004773,ORD-057471,2024-09-21,Size / Fit Issue,1
RET-004774,ORD-057480,2024-09-27,Wrong Item Delivered,1
RET-004775,ORD-057486,2024-09-25,Size / Fit Issue,1
RET-004776,ORD-057500,2024-09-18,Not as Described,1
RET-004777,ORD-057507,2025-03-05,Found Better Price,1
RET-004778,ORD-057537,2024-09-24,Wrong Item Delivered,1
RET-004779,ORD-057550,2024-09-15,Defective / Damaged,1
RET-004780,ORD-057584,2025-06-27,Found Better Price,2
RET-004781,ORD-057589,2024-09-14,Late Delivery,1
RET-004782,ORD-057594,2024-09-21,Size / Fit Issue,1
RET-004783,ORD-057602,2024-09-27,Found Better Price,2
RET-004784,ORD-057637,2024-09-17,Changed Mind,1
RET-004785,ORD-057643,2024-12-21,Wrong Item Delivered,1
RET-004786,ORD-057652,2024-11-18,Found Better Price,1
RET-004787,ORD-057663,2024-09-24,Found Better Price,1
RET-004788,ORD-057674,2024-09-26,Wrong Item Delivered,1
RET-004789,ORD-057695,2024-09-14,Not as Described,1
RET-004790,ORD-057732,2024-09-24,Not as Described,1
RET-004791,ORD-057734,2024-09-15,Late Delivery,2
RET-004792,ORD-057758,2024-09-28,Late Delivery,1
RET-004793,ORD-057770,2025-04-15,Defective / Damaged,3
RET-004794,ORD-057774,2024-11-12,Not as Described,1
RET-004795,ORD-057786,2024-09-14,Changed Mind,1
RET-004796,ORD-057801,2024-09-29,Missing Parts / Accessories,1
RET-004797,ORD-057803,2025-03-15,Not as Described,1
RET-004798,ORD-057808,2024-09-26,Late Delivery,2
RET-004799,ORD-057809,2024-09-27,Defective / Damaged,1
RET-004800,ORD-057812,2024-09-17,Size / Fit Issue,1
RET-004801,ORD-057813,2024-09-27,Late Delivery,2
RET-004802,ORD-057826,2024-09-16,Changed Mind,1
RET-004803,ORD-057858,2024-09-24,Size / Fit Issue,1
RET-004804,ORD-057859,2024-09-26,Late Delivery,1
RET-004805,ORD-057893,2024-10-01,Size / Fit Issue,1
RET-004806,ORD-057911,2024-09-23,Changed Mind,1
RET-004807,ORD-057939,2024-09-18,Late Delivery,2
RET-004808,ORD-057943,2025-05-01,Changed Mind,2
RET-004809,ORD-057978,2024-10-04,Changed Mind,1
RET-004810,ORD-057991,2024-09-17,Changed Mind,1
RET-004811,ORD-058001,2024-10-02,Late Delivery,1
RET-004812,ORD-058012,2025-01-20,Defective / Damaged,3
RET-004813,ORD-058061,2025-08-10,Changed Mind,4
RET-004814,ORD-058063,2024-09-29,Late Delivery,1
RET-004815,ORD-058088,2025-05-27,Late Delivery,1
RET-004816,ORD-058089,2024-09-21,Wrong Item Delivered,1
RET-004817,ORD-058105,2025-01-23,Not as Described,1
RET-004818,ORD-058117,2024-10-31,Not as Described,1
RET-004819,ORD-058142,2024-12-26,Late Delivery,1
RET-004820,ORD-058179,2024-09-28,Changed Mind,1
RET-004821,ORD-058197,2024-09-29,Wrong Item Delivered,1
RET-004822,ORD-058214,2024-09-21,Size / Fit Issue,1
RET-004823,ORD-058242,2024-09-18,Found Better Price,2
RET-004824,ORD-058246,2024-10-03,Changed Mind,1
RET-004825,ORD-058293,2024-09-21,Size / Fit Issue,1
RET-004826,ORD-058300,2024-09-26,Size / Fit Issue,1
RET-004827,ORD-058312,2024-10-07,Late Delivery,1
RET-004828,ORD-058332,2024-09-25,Wrong Item Delivered,1
RET-004829,ORD-058335,2024-09-21,Not as Described,2
RET-004830,ORD-058353,2024-10-06,Late Delivery,1
RET-004831,ORD-058362,2024-10-01,Found Better Price,1
RET-004832,ORD-058363,2024-12-31,Late Delivery,1
RET-004833,ORD-058370,2024-09-19,Found Better Price,1
RET-004834,ORD-058387,2024-09-24,Not as Described,1
RET-004835,ORD-058396,2024-10-08,Found Better Price,1
RET-004836,ORD-058398,2024-09-25,Size / Fit Issue,1
RET-004837,ORD-058399,2024-10-08,Size / Fit Issue,1
RET-004838,ORD-058410,2024-09-20,Changed Mind,1
RET-004839,ORD-058415,2024-09-26,Late Delivery,1
RET-004840,ORD-058424,2025-07-17,Not as Described,1
RET-004841,ORD-058427,2024-09-28,Not as Described,2
RET-004842,ORD-058448,2025-03-28,Changed Mind,3
RET-004843,ORD-058461,2024-10-01,Defective / Damaged,1
RET-004844,ORD-058466,2024-09-24,Changed Mind,1
RET-004845,ORD-058484,2025-04-28,Changed Mind,1
RET-004846,ORD-058489,2024-09-22,Size / Fit Issue,1
RET-004847,ORD-058498,2024-09-23,Found Better Price,1
RET-004848,ORD-058506,2024-09-21,Changed Mind,1
RET-004849,ORD-058511,2024-09-28,Defective / Damaged,1
RET-004850,ORD-058519,2024-09-21,Defective / Damaged,1
RET-004851,ORD-058522,2024-10-04,Found Better Price,1
RET-004852,ORD-058523,2024-10-06,Not as Described,1
RET-004853,ORD-058536,2024-12-03,Late Delivery,1
RET-004854,ORD-058541,2024-09-23,Late Delivery,1
RET-004855,ORD-058542,2024-10-07,Size / Fit Issue,1
RET-004856,ORD-058566,2024-10-07,Not as Described,1
RET-004857,ORD-058567,2024-09-30,Late Delivery,1
RET-004858,ORD-058579,2024-09-23,Size / Fit Issue,3
RET-004859,ORD-058590,2024-10-02,Not as Described,1
RET-004860,ORD-058593,2024-09-28,Defective / Damaged,3
RET-004861,ORD-058606,2024-10-07,Wrong Item Delivered,1
RET-004862,ORD-058627,2024-09-30,Not as Described,1
RET-004863,ORD-058636,2024-10-09,Not as Described,1
RET-004864,ORD-058644,2024-09-27,Late Delivery,1
RET-004865,ORD-058661,2024-09-24,Not as Described,1
RET-004866,ORD-058671,2024-10-05,Late Delivery,3
RET-004867,ORD-058675,2024-10-28,Size / Fit Issue,1
RET-004868,ORD-058686,2024-09-27,Size / Fit Issue,1
RET-004869,ORD-058688,2025-03-29,Missing Parts / Accessories,1
RET-004870,ORD-058689,2025-04-09,Changed Mind,1
RET-004871,ORD-058693,2025-04-18,Size / Fit Issue,1
RET-004872,ORD-058714,2025-01-19,Found Better Price,1
RET-004873,ORD-058725,2024-09-29,Late Delivery,1
RET-004874,ORD-058728,2025-01-11,Late Delivery,1
RET-004875,ORD-058729,2024-10-06,Changed Mind,1
RET-004876,ORD-058737,2024-10-11,Late Delivery,1
RET-004877,ORD-058748,2025-04-12,Not as Described,3
RET-004878,ORD-058770,2024-09-23,Found Better Price,2
RET-004879,ORD-058775,2024-09-27,Size / Fit Issue,2
RET-004880,ORD-058791,2024-09-24,Found Better Price,1
RET-004881,ORD-058805,2024-09-29,Size / Fit Issue,1
RET-004882,ORD-058813,2024-10-01,Defective / Damaged,2
RET-004883,ORD-058825,2024-09-30,Missing Parts / Accessories,1
RET-004884,ORD-058843,2024-10-10,Changed Mind,1
RET-004885,ORD-058853,2025-07-15,Wrong Item Delivered,3
RET-004886,ORD-058854,2024-10-11,Size / Fit Issue,1
RET-004887,ORD-058865,2024-10-08,Size / Fit Issue,2
RET-004888,ORD-058881,2024-10-04,Not as Described,1
RET-004889,ORD-058884,2024-09-26,Late Delivery,1
RET-004890,ORD-058887,2025-06-30,Not as Described,1
RET-004891,ORD-058897,2024-11-04,Late Delivery,1
RET-004892,ORD-058921,2024-10-05,Size / Fit Issue,1
RET-004893,ORD-058922,2024-10-02,Missing Parts / Accessories,1
RET-004894,ORD-058934,2024-10-05,Found Better Price,1
RET-004895,ORD-058954,2024-10-04,Not as Described,2
RET-004896,ORD-058955,2024-10-02,Changed Mind,1
RET-004897,ORD-058963,2024-10-06,Changed Mind,1
RET-004898,ORD-058968,2024-10-02,Changed Mind,1
RET-004899,ORD-058977,2024-09-30,Changed Mind,1
RET-004900,ORD-058988,2024-09-26,Late Delivery,1
RET-004901,ORD-059000,2025-01-16,Late Delivery,1
RET-004902,ORD-059005,2024-11-29,Size / Fit Issue,1
RET-004903,ORD-059006,2024-09-28,Not as Described,1
RET-004904,ORD-059035,2024-10-05,Not as Described,1
RET-004905,ORD-059036,2024-10-07,Not as Described,1
RET-004906,ORD-059044,2024-10-04,Changed Mind,1
RET-004907,ORD-059069,2024-10-10,Size / Fit Issue,2
RET-004908,ORD-059072,2024-09-28,Changed Mind,3
RET-004909,ORD-059088,2024-09-26,Found Better Price,3
RET-004910,ORD-059090,2025-01-24,Size / Fit Issue,1
RET-004911,ORD-059097,2024-10-12,Defective / Damaged,1
RET-004912,ORD-059099,2024-10-13,Size / Fit Issue,1
RET-004913,ORD-059117,2024-10-03,Size / Fit Issue,1
RET-004914,ORD-059137,2025-01-03,Late Delivery,1
RET-004915,ORD-059151,2024-09-28,Found Better Price,2
RET-004916,ORD-059163,2024-10-11,Changed Mind,1
RET-004917,ORD-059167,2024-10-11,Late Delivery,1
RET-004918,ORD-059181,2024-10-12,Wrong Item Delivered,1
RET-004919,ORD-059182,2024-10-06,Defective / Damaged,2
RET-004920,ORD-059202,2024-10-11,Defective / Damaged,3
RET-004921,ORD-059205,2024-10-08,Size / Fit Issue,1
RET-004922,ORD-059209,2024-10-14,Size / Fit Issue,1
RET-004923,ORD-059292,2025-04-20,Found Better Price,3
RET-004924,ORD-059294,2024-09-28,Late Delivery,1
RET-004925,ORD-059295,2024-12-09,Not as Described,1
RET-004926,ORD-059304,2024-10-01,Size / Fit Issue,2
RET-004927,ORD-059313,2024-10-16,Late Delivery,1
RET-004928,ORD-059319,2024-10-13,Late Delivery,1
RET-004929,ORD-059330,2024-10-06,Size / Fit Issue,1
RET-004930,ORD-059337,2024-09-29,Not as Described,1
RET-004931,ORD-059338,2024-10-03,Changed Mind,1
RET-004932,ORD-059351,2024-10-07,Found Better Price,1
RET-004933,ORD-059354,2025-03-22,Late Delivery,2
RET-004934,ORD-059356,2024-10-16,Defective / Damaged,1
RET-004935,ORD-059377,2024-10-02,Size / Fit Issue,1
RET-004936,ORD-059397,2024-10-02,Size / Fit Issue,1
RET-004937,ORD-059419,2024-10-09,Defective / Damaged,1
RET-004938,ORD-059484,2024-12-14,Late Delivery,1
RET-004939,ORD-059486,2025-05-05,Defective / Damaged,1
RET-004940,ORD-059503,2024-10-05,Wrong Item Delivered,1
RET-004941,ORD-059511,2024-10-06,Changed Mind,1
RET-004942,ORD-059517,2024-10-08,Defective / Damaged,2
RET-004943,ORD-059525,2024-10-03,Late Delivery,1
RET-004944,ORD-059535,2025-02-23,Not as Described,1
RET-004945,ORD-059538,2024-10-18,Size / Fit Issue,1
RET-004946,ORD-059546,2024-10-09,Wrong Item Delivered,1
RET-004947,ORD-059559,2024-10-11,Changed Mind,1
RET-004948,ORD-059567,2024-10-18,Size / Fit Issue,1
RET-004949,ORD-059569,2024-10-18,Wrong Item Delivered,1
RET-004950,ORD-059571,2024-10-16,Wrong Item Delivered,1
RET-004951,ORD-059573,2024-10-06,Size / Fit Issue,2
RET-004952,ORD-059589,2024-10-17,Not as Described,1
RET-004953,ORD-059598,2024-10-11,Not as Described,1
RET-004954,ORD-059601,2024-10-02,Late Delivery,1
RET-004955,ORD-059603,2024-10-03,Wrong Item Delivered,1
RET-004956,ORD-059618,2024-10-19,Size / Fit Issue,1
RET-004957,ORD-059625,2024-10-10,Found Better Price,1
RET-004958,ORD-059639,2025-08-04,Changed Mind,2
RET-004959,ORD-059662,2024-10-07,Size / Fit Issue,1
RET-004960,ORD-059679,2025-03-13,Not as Described,1
RET-004961,ORD-059689,2024-10-05,Wrong Item Delivered,3
RET-004962,ORD-059694,2024-10-07,Wrong Item Delivered,1
RET-004963,ORD-059697,2024-10-17,Size / Fit Issue,2
RET-004964,ORD-059698,2024-10-11,Wrong Item Delivered,3
RET-004965,ORD-059717,2024-10-16,Found Better Price,2
RET-004966,ORD-059721,2024-10-18,Size / Fit Issue,1
RET-004967,ORD-059726,2024-10-06,Changed Mind,3
RET-004968,ORD-059744,2024-10-17,Found Better Price,1
RET-004969,ORD-059757,2025-02-03,Late Delivery,1
RET-004970,ORD-059761,2024-10-05,Defective / Damaged,1
RET-004971,ORD-059762,2025-02-02,Changed Mind,3
RET-004972,ORD-059784,2024-10-08,Not as Described,1
RET-004973,ORD-059785,2024-10-17,Late Delivery,1
RET-004974,ORD-059791,2024-10-05,Changed Mind,1
RET-004975,ORD-059794,2024-10-26,Changed Mind,3
RET-004976,ORD-059813,2025-02-04,Wrong Item Delivered,1
RET-004977,ORD-059827,2024-12-09,Not as Described,3
RET-004978,ORD-059832,2024-10-15,Found Better Price,1
RET-004979,ORD-059878,2024-10-11,Missing Parts / Accessories,1
RET-004980,ORD-059885,2024-10-11,Not as Described,1
RET-004981,ORD-059892,2024-10-08,Changed Mind,1
RET-004982,ORD-059902,2024-10-18,Wrong Item Delivered,1
RET-004983,ORD-059904,2024-10-11,Found Better Price,1
RET-004984,ORD-059906,2024-10-04,Wrong Item Delivered,1
RET-004985,ORD-059911,2024-10-09,Late Delivery,3
RET-004986,ORD-059919,2024-10-22,Not as Described,1
RET-004987,ORD-059926,2024-10-16,Late Delivery,1
RET-004988,ORD-059949,2025-01-10,Late Delivery,1
RET-004989,ORD-059954,2024-10-20,Not as Described,1
RET-004990,ORD-059956,2025-06-25,Defective / Damaged,1
RET-004991,ORD-059958,2024-10-04,Missing Parts / Accessories,2
RET-004992,ORD-059967,2024-10-19,Size / Fit Issue,1
RET-004993,ORD-059968,2025-06-02,Changed Mind,1
RET-004994,ORD-060016,2024-10-11,Found Better Price,1
RET-004995,ORD-060031,2024-12-12,Late Delivery,1
RET-004996,ORD-060042,2024-10-06,Not as Described,2
RET-004997,ORD-060094,2025-06-16,Size / Fit Issue,1
RET-004998,ORD-060095,2025-04-16,Changed Mind,1
RET-004999,ORD-060104,2024-10-07,Wrong Item Delivered,1
RET-005000,ORD-060113,2024-10-22,Defective / Damaged,1
RET-005001,ORD-060115,2024-10-10,Size / Fit Issue,1
RET-005002,ORD-060132,2024-10-15,Size / Fit Issue,1
RET-005003,ORD-060167,2025-02-11,Changed Mind,1
RET-005004,ORD-060184,2024-10-20,Defective / Damaged,1
RET-005005,ORD-060225,2024-10-10,Not as Described,1
RET-005006,ORD-060242,2024-10-24,Changed Mind,1
RET-005007,ORD-060266,2025-06-20,Not as Described,1
RET-005008,ORD-060275,2024-12-13,Wrong Item Delivered,1
RET-005009,ORD-060277,2024-10-13,Found Better Price,1
RET-005010,ORD-060299,2024-10-23,Not as Described,1
RET-005011,ORD-060309,2024-10-23,Size / Fit Issue,1
RET-005012,ORD-060315,2024-10-25,Defective / Damaged,1
RET-005013,ORD-060328,2025-03-14,Size / Fit Issue,2
RET-005014,ORD-060330,2024-10-26,Changed Mind,1
RET-005015,ORD-060333,2024-10-26,Late Delivery,1
RET-005016,ORD-060347,2025-01-01,Not as Described,1
RET-005017,ORD-060350,2024-10-14,Late Delivery,1
RET-005018,ORD-060353,2024-10-26,Changed Mind,2
RET-005019,ORD-060359,2024-10-26,Size / Fit Issue,1
RET-005020,ORD-060416,2024-10-25,Missing Parts / Accessories,2
RET-005021,ORD-060420,2025-06-22,Size / Fit Issue,1
RET-005022,ORD-060434,2024-10-11,Changed Mind,1
RET-005023,ORD-060445,2024-10-24,Wrong Item Delivered,1
RET-005024,ORD-060469,2024-10-19,Changed Mind,1
RET-005025,ORD-060482,2024-10-21,Size / Fit Issue,1
RET-005026,ORD-060493,2024-11-27,Size / Fit Issue,1
RET-005027,ORD-060502,2025-05-02,Changed Mind,1
RET-005028,ORD-060504,2024-10-10,Wrong Item Delivered,1
RET-005029,ORD-060521,2024-10-28,Not as Described,1
RET-005030,ORD-060537,2024-10-22,Wrong Item Delivered,1
RET-005031,ORD-060538,2024-10-28,Late Delivery,1
RET-005032,ORD-060540,2024-12-18,Wrong Item Delivered,1
RET-005033,ORD-060542,2024-10-13,Not as Described,1
RET-005034,ORD-060580,2024-10-12,Defective / Damaged,2
RET-005035,ORD-060593,2025-05-11,Changed Mind,2
RET-005036,ORD-060595,2024-10-20,Defective / Damaged,1
RET-005037,ORD-060601,2024-10-25,Wrong Item Delivered,1
RET-005038,ORD-060673,2024-10-20,Found Better Price,1
RET-005039,ORD-060680,2024-10-14,Missing Parts / Accessories,1
RET-005040,ORD-060684,2024-10-19,Defective / Damaged,1
RET-005041,ORD-060687,2024-10-27,Size / Fit Issue,5
RET-005042,ORD-060689,2024-10-20,Found Better Price,1
RET-005043,ORD-060700,2024-10-21,Wrong Item Delivered,1
RET-005044,ORD-060712,2024-10-28,Late Delivery,1
RET-005045,ORD-060731,2024-10-18,Not as Described,1
RET-005046,ORD-060741,2025-02-17,Not as Described,1
RET-005047,ORD-060748,2024-10-23,Changed Mind,1
RET-005048,ORD-060753,2024-10-27,Changed Mind,2
RET-005049,ORD-060771,2024-10-29,Size / Fit Issue,1
RET-005050,ORD-060782,2025-06-23,Size / Fit Issue,1
RET-005051,ORD-060796,2024-10-20,Changed Mind,1
RET-005052,ORD-060798,2025-06-26,Changed Mind,1
RET-005053,ORD-060826,2024-10-29,Size / Fit Issue,2
RET-005054,ORD-060828,2024-10-19,Size / Fit Issue,1
RET-005055,ORD-060851,2024-10-13,Size / Fit Issue,1
RET-005056,ORD-060866,2024-10-21,Size / Fit Issue,3
RET-005057,ORD-060903,2024-10-28,Not as Described,1
RET-005058,ORD-060907,2024-10-30,Size / Fit Issue,1
RET-005059,ORD-060922,2024-10-20,Late Delivery,1
RET-005060,ORD-060927,2024-10-25,Wrong Item Delivered,1
RET-005061,ORD-060928,2024-10-24,Wrong Item Delivered,1
RET-005062,ORD-060963,2024-12-27,Defective / Damaged,1
RET-005063,ORD-060997,2024-12-27,Reason Not Specified,1
RET-005064,ORD-061040,2024-10-20,Size / Fit Issue,1
RET-005065,ORD-061044,2024-10-22,Wrong Item Delivered,1
RET-005066,ORD-061050,2024-10-18,Late Delivery,1
RET-005067,ORD-061059,2024-10-31,Size / Fit Issue,1
RET-005068,ORD-061080,2024-10-28,Defective / Damaged,1
RET-005069,ORD-061084,2024-10-20,Defective / Damaged,1
RET-005070,ORD-061130,2024-10-26,Wrong Item Delivered,1
RET-005071,ORD-061155,2025-04-15,Wrong Item Delivered,1
RET-005072,ORD-061157,2024-11-02,Size / Fit Issue,3
RET-005073,ORD-061159,2024-10-27,Wrong Item Delivered,2
RET-005074,ORD-061187,2024-10-16,Changed Mind,4
RET-005075,ORD-061194,2025-01-10,Changed Mind,2
RET-005076,ORD-061200,2024-10-20,Found Better Price,1
RET-005077,ORD-061219,2024-10-31,Defective / Damaged,1
RET-005078,ORD-061221,2024-10-26,Found Better Price,1
RET-005079,ORD-061258,2024-10-30,Not as Described,1
RET-005080,ORD-061265,2024-10-27,Late Delivery,1
RET-005081,ORD-061273,2024-10-26,Not as Described,1
RET-005082,ORD-061274,2024-12-22,Size / Fit Issue,1
RET-005083,ORD-061277,2025-05-17,Size / Fit Issue,1
RET-005084,ORD-061281,2024-11-25,Late Delivery,1
RET-005085,ORD-061287,2024-10-28,Size / Fit Issue,1
RET-005086,ORD-061300,2024-10-29,Late Delivery,1
RET-005087,ORD-061304,2024-10-28,Changed Mind,1
RET-005088,ORD-061326,2024-10-21,Not as Described,1
RET-005089,ORD-061345,2024-11-03,Changed Mind,1
RET-005090,ORD-061351,2024-10-30,Defective / Damaged,2
RET-005091,ORD-061360,2024-11-01,Not as Described,1
RET-005092,ORD-061363,2024-10-18,Wrong Item Delivered,1
RET-005093,ORD-061364,2024-10-23,Size / Fit Issue,1
RET-005094,ORD-061372,2024-11-02,Wrong Item Delivered,1
RET-005095,ORD-061379,2025-02-21,Changed Mind,1
RET-005096,ORD-061390,2024-10-30,Late Delivery,3
RET-005097,ORD-061410,2024-10-28,Not as Described,1
RET-005098,ORD-061411,2024-10-18,Not as Described,1
RET-005099,ORD-061418,2024-10-30,Size / Fit Issue,1
RET-005100,ORD-061425,2024-10-18,Found Better Price,1
RET-005101,ORD-061439,2024-10-25,Changed Mind,1
RET-005102,ORD-061441,2024-11-06,Not as Described,1
RET-005103,ORD-061454,2024-10-27,Size / Fit Issue,1
RET-005104,ORD-061464,2024-10-31,Size / Fit Issue,1
RET-005105,ORD-061473,2024-10-25,Size / Fit Issue,1
RET-005106,ORD-061498,2024-11-02,Not as Described,1
RET-005107,ORD-061501,2024-10-22,Found Better Price,1
RET-005108,ORD-061509,2024-10-31,Wrong Item Delivered,1
RET-005109,ORD-061514,2025-04-03,Not as Described,2
RET-005110,ORD-061516,2024-11-05,Not as Described,3
RET-005111,ORD-061520,2024-11-05,Size / Fit Issue,1
RET-005112,ORD-061534,2024-10-21,Changed Mind,1
RET-005113,ORD-061551,2024-10-28,Missing Parts / Accessories,2
RET-005114,ORD-061569,2025-05-28,Late Delivery,1
RET-005115,ORD-061603,2024-11-07,Defective / Damaged,1
RET-005116,ORD-061634,2024-10-25,Size / Fit Issue,1
RET-005117,ORD-061648,2024-10-24,Changed Mind,1
RET-005118,ORD-061665,2024-10-25,Wrong Item Delivered,1
RET-005119,ORD-061684,2024-10-28,Size / Fit Issue,3
RET-005120,ORD-061702,2025-07-13,Late Delivery,2
RET-005121,ORD-061708,2024-11-27,Late Delivery,3
RET-005122,ORD-061729,2025-06-18,Wrong Item Delivered,3
RET-005123,ORD-061734,2024-11-01,Missing Parts / Accessories,1
RET-005124,ORD-061739,2024-10-22,Defective / Damaged,1
RET-005125,ORD-061768,2024-10-30,Size / Fit Issue,1
RET-005126,ORD-061783,2025-03-05,Wrong Item Delivered,1
RET-005127,ORD-061800,2024-11-08,Found Better Price,1
RET-005128,ORD-061817,2024-10-25,Size / Fit Issue,1
RET-005129,ORD-061821,2024-10-25,Size / Fit Issue,2
RET-005130,ORD-061827,2024-11-03,Size / Fit Issue,3
RET-005131,ORD-061843,2024-10-28,Changed Mind,1
RET-005132,ORD-061845,2024-10-31,Defective / Damaged,2
RET-005133,ORD-061852,2024-10-31,Wrong Item Delivered,1
RET-005134,ORD-061876,2024-12-03,Size / Fit Issue,1
RET-005135,ORD-061905,2024-11-02,Changed Mind,1
RET-005136,ORD-061912,2025-03-24,Size / Fit Issue,1
RET-005137,ORD-061915,2024-11-10,Changed Mind,1
RET-005138,ORD-061924,2024-11-07,Changed Mind,1
RET-005139,ORD-061929,2024-10-28,Not as Described,1
RET-005140,ORD-061932,2025-03-15,Not as Described,5
RET-005141,ORD-061936,2024-11-10,Late Delivery,2
RET-005142,ORD-061939,2024-10-27,Defective / Damaged,1
RET-005143,ORD-061942,2024-10-29,Defective / Damaged,2
RET-005144,ORD-061972,2025-08-03,Defective / Damaged,1
RET-005145,ORD-061981,2024-11-19,Not as Described,1
RET-005146,ORD-061982,2024-10-26,Missing Parts / Accessories,1
RET-005147,ORD-062006,2024-11-11,Late Delivery,3
RET-005148,ORD-062021,2025-06-14,Late Delivery,1
RET-005149,ORD-062042,2024-11-01,Not as Described,2
RET-005150,ORD-062047,2025-03-15,Changed Mind,1
RET-005151,ORD-062058,2024-10-25,Wrong Item Delivered,2
RET-005152,ORD-062114,2024-11-10,Changed Mind,5
RET-005153,ORD-062126,2024-10-27,Wrong Item Delivered,1
RET-005154,ORD-062145,2024-11-04,Missing Parts / Accessories,1
RET-005155,ORD-062167,2024-10-27,Not as Described,3
RET-005156,ORD-062170,2024-11-13,Not as Described,1
RET-005157,ORD-062176,2024-11-06,Size / Fit Issue,1
RET-005158,ORD-062235,2025-05-22,Late Delivery,1
RET-005159,ORD-062245,2024-10-30,Wrong Item Delivered,1
RET-005160,ORD-062291,2024-11-13,Size / Fit Issue,1
RET-005161,ORD-062299,2024-11-03,Changed Mind,1
RET-005162,ORD-062307,2024-11-11,Not as Described,1
RET-005163,ORD-062316,2024-11-03,Not as Described,1
RET-005164,ORD-062332,2024-11-03,Size / Fit Issue,1
RET-005165,ORD-062364,2025-01-02,Size / Fit Issue,1
RET-005166,ORD-062392,2024-10-28,Found Better Price,1
RET-005167,ORD-062420,2024-11-15,Changed Mind,1
RET-005168,ORD-062426,2024-11-06,Size / Fit Issue,1
RET-005169,ORD-062438,2024-12-23,Wrong Item Delivered,1
RET-005170,ORD-062445,2024-11-12,Defective / Damaged,1
RET-005171,ORD-062476,2025-01-01,Size / Fit Issue,1
RET-005172,ORD-062479,2024-11-02,Late Delivery,3
RET-005173,ORD-062483,2024-11-10,Found Better Price,3
RET-005174,ORD-062491,2024-11-11,Wrong Item Delivered,1
RET-005175,ORD-062503,2024-11-12,Not as Described,1
RET-005176,ORD-062504,2024-10-30,Late Delivery,1
RET-005177,ORD-062524,2024-11-11,Size / Fit Issue,1
RET-005178,ORD-062526,2024-11-09,Found Better Price,1
RET-005179,ORD-062535,2024-11-13,Found Better Price,1
RET-005180,ORD-062542,2024-11-01,Changed Mind,2
RET-005181,ORD-062545,2024-11-07,Late Delivery,1
RET-005182,ORD-062564,2024-10-31,Late Delivery,1
RET-005183,ORD-062572,2024-11-04,Size / Fit Issue,2
RET-005184,ORD-062637,2024-11-14,Not as Described,1
RET-005185,ORD-062653,2024-11-08,Not as Described,1
RET-005186,ORD-062679,2024-11-16,Defective / Damaged,5
RET-005187,ORD-062694,2024-11-15,Not as Described,1
RET-005188,ORD-062695,2024-11-02,Found Better Price,3
RET-005189,ORD-062701,2024-11-12,Late Delivery,2
RET-005190,ORD-062714,2024-11-16,Late Delivery,1
RET-005191,ORD-062716,2025-04-01,Late Delivery,1
RET-005192,ORD-062719,2024-11-07,Wrong Item Delivered,1
RET-005193,ORD-062736,2024-11-03,Late Delivery,1
RET-005194,ORD-062744,2024-11-05,Not as Described,1
RET-005195,ORD-062746,2024-11-17,Size / Fit Issue,1
RET-005196,ORD-062772,2024-11-16,Not as Described,2
RET-005197,ORD-062813,2024-11-19,Size / Fit Issue,2
RET-005198,ORD-062836,2024-11-01,Wrong Item Delivered,1
RET-005199,ORD-062843,2025-01-03,Late Delivery,2
RET-005200,ORD-062882,2024-11-12,Changed Mind,2
RET-005201,ORD-062905,2024-11-02,Not as Described,1
RET-005202,ORD-062926,2024-11-03,Late Delivery,1
RET-005203,ORD-062949,2024-11-12,Changed Mind,1
RET-005204,ORD-062965,2024-11-11,Not as Described,3
RET-005205,ORD-062989,2024-11-14,Not as Described,1
RET-005206,ORD-062992,2024-11-17,Late Delivery,2
RET-005207,ORD-062998,2024-11-16,Changed Mind,1
RET-005208,ORD-063019,2024-11-12,Not as Described,1
RET-005209,ORD-063022,2024-11-05,Late Delivery,2
RET-005210,ORD-063030,2024-11-21,Size / Fit Issue,2
RET-005211,ORD-063068,2024-11-05,Wrong Item Delivered,1
RET-005212,ORD-063074,2024-11-17,Size / Fit Issue,1
RET-005213,ORD-063081,2024-11-10,Wrong Item Delivered,1
RET-005214,ORD-063083,2024-11-13,Size / Fit Issue,1
RET-005215,ORD-063084,2024-11-14,Changed Mind,1
RET-005216,ORD-063086,2024-11-14,Size / Fit Issue,3
RET-005217,ORD-063096,2024-11-03,Changed Mind,1
RET-005218,ORD-063126,2024-11-18,Late Delivery,1
RET-005219,ORD-063148,2024-12-20,Defective / Damaged,1
RET-005220,ORD-063149,2024-11-06,Not as Described,1
RET-005221,ORD-063169,2025-02-19,Found Better Price,1
RET-005222,ORD-063195,2024-11-22,Not as Described,1
RET-005223,ORD-063196,2024-11-11,Not as Described,1
RET-005224,ORD-063204,2024-11-09,Late Delivery,1
RET-005225,ORD-063205,2024-12-10,Late Delivery,1
RET-005226,ORD-063206,2024-11-16,Wrong Item Delivered,1
RET-005227,ORD-063223,2024-11-20,Late Delivery,1
RET-005228,ORD-063230,2024-11-19,Size / Fit Issue,1
RET-005229,ORD-063236,2024-11-17,Not as Described,1
RET-005230,ORD-063241,2024-11-22,Not as Described,1
RET-005231,ORD-063243,2024-11-16,Changed Mind,1
RET-005232,ORD-063257,2024-11-08,Late Delivery,1
RET-005233,ORD-063269,2024-11-22,Changed Mind,1
RET-005234,ORD-063270,2024-11-16,Changed Mind,1
RET-005235,ORD-063273,2024-11-08,Late Delivery,1
RET-005236,ORD-063307,2025-02-17,Size / Fit Issue,1
RET-005237,ORD-063312,2025-06-24,Changed Mind,1
RET-005238,ORD-063331,2024-11-09,Size / Fit Issue,2
RET-005239,ORD-063333,2024-11-17,Changed Mind,1
RET-005240,ORD-063345,2024-11-08,Late Delivery,2
RET-005241,ORD-063348,2025-08-06,Late Delivery,1
RET-005242,ORD-063353,2024-11-12,Changed Mind,1
RET-005243,ORD-063359,2024-12-24,Size / Fit Issue,3
RET-005244,ORD-063365,2024-11-19,Defective / Damaged,1
RET-005245,ORD-063367,2024-11-23,Changed Mind,1
RET-005246,ORD-063384,2024-11-11,Not as Described,1
RET-005247,ORD-063408,2025-06-27,Defective / Damaged,1
RET-005248,ORD-063413,2024-12-13,Found Better Price,1
RET-005249,ORD-063414,2024-11-15,Size / Fit Issue,2
RET-005250,ORD-063442,2024-11-08,Changed Mind,1
RET-005251,ORD-063456,2024-11-28,Late Delivery,1
RET-005252,ORD-063464,2024-11-08,Late Delivery,2
RET-005253,ORD-063476,2024-11-12,Defective / Damaged,1
RET-005254,ORD-063488,2024-11-16,Size / Fit Issue,1
RET-005255,ORD-063491,2024-11-18,Size / Fit Issue,1
RET-005256,ORD-063509,2024-11-12,Late Delivery,1
RET-005257,ORD-063528,2024-11-19,Size / Fit Issue,1
RET-005258,ORD-063543,2024-11-18,Found Better Price,1
RET-005259,ORD-063551,2024-11-20,Late Delivery,1
RET-005260,ORD-063552,2024-11-13,Defective / Damaged,2
RET-005261,ORD-063563,2024-11-07,Found Better Price,2
RET-005262,ORD-063573,2024-11-11,Changed Mind,1
RET-005263,ORD-063575,2024-11-17,Wrong Item Delivered,1
RET-005264,ORD-063582,2025-03-15,Size / Fit Issue,1
RET-005265,ORD-063583,2024-11-23,Size / Fit Issue,1
RET-005266,ORD-063592,2024-11-14,Late Delivery,2
RET-005267,ORD-063594,2025-05-26,Found Better Price,1
RET-005268,ORD-063598,2025-01-01,Wrong Item Delivered,1
RET-005269,ORD-063601,2024-11-18,Late Delivery,4
RET-005270,ORD-063604,2024-11-16,Not as Described,1
RET-005271,ORD-063607,2024-11-23,Size / Fit Issue,1
RET-005272,ORD-063629,2024-11-24,Changed Mind,1
RET-005273,ORD-063631,2024-11-18,Defective / Damaged,1
RET-005274,ORD-063632,2024-11-22,Wrong Item Delivered,3
RET-005275,ORD-063641,2025-02-05,Found Better Price,1
RET-005276,ORD-063662,2024-11-24,Missing Parts / Accessories,2
RET-005277,ORD-063663,2024-11-23,Not as Described,1
RET-005278,ORD-063687,2024-11-16,Defective / Damaged,1
RET-005279,ORD-063688,2024-11-16,Late Delivery,1
RET-005280,ORD-063699,2024-11-12,Wrong Item Delivered,1
RET-005281,ORD-063735,2024-11-08,Found Better Price,1
RET-005282,ORD-063736,2024-11-19,Found Better Price,1
RET-005283,ORD-063745,2024-11-17,Late Delivery,1
RET-005284,ORD-063746,2024-11-20,Found Better Price,1
RET-005285,ORD-063751,2024-11-11,Late Delivery,1
RET-005286,ORD-063756,2024-11-12,Defective / Damaged,1
RET-005287,ORD-063792,2024-11-15,Late Delivery,1
RET-005288,ORD-063810,2024-11-08,Changed Mind,1
RET-005289,ORD-063821,2024-11-17,Late Delivery,1
RET-005290,ORD-063826,2025-06-12,Size / Fit Issue,1
RET-005291,ORD-063828,2024-11-20,Found Better Price,2
RET-005292,ORD-063831,2024-11-12,Defective / Damaged,1
RET-005293,ORD-063832,2024-11-26,Late Delivery,1
RET-005294,ORD-063835,2024-11-25,Late Delivery,4
RET-005295,ORD-063841,2024-11-15,Changed Mind,1
RET-005296,ORD-063852,2025-02-27,Size / Fit Issue,1
RET-005297,ORD-063884,2024-11-12,Late Delivery,1
RET-005298,ORD-063921,2024-11-23,Changed Mind,1
RET-005299,ORD-063926,2024-12-15,Late Delivery,1
RET-005300,ORD-063935,2024-11-24,Late Delivery,1
RET-005301,ORD-063952,2024-11-12,Late Delivery,1
RET-005302,ORD-063954,2024-11-16,Not as Described,1
RET-005303,ORD-063969,2024-11-10,Changed Mind,1
RET-005304,ORD-063970,2025-03-14,Wrong Item Delivered,1
RET-005305,ORD-063981,2024-11-13,Late Delivery,1
RET-005306,ORD-063983,2025-04-02,Changed Mind,3
RET-005307,ORD-063987,2024-11-11,Changed Mind,1
RET-005308,ORD-064022,2024-11-23,Changed Mind,1
RET-005309,ORD-064029,2024-11-12,Late Delivery,1
RET-005310,ORD-064031,2024-12-24,Wrong Item Delivered,1
RET-005311,ORD-064049,2024-11-11,Not as Described,1
RET-005312,ORD-064069,2024-11-17,Changed Mind,2
RET-005313,ORD-064080,2024-11-22,Defective / Damaged,8
RET-005314,ORD-064083,2024-11-28,Found Better Price,1
RET-005315,ORD-064095,2024-11-13,Changed Mind,1
RET-005316,ORD-064108,2024-11-23,Not as Described,1
RET-005317,ORD-064188,2024-11-15,Late Delivery,2
RET-005318,ORD-064203,2024-11-13,Changed Mind,1
RET-005319,ORD-064204,2024-11-21,Late Delivery,2
RET-005320,ORD-064210,2024-11-16,Late Delivery,1
RET-005321,ORD-064230,2024-11-15,Defective / Damaged,1
RET-005322,ORD-064233,2024-11-12,Wrong Item Delivered,1
RET-005323,ORD-064235,2024-11-26,Wrong Item Delivered,1
RET-005324,ORD-064240,2025-03-18,Not as Described,1
RET-005325,ORD-064250,2024-12-20,Defective / Damaged,1
RET-005326,ORD-064287,2024-11-24,Late Delivery,1
RET-005327,ORD-064303,2024-11-27,Late Delivery,1
RET-005328,ORD-064309,2024-11-27,Found Better Price,1
RET-005329,ORD-064317,2024-11-16,Late Delivery,1
RET-005330,ORD-064318,2024-11-15,Late Delivery,4
RET-005331,ORD-064324,2024-11-19,Not as Described,1
RET-005332,ORD-064326,2024-11-23,Not as Described,1
RET-005333,ORD-064340,2024-11-17,Not as Described,1
RET-005334,ORD-064343,2024-11-28,Missing Parts / Accessories,1
RET-005335,ORD-064349,2024-11-21,Late Delivery,1
RET-005336,ORD-064356,2024-11-19,Not as Described,1
RET-005337,ORD-064357,2024-11-19,Changed Mind,1
RET-005338,ORD-064363,2024-11-22,Size / Fit Issue,1
RET-005339,ORD-064386,2024-11-25,Not as Described,2
RET-005340,ORD-064404,2024-11-15,Late Delivery,1
RET-005341,ORD-064413,2024-11-24,Found Better Price,1
RET-005342,ORD-064419,2024-11-29,Late Delivery,1
RET-005343,ORD-064449,2025-08-14,Late Delivery,1
RET-005344,ORD-064450,2024-11-30,Missing Parts / Accessories,1
RET-005345,ORD-064461,2024-11-17,Found Better Price,1
RET-005346,ORD-064462,2025-04-28,Changed Mind,1
RET-005347,ORD-064465,2024-12-01,Late Delivery,1
RET-005348,ORD-064488,2024-11-13,Defective / Damaged,1
RET-005349,ORD-064502,2024-11-23,Late Delivery,1
RET-005350,ORD-064510,2024-11-20,Changed Mind,2
RET-005351,ORD-064532,2025-04-07,Late Delivery,2
RET-005352,ORD-064533,2024-11-18,Found Better Price,1
RET-005353,ORD-064550,2024-11-14,Not as Described,2
RET-005354,ORD-064564,2024-11-15,Late Delivery,3
RET-005355,ORD-064579,2024-11-29,Late Delivery,1
RET-005356,ORD-064580,2024-11-29,Not as Described,2
RET-005357,ORD-064621,2024-11-25,Defective / Damaged,2
RET-005358,ORD-064625,2024-12-02,Found Better Price,1
RET-005359,ORD-064631,2024-12-02,Changed Mind,1
RET-005360,ORD-064643,2024-11-18,Wrong Item Delivered,1
RET-005361,ORD-064650,2024-11-15,Changed Mind,1
RET-005362,ORD-064652,2024-11-28,Size / Fit Issue,1
RET-005363,ORD-064662,2024-12-01,Missing Parts / Accessories,1
RET-005364,ORD-064672,2024-11-14,Late Delivery,1
RET-005365,ORD-064673,2024-11-17,Reason Not Specified,1
RET-005366,ORD-064681,2024-11-16,Found Better Price,1
RET-005367,ORD-064682,2024-11-28,Late Delivery,1
RET-005368,ORD-064684,2024-11-22,Changed Mind,1
RET-005369,ORD-064686,2024-11-15,Late Delivery,1
RET-005370,ORD-064697,2025-05-21,Changed Mind,2
RET-005371,ORD-064702,2024-11-24,Found Better Price,1
RET-005372,ORD-064708,2024-11-14,Found Better Price,1
RET-005373,ORD-064742,2025-02-02,Size / Fit Issue,1
RET-005374,ORD-064764,2024-11-26,Found Better Price,1
RET-005375,ORD-064766,2025-01-10,Wrong Item Delivered,2
RET-005376,ORD-064773,2024-11-17,Late Delivery,1
RET-005377,ORD-064788,2024-11-18,Changed Mind,1
RET-005378,ORD-064791,2025-03-08,Not as Described,1
RET-005379,ORD-064802,2024-11-27,Not as Described,1
RET-005380,ORD-064811,2024-11-18,Late Delivery,1
RET-005381,ORD-064817,2024-11-20,Defective / Damaged,3
RET-005382,ORD-064831,2024-11-29,Wrong Item Delivered,1
RET-005383,ORD-064850,2024-11-30,Late Delivery,1
RET-005384,ORD-064872,2024-12-01,Size / Fit Issue,1
RET-005385,ORD-064895,2024-11-28,Found Better Price,1
RET-005386,ORD-064905,2024-12-03,Changed Mind,1
RET-005387,ORD-064917,2024-11-17,Not as Described,2
RET-005388,ORD-064922,2025-08-08,Late Delivery,1
RET-005389,ORD-064928,2024-11-26,Late Delivery,1
RET-005390,ORD-064939,2024-11-26,Late Delivery,1
RET-005391,ORD-064943,2024-12-04,Late Delivery,1
RET-005392,ORD-064956,2025-03-14,Late Delivery,1
RET-005393,ORD-064961,2024-11-20,Found Better Price,1
RET-005394,ORD-064995,2024-11-20,Changed Mind,1
RET-005395,ORD-064998,2025-04-29,Changed Mind,1
RET-005396,ORD-064999,2024-11-24,Late Delivery,1
RET-005397,ORD-065001,2024-11-24,Late Delivery,1
RET-005398,ORD-065005,2024-11-29,Late Delivery,1
RET-005399,ORD-065037,2025-04-15,Defective / Damaged,1
RET-005400,ORD-065038,2024-11-19,Late Delivery,1
RET-005401,ORD-065039,2024-12-03,Not as Described,1
RET-005402,ORD-065044,2025-03-18,Changed Mind,2
RET-005403,ORD-065052,2025-03-29,Late Delivery,4
RET-005404,ORD-065068,2025-08-05,Found Better Price,1
RET-005405,ORD-065089,2024-11-23,Size / Fit Issue,1
RET-005406,ORD-065098,2025-03-25,Size / Fit Issue,1
RET-005407,ORD-065114,2024-11-19,Wrong Item Delivered,1
RET-005408,ORD-065121,2024-11-18,Late Delivery,1
RET-005409,ORD-065151,2024-11-27,Late Delivery,2
RET-005410,ORD-065154,2024-11-27,Late Delivery,2
RET-005411,ORD-065161,2024-12-02,Found Better Price,1
RET-005412,ORD-065177,2024-12-02,Changed Mind,1
RET-005413,ORD-065187,2024-11-27,Late Delivery,1
RET-005414,ORD-065190,2024-11-18,Found Better Price,1
RET-005415,ORD-065199,2024-11-26,Late Delivery,1
RET-005416,ORD-065212,2024-11-25,Missing Parts / Accessories,1
RET-005417,ORD-065223,2024-11-18,Defective / Damaged,1
RET-005418,ORD-065237,2024-11-30,Not as Described,1
RET-005419,ORD-065239,2024-12-05,Not as Described,3
RET-005420,ORD-065242,2024-11-29,Defective / Damaged,1
RET-005421,ORD-065264,2024-11-27,Missing Parts / Accessories,1
RET-005422,ORD-065299,2024-11-27,Late Delivery,1
RET-005423,ORD-065304,2024-12-02,Changed Mind,1
RET-005424,ORD-065361,2024-12-02,Defective / Damaged,1
RET-005425,ORD-065367,2024-11-25,Late Delivery,1
RET-005426,ORD-065402,2024-11-27,Late Delivery,2
RET-005427,ORD-065436,2024-12-07,Late Delivery,1
RET-005428,ORD-065451,2024-11-28,Late Delivery,1
RET-005429,ORD-065454,2024-12-01,Changed Mind,1
RET-005430,ORD-065457,2025-02-28,Late Delivery,2
RET-005431,ORD-065460,2024-11-26,Defective / Damaged,1
RET-005432,ORD-065466,2024-11-22,Wrong Item Delivered,1
RET-005433,ORD-065473,2024-12-06,Late Delivery,3
RET-005434,ORD-065499,2024-12-04,Wrong Item Delivered,1
RET-005435,ORD-065524,2025-03-05,Size / Fit Issue,1
RET-005436,ORD-065555,2024-11-25,Late Delivery,2
RET-005437,ORD-065575,2024-12-03,Defective / Damaged,1
RET-005438,ORD-065590,2024-12-02,Size / Fit Issue,1
RET-005439,ORD-065594,2024-12-01,Size / Fit Issue,1
RET-005440,ORD-065596,2024-12-04,Changed Mind,1
RET-005441,ORD-065615,2024-12-07,Late Delivery,2
RET-005442,ORD-065625,2024-11-22,Changed Mind,1
RET-005443,ORD-065626,2024-12-09,Late Delivery,1
RET-005444,ORD-065634,2024-11-29,Late Delivery,1
RET-005445,ORD-065650,2024-12-08,Defective / Damaged,1
RET-005446,ORD-065657,2024-11-30,Not as Described,3
RET-005447,ORD-065662,2024-11-30,Changed Mind,1
RET-005448,ORD-065664,2024-12-03,Found Better Price,1
RET-005449,ORD-065668,2025-04-24,Not as Described,1
RET-005450,ORD-065709,2024-12-07,Late Delivery,1
RET-005451,ORD-065722,2025-05-16,Changed Mind,1
RET-005452,ORD-065727,2024-12-09,Late Delivery,1
RET-005453,ORD-065751,2024-12-07,Wrong Item Delivered,1
RET-005454,ORD-065787,2025-03-06,Defective / Damaged,1
RET-005455,ORD-065792,2024-12-01,Size / Fit Issue,2
RET-005456,ORD-065797,2024-12-03,Size / Fit Issue,1
RET-005457,ORD-065818,2024-12-06,Size / Fit Issue,1
RET-005458,ORD-065822,2024-12-02,Not as Described,1
RET-005459,ORD-065835,2024-12-03,Changed Mind,1
RET-005460,ORD-065837,2024-12-07,Wrong Item Delivered,1
RET-005461,ORD-065841,2024-12-06,Wrong Item Delivered,2
RET-005462,ORD-065853,2024-11-24,Not as Described,2
RET-005463,ORD-065882,2024-11-30,Not as Described,1
RET-005464,ORD-065903,2024-12-11,Late Delivery,1
RET-005465,ORD-065909,2024-12-11,Size / Fit Issue,1
RET-005466,ORD-065911,2024-11-28,Late Delivery,1
RET-005467,ORD-065914,2024-12-10,Size / Fit Issue,2
RET-005468,ORD-065931,2024-12-08,Defective / Damaged,1
RET-005469,ORD-065954,2024-12-11,Late Delivery,1
RET-005470,ORD-065964,2024-12-07,Late Delivery,3
RET-005471,ORD-065973,2024-12-02,Defective / Damaged,1
RET-005472,ORD-065974,2024-11-30,Size / Fit Issue,1
RET-005473,ORD-065977,2024-12-02,Late Delivery,1
RET-005474,ORD-065980,2024-11-26,Size / Fit Issue,1
RET-005475,ORD-065982,2025-07-17,Not as Described,1
RET-005476,ORD-066003,2024-12-09,Changed Mind,1
RET-005477,ORD-066005,2024-11-28,Not as Described,1
RET-005478,ORD-066023,2024-12-08,Changed Mind,1
RET-005479,ORD-066049,2024-12-05,Late Delivery,1
RET-005480,ORD-066057,2024-11-27,Wrong Item Delivered,1
RET-005481,ORD-066065,2024-12-08,Found Better Price,1
RET-005482,ORD-066072,2025-01-05,Changed Mind,2
RET-005483,ORD-066076,2024-12-08,Changed Mind,4
RET-005484,ORD-066087,2024-12-08,Late Delivery,1
RET-005485,ORD-066099,2024-11-28,Wrong Item Delivered,1
RET-005486,ORD-066104,2025-06-10,Size / Fit Issue,2
RET-005487,ORD-066110,2024-11-26,Wrong Item Delivered,1
RET-005488,ORD-066113,2024-12-04,Size / Fit Issue,3
RET-005489,ORD-066121,2024-11-26,Late Delivery,1
RET-005490,ORD-066123,2024-12-07,Not as Described,2
RET-005491,ORD-066128,2024-12-01,Defective / Damaged,1
RET-005492,ORD-066130,2024-11-24,Changed Mind,2
RET-005493,ORD-066133,2024-11-30,Size / Fit Issue,1
RET-005494,ORD-066150,2024-11-24,Found Better Price,1
RET-005495,ORD-066191,2025-04-26,Defective / Damaged,1
RET-005496,ORD-066198,2024-11-30,Found Better Price,1
RET-005497,ORD-066222,2024-11-27,Found Better Price,3
RET-005498,ORD-066228,2024-12-07,Wrong Item Delivered,1
RET-005499,ORD-066254,2025-07-08,Wrong Item Delivered,1
RET-005500,ORD-066261,2024-12-11,Not as Described,3
RET-005501,ORD-066278,2024-12-01,Defective / Damaged,1
RET-005502,ORD-066279,2024-11-26,Found Better Price,1
RET-005503,ORD-066299,2024-11-27,Late Delivery,1
RET-005504,ORD-066310,2025-07-26,Not as Described,1
RET-005505,ORD-066333,2024-11-26,Changed Mind,1
RET-005506,ORD-066342,2024-12-03,Not as Described,2
RET-005507,ORD-066372,2024-11-27,Defective / Damaged,2
RET-005508,ORD-066387,2024-12-06,Changed Mind,1
RET-005509,ORD-066393,2024-11-29,Found Better Price,1
RET-005510,ORD-066401,2024-12-02,Late Delivery,2
RET-005511,ORD-066414,2024-12-03,Late Delivery,1
RET-005512,ORD-066439,2024-12-07,Late Delivery,1
RET-005513,ORD-066446,2024-12-10,Not as Described,1
RET-005514,ORD-066456,2024-11-26,Not as Described,1
RET-005515,ORD-066458,2024-12-02,Found Better Price,1
RET-005516,ORD-066463,2024-12-25,Size / Fit Issue,1
RET-005517,ORD-066474,2025-04-20,Wrong Item Delivered,5
RET-005518,ORD-066479,2024-12-10,Not as Described,1
RET-005519,ORD-066487,2025-06-21,Changed Mind,2
RET-005520,ORD-066490,2025-01-15,Changed Mind,1
RET-005521,ORD-066527,2024-12-08,Late Delivery,2
RET-005522,ORD-066543,2024-12-06,Late Delivery,2
RET-005523,ORD-066549,2024-11-30,Wrong Item Delivered,1
RET-005524,ORD-066560,2025-08-21,Not as Described,1
RET-005525,ORD-066580,2025-03-06,Changed Mind,1
RET-005526,ORD-066599,2025-02-15,Defective / Damaged,1
RET-005527,ORD-066600,2025-01-31,Size / Fit Issue,1
RET-005528,ORD-066606,2024-12-12,Size / Fit Issue,1
RET-005529,ORD-066630,2024-12-06,Wrong Item Delivered,1
RET-005530,ORD-066632,2025-04-14,Not as Described,1
RET-005531,ORD-066640,2025-05-12,Size / Fit Issue,1
RET-005532,ORD-066654,2024-12-06,Late Delivery,1
RET-005533,ORD-066662,2024-12-15,Late Delivery,1
RET-005534,ORD-066676,2024-12-10,Defective / Damaged,1
RET-005535,ORD-066677,2024-11-29,Late Delivery,1
RET-005536,ORD-066682,2024-11-28,Not as Described,3
RET-005537,ORD-066702,2024-12-03,Late Delivery,1
RET-005538,ORD-066709,2025-01-12,Defective / Damaged,1
RET-005539,ORD-066721,2024-12-01,Defective / Damaged,1
RET-005540,ORD-066724,2025-04-27,Not as Described,1
RET-005541,ORD-066726,2024-12-13,Late Delivery,2
RET-005542,ORD-066728,2024-12-04,Changed Mind,1
RET-005543,ORD-066735,2024-12-12,Size / Fit Issue,1
RET-005544,ORD-066737,2024-11-30,Wrong Item Delivered,1
RET-005545,ORD-066745,2024-12-15,Wrong Item Delivered,1
RET-005546,ORD-066752,2025-03-30,Not as Described,1
RET-005547,ORD-066754,2024-12-24,Changed Mind,1
RET-005548,ORD-066756,2024-12-13,Size / Fit Issue,2
RET-005549,ORD-066761,2024-12-03,Size / Fit Issue,1
RET-005550,ORD-066779,2024-12-10,Late Delivery,1
RET-005551,ORD-066802,2024-12-07,Reason Not Specified,1
RET-005552,ORD-066804,2024-12-15,Changed Mind,1
RET-005553,ORD-066813,2025-08-04,Not as Described,3
RET-005554,ORD-066827,2024-12-10,Not as Described,1
RET-005555,ORD-066830,2024-12-16,Wrong Item Delivered,1
RET-005556,ORD-066832,2024-11-29,Wrong Item Delivered,4
RET-005557,ORD-066834,2024-12-17,Late Delivery,1
RET-005558,ORD-066841,2024-12-01,Size / Fit Issue,1
RET-005559,ORD-066848,2024-12-11,Late Delivery,1
RET-005560,ORD-066868,2024-12-03,Not as Described,1
RET-005561,ORD-066876,2024-11-30,Not as Described,1
RET-005562,ORD-066891,2025-02-01,Size / Fit Issue,1
RET-005563,ORD-066910,2024-12-07,Missing Parts / Accessories,1
RET-005564,ORD-066926,2025-02-06,Found Better Price,3
RET-005565,ORD-066962,2024-12-04,Size / Fit Issue,1
RET-005566,ORD-066969,2024-12-05,Late Delivery,1
RET-005567,ORD-066975,2024-12-05,Defective / Damaged,1
RET-005568,ORD-066977,2024-12-17,Found Better Price,1
RET-005569,ORD-066983,2024-12-01,Wrong Item Delivered,2
RET-005570,ORD-066994,2024-12-13,Size / Fit Issue,3
RET-005571,ORD-066998,2024-12-18,Changed Mind,1
RET-005572,ORD-067009,2025-07-31,Not as Described,1
RET-005573,ORD-067015,2024-12-04,Missing Parts / Accessories,1
RET-005574,ORD-067024,2024-12-11,Not as Described,1
RET-005575,ORD-067025,2024-12-14,Late Delivery,2
RET-005576,ORD-067043,2025-04-30,Changed Mind,1
RET-005577,ORD-067049,2024-12-13,Late Delivery,1
RET-005578,ORD-067058,2024-12-19,Defective / Damaged,1
RET-005579,ORD-067062,2024-12-06,Changed Mind,2
RET-005580,ORD-067069,2024-12-17,Changed Mind,1
RET-005581,ORD-067079,2024-12-16,Size / Fit Issue,1
RET-005582,ORD-067080,2024-12-11,Found Better Price,3
RET-005583,ORD-067082,2025-03-28,Not as Described,1
RET-005584,ORD-067084,2024-12-02,Late Delivery,1
RET-005585,ORD-067108,2024-12-05,Late Delivery,1
RET-005586,ORD-067112,2024-12-18,Not as Described,3
RET-005587,ORD-067116,2024-12-19,Size / Fit Issue,2
RET-005588,ORD-067131,2025-04-21,Changed Mind,1
RET-005589,ORD-067144,2024-12-13,Late Delivery,1
RET-005590,ORD-067153,2024-12-01,Changed Mind,1
RET-005591,ORD-067162,2024-12-03,Not as Described,1
RET-005592,ORD-067163,2025-03-30,Changed Mind,2
RET-005593,ORD-067168,2024-12-16,Late Delivery,2
RET-005594,ORD-067187,2025-05-24,Late Delivery,2
RET-005595,ORD-067194,2024-12-15,Missing Parts / Accessories,1
RET-005596,ORD-067209,2024-12-18,Not as Described,1
RET-005597,ORD-067230,2024-12-08,Late Delivery,1
RET-005598,ORD-067252,2025-04-22,Defective / Damaged,1
RET-005599,ORD-067256,2024-12-18,Late Delivery,3
RET-005600,ORD-067269,2024-12-10,Changed Mind,1
RET-005601,ORD-067298,2024-12-11,Size / Fit Issue,1
RET-005602,ORD-067303,2024-12-24,Late Delivery,1
RET-005603,ORD-067319,2024-12-05,Late Delivery,1
RET-005604,ORD-067321,2024-12-19,Late Delivery,1
RET-005605,ORD-067329,2024-12-18,Late Delivery,1
RET-005606,ORD-067338,2024-12-07,Found Better Price,1
RET-005607,ORD-067347,2024-12-07,Late Delivery,3
RET-005608,ORD-067356,2024-12-05,Wrong Item Delivered,1
RET-005609,ORD-067362,2024-12-06,Changed Mind,1
RET-005610,ORD-067398,2024-12-11,Defective / Damaged,1
RET-005611,ORD-067403,2024-12-11,Late Delivery,1
RET-005612,ORD-067408,2024-12-13,Size / Fit Issue,1
RET-005613,ORD-067425,2024-12-03,Size / Fit Issue,1
RET-005614,ORD-067428,2024-12-17,Size / Fit Issue,1
RET-005615,ORD-067435,2024-12-04,Not as Described,1
RET-005616,ORD-067441,2024-12-21,Size / Fit Issue,1
RET-005617,ORD-067464,2024-12-06,Late Delivery,1
RET-005618,ORD-067466,2024-12-03,Wrong Item Delivered,5
RET-005619,ORD-067501,2024-12-08,Changed Mind,1
RET-005620,ORD-067505,2024-12-07,Not as Described,2
RET-005621,ORD-067507,2024-12-07,Late Delivery,1
RET-005622,ORD-067510,2024-12-21,Defective / Damaged,1
RET-005623,ORD-067522,2024-12-16,Not as Described,1
RET-005624,ORD-067524,2024-12-12,Late Delivery,1
RET-005625,ORD-067529,2024-12-04,Late Delivery,3
RET-005626,ORD-067539,2024-12-07,Defective / Damaged,1
RET-005627,ORD-067552,2024-12-18,Not as Described,1
RET-005628,ORD-067570,2024-12-04,Late Delivery,1
RET-005629,ORD-067590,2025-02-02,Defective / Damaged,3
RET-005630,ORD-067621,2024-12-21,Wrong Item Delivered,2
RET-005631,ORD-067629,2024-12-22,Defective / Damaged,2
RET-005632,ORD-067635,2024-12-14,Changed Mind,3
RET-005633,ORD-067642,2024-12-09,Found Better Price,1
RET-005634,ORD-067654,2024-12-12,Changed Mind,1
RET-005635,ORD-067657,2024-12-19,Defective / Damaged,1
RET-005636,ORD-067673,2024-12-12,Late Delivery,1
RET-005637,ORD-067675,2024-12-22,Not as Described,1
RET-005638,ORD-067679,2024-12-19,Found Better Price,1
RET-005639,ORD-067682,2024-12-12,Not as Described,1
RET-005640,ORD-067716,2024-12-11,Changed Mind,2
RET-005641,ORD-067721,2024-12-16,Wrong Item Delivered,1
RET-005642,ORD-067727,2024-12-17,Changed Mind,1
RET-005643,ORD-067740,2024-12-12,Defective / Damaged,1
RET-005644,ORD-067744,2024-12-08,Late Delivery,1
RET-005645,ORD-067745,2024-12-12,Late Delivery,1
RET-005646,ORD-067751,2024-12-14,Missing Parts / Accessories,1
RET-005647,ORD-067786,2025-07-25,Size / Fit Issue,1
RET-005648,ORD-067807,2024-12-19,Size / Fit Issue,1
RET-005649,ORD-067820,2025-06-25,Late Delivery,1
RET-005650,ORD-067823,2024-12-23,Changed Mind,1
RET-005651,ORD-067839,2024-12-21,Late Delivery,1
RET-005652,ORD-067840,2024-12-07,Wrong Item Delivered,1
RET-005653,ORD-067875,2024-12-23,Not as Described,1
RET-005654,ORD-067889,2024-12-10,Changed Mind,1
RET-005655,ORD-067924,2024-12-11,Changed Mind,1
RET-005656,ORD-067986,2024-12-08,Late Delivery,1
RET-005657,ORD-067991,2024-12-11,Wrong Item Delivered,1
RET-005658,ORD-067992,2024-12-10,Defective / Damaged,1
RET-005659,ORD-068000,2024-12-15,Late Delivery,1
RET-005660,ORD-068010,2024-12-18,Size / Fit Issue,1
RET-005661,ORD-068022,2025-04-07,Defective / Damaged,1
RET-005662,ORD-068040,2024-12-10,Changed Mind,1
RET-005663,ORD-068042,2024-12-13,Changed Mind,1
RET-005664,ORD-068076,2024-12-25,Wrong Item Delivered,1
RET-005665,ORD-068082,2024-12-10,Not as Described,1
RET-005666,ORD-068085,2024-12-07,Changed Mind,1
RET-005667,ORD-068097,2024-12-26,Size / Fit Issue,1
RET-005668,ORD-068111,2024-12-22,Late Delivery,1
RET-005669,ORD-068113,2024-12-20,Wrong Item Delivered,3
RET-005670,ORD-068143,2024-12-23,Not as Described,2
RET-005671,ORD-068160,2025-05-04,Size / Fit Issue,1
RET-005672,ORD-068162,2024-12-19,Late Delivery,1
RET-005673,ORD-068187,2024-12-25,Defective / Damaged,1
RET-005674,ORD-068212,2024-12-19,Defective / Damaged,1
RET-005675,ORD-068223,2024-12-22,Changed Mind,1
RET-005676,ORD-068242,2025-02-05,Changed Mind,1
RET-005677,ORD-068264,2024-12-11,Not as Described,1
RET-005678,ORD-068267,2024-12-22,Changed Mind,1
RET-005679,ORD-068286,2024-12-25,Late Delivery,2
RET-005680,ORD-068290,2025-04-18,Not as Described,1
RET-005681,ORD-068303,2024-12-13,Changed Mind,2
RET-005682,ORD-068310,2024-12-21,Changed Mind,1
RET-005683,ORD-068315,2024-12-18,Found Better Price,1
RET-005684,ORD-068319,2024-12-25,Found Better Price,1
RET-005685,ORD-068320,2024-12-15,Not as Described,1
RET-005686,ORD-068329,2024-12-11,Found Better Price,1
RET-005687,ORD-068336,2024-12-15,Changed Mind,2
RET-005688,ORD-068340,2025-01-17,Missing Parts / Accessories,1
RET-005689,ORD-068343,2025-03-13,Changed Mind,1
RET-005690,ORD-068347,2024-12-20,Late Delivery,1
RET-005691,ORD-068368,2024-12-11,Defective / Damaged,1
RET-005692,ORD-068383,2024-12-12,Changed Mind,1
RET-005693,ORD-068393,2024-12-17,Changed Mind,1
RET-005694,ORD-068394,2024-12-18,Late Delivery,1
RET-005695,ORD-068420,2024-12-17,Late Delivery,1
RET-005696,ORD-068438,2024-12-24,Not as Described,1
RET-005697,ORD-068446,2025-06-22,Size / Fit Issue,1
RET-005698,ORD-068450,2024-12-14,Not as Described,1
RET-005699,ORD-068462,2024-12-28,Late Delivery,2
RET-005700,ORD-068464,2024-12-22,Not as Described,1
RET-005701,ORD-068465,2024-12-12,Size / Fit Issue,1
RET-005702,ORD-068468,2024-12-14,Wrong Item Delivered,2
RET-005703,ORD-068477,2024-12-28,Late Delivery,1
RET-005704,ORD-068486,2025-01-22,Late Delivery,1
RET-005705,ORD-068490,2024-12-20,Late Delivery,1
RET-005706,ORD-068511,2024-12-21,Late Delivery,1
RET-005707,ORD-068522,2024-12-20,Not as Described,2
RET-005708,ORD-068529,2024-12-13,Size / Fit Issue,1
RET-005709,ORD-068537,2024-12-15,Late Delivery,1
RET-005710,ORD-068579,2024-12-23,Wrong Item Delivered,1
RET-005711,ORD-068604,2024-12-24,Changed Mind,1
RET-005712,ORD-068622,2024-12-20,Wrong Item Delivered,1
RET-005713,ORD-068641,2024-12-20,Not as Described,1
RET-005714,ORD-068649,2024-12-16,Not as Described,1
RET-005715,ORD-068661,2024-12-16,Size / Fit Issue,1
RET-005716,ORD-068666,2024-12-23,Not as Described,1
RET-005717,ORD-068685,2025-02-09,Changed Mind,1
RET-005718,ORD-068702,2024-12-25,Defective / Damaged,2
RET-005719,ORD-068711,2024-12-13,Found Better Price,4
RET-005720,ORD-068721,2024-12-14,Late Delivery,1
RET-005721,ORD-068728,2024-12-12,Not as Described,1
RET-005722,ORD-068738,2024-12-12,Size / Fit Issue,1
RET-005723,ORD-068748,2024-12-15,Late Delivery,1
RET-005724,ORD-068752,2024-12-30,Size / Fit Issue,1
RET-005725,ORD-068767,2024-12-14,Not as Described,1
RET-005726,ORD-068769,2024-12-16,Not as Described,1
RET-005727,ORD-068775,2024-12-15,Size / Fit Issue,1
RET-005728,ORD-068776,2024-12-29,Late Delivery,1
RET-005729,ORD-068785,2024-12-23,Not as Described,1
RET-005730,ORD-068794,2024-12-12,Wrong Item Delivered,3
RET-005731,ORD-068798,2024-12-17,Found Better Price,2
RET-005732,ORD-068811,2024-12-12,Size / Fit Issue,1
RET-005733,ORD-068816,2024-12-24,Late Delivery,1
RET-005734,ORD-068832,2024-12-26,Size / Fit Issue,1
RET-005735,ORD-068834,2024-12-26,Late Delivery,1
RET-005736,ORD-068835,2024-12-27,Found Better Price,1
RET-005737,ORD-068858,2024-12-17,Late Delivery,1
RET-005738,ORD-068890,2024-12-19,Changed Mind,1
RET-005739,ORD-068893,2024-12-16,Wrong Item Delivered,1
RET-005740,ORD-068898,2025-04-22,Missing Parts / Accessories,1
RET-005741,ORD-068906,2024-12-26,Changed Mind,1
RET-005742,ORD-068908,2024-12-13,Late Delivery,1
RET-005743,ORD-068922,2024-12-27,Changed Mind,2
RET-005744,ORD-068930,2024-12-23,Wrong Item Delivered,1
RET-005745,ORD-068931,2024-12-24,Reason Not Specified,1
RET-005746,ORD-068942,2024-12-23,Late Delivery,3
RET-005747,ORD-068962,2024-12-19,Wrong Item Delivered,2
RET-005748,ORD-068963,2024-12-19,Wrong Item Delivered,2
RET-005749,ORD-068964,2024-12-23,Not as Described,2
RET-005750,ORD-068967,2025-05-06,Changed Mind,3
RET-005751,ORD-068983,2024-12-14,Not as Described,2
RET-005752,ORD-069032,2024-12-25,Late Delivery,2
RET-005753,ORD-069082,2024-12-15,Changed Mind,1
RET-005754,ORD-069086,2024-12-16,Found Better Price,1
RET-005755,ORD-069093,2025-01-01,Size / Fit Issue,1
RET-005756,ORD-069106,2024-12-23,Size / Fit Issue,1
RET-005757,ORD-069148,2024-12-30,Not as Described,2
RET-005758,ORD-069174,2024-12-22,Not as Described,1
RET-005759,ORD-069181,2024-12-14,Late Delivery,3
RET-005760,ORD-069205,2025-01-02,Changed Mind,1
RET-005761,ORD-069212,2024-12-15,Size / Fit Issue,1
RET-005762,ORD-069217,2024-12-25,Changed Mind,1
RET-005763,ORD-069218,2024-12-24,Late Delivery,1
RET-005764,ORD-069219,2024-12-21,Not as Described,1
RET-005765,ORD-069234,2024-12-18,Not as Described,1
RET-005766,ORD-069238,2025-01-01,Late Delivery,1
RET-005767,ORD-069258,2024-12-18,Late Delivery,1
RET-005768,ORD-069261,2024-12-28,Defective / Damaged,1
RET-005769,ORD-069270,2025-05-26,Defective / Damaged,2
RET-005770,ORD-069272,2024-12-28,Missing Parts / Accessories,1
RET-005771,ORD-069283,2025-07-30,Size / Fit Issue,3
RET-005772,ORD-069286,2024-12-26,Late Delivery,1
RET-005773,ORD-069303,2024-12-17,Late Delivery,1
RET-005774,ORD-069305,2024-12-28,Late Delivery,1
RET-005775,ORD-069306,2024-12-15,Late Delivery,1
RET-005776,ORD-069333,2024-12-22,Found Better Price,1
RET-005777,ORD-069345,2024-12-16,Defective / Damaged,1
RET-005778,ORD-069353,2024-12-29,Changed Mind,1
RET-005779,ORD-069371,2024-12-20,Not as Described,1
RET-005780,ORD-069385,2024-12-30,Not as Described,1
RET-005781,ORD-069386,2024-12-16,Changed Mind,1
RET-005782,ORD-069388,2025-01-01,Late Delivery,1
RET-005783,ORD-069399,2024-12-20,Not as Described,2
RET-005784,ORD-069414,2024-12-30,Wrong Item Delivered,3
RET-005785,ORD-069416,2025-02-24,Size / Fit Issue,3
RET-005786,ORD-069428,2024-12-17,Late Delivery,2
RET-005787,ORD-069435,2024-12-23,Wrong Item Delivered,1
RET-005788,ORD-069439,2025-01-03,Changed Mind,1
RET-005789,ORD-069463,2024-12-28,Size / Fit Issue,1
RET-005790,ORD-069511,2025-01-01,Size / Fit Issue,1
RET-005791,ORD-069525,2024-12-28,Not as Described,1
RET-005792,ORD-069527,2025-01-03,Defective / Damaged,3
RET-005793,ORD-069557,2024-12-24,Changed Mind,1
RET-005794,ORD-069558,2024-12-18,Late Delivery,1
RET-005795,ORD-069561,2024-12-26,Wrong Item Delivered,2
RET-005796,ORD-069596,2024-12-20,Wrong Item Delivered,1
RET-005797,ORD-069606,2024-12-20,Late Delivery,1
RET-005798,ORD-069630,2024-12-17,Found Better Price,1
RET-005799,ORD-069632,2024-12-20,Size / Fit Issue,1
RET-005800,ORD-069655,2025-03-18,Found Better Price,2
RET-005801,ORD-069658,2024-12-20,Changed Mind,1
RET-005802,ORD-069677,2025-01-05,Late Delivery,1
RET-005803,ORD-069680,2024-12-27,Defective / Damaged,1
RET-005804,ORD-069682,2025-01-04,Size / Fit Issue,1
RET-005805,ORD-069690,2025-01-05,Late Delivery,1
RET-005806,ORD-069699,2025-01-03,Not as Described,8
RET-005807,ORD-069738,2024-12-24,Wrong Item Delivered,1
RET-005808,ORD-069760,2024-12-28,Changed Mind,1
RET-005809,ORD-069765,2024-12-19,Wrong Item Delivered,3
RET-005810,ORD-069773,2024-12-27,Not as Described,3
RET-005811,ORD-069784,2024-12-24,Wrong Item Delivered,2
RET-005812,ORD-069786,2024-12-31,Late Delivery,1
RET-005813,ORD-069797,2024-12-25,Changed Mind,1
RET-005814,ORD-069801,2025-01-04,Size / Fit Issue,1
RET-005815,ORD-069803,2025-02-08,Missing Parts / Accessories,1
RET-005816,ORD-069826,2024-12-27,Late Delivery,1
RET-005817,ORD-069829,2024-12-23,Late Delivery,1
RET-005818,ORD-069842,2024-12-30,Found Better Price,1
RET-005819,ORD-069848,2024-12-30,Late Delivery,1
RET-005820,ORD-069852,2024-12-23,Late Delivery,1
RET-005821,ORD-069865,2025-01-02,Size / Fit Issue,2
RET-005822,ORD-069887,2024-12-30,Late Delivery,1
RET-005823,ORD-069918,2025-01-06,Changed Mind,1
RET-005824,ORD-069925,2024-12-30,Not as Described,1
RET-005825,ORD-069928,2024-12-24,Changed Mind,1
RET-005826,ORD-069930,2025-01-02,Defective / Damaged,1
RET-005827,ORD-069935,2025-01-06,Late Delivery,1
RET-005828,ORD-069944,2024-12-29,Changed Mind,4
RET-005829,ORD-069946,2024-12-23,Changed Mind,2
RET-005830,ORD-069986,2024-12-25,Found Better Price,1
RET-005831,ORD-070003,2024-12-30,Late Delivery,1
RET-005832,ORD-070006,2025-01-06,Defective / Damaged,1
RET-005833,ORD-070015,2025-01-04,Late Delivery,1
RET-005834,ORD-070072,2024-12-23,Size / Fit Issue,1
RET-005835,ORD-070082,2024-12-30,Not as Described,1
RET-005836,ORD-070087,2024-12-21,Defective / Damaged,1
RET-005837,ORD-070092,2025-01-03,Found Better Price,1
RET-005838,ORD-070093,2024-12-20,Size / Fit Issue,2
RET-005839,ORD-070102,2025-03-27,Late Delivery,2
RET-005840,ORD-070104,2025-01-07,Missing Parts / Accessories,1
RET-005841,ORD-070110,2024-12-20,Late Delivery,2
RET-005842,ORD-070123,2024-12-22,Defective / Damaged,1
RET-005843,ORD-070174,2025-01-03,Late Delivery,1
RET-005844,ORD-070196,2024-12-25,Size / Fit Issue,1
RET-005845,ORD-070201,2024-12-24,Wrong Item Delivered,2
RET-005846,ORD-070205,2025-01-06,Found Better Price,1
RET-005847,ORD-070214,2024-12-24,Late Delivery,1
RET-005848,ORD-070247,2025-01-08,Late Delivery,1
RET-005849,ORD-070248,2025-02-06,Wrong Item Delivered,1
RET-005850,ORD-070255,2025-01-04,Changed Mind,1
RET-005851,ORD-070262,2025-02-10,Size / Fit Issue,3
RET-005852,ORD-070302,2024-12-30,Late Delivery,1
RET-005853,ORD-070306,2025-01-02,Late Delivery,1
RET-005854,ORD-070309,2024-12-24,Size / Fit Issue,1
RET-005855,ORD-070319,2024-12-23,Changed Mind,1
RET-005856,ORD-070331,2025-01-06,Late Delivery,1
RET-005857,ORD-070335,2025-01-01,Late Delivery,1
RET-005858,ORD-070362,2025-01-08,Late Delivery,1
RET-005859,ORD-070371,2025-01-02,Defective / Damaged,2
RET-005860,ORD-070384,2025-02-23,Size / Fit Issue,8
RET-005861,ORD-070393,2024-12-27,Wrong Item Delivered,1
RET-005862,ORD-070399,2025-01-04,Late Delivery,1
RET-005863,ORD-070417,2025-01-07,Size / Fit Issue,1
RET-005864,ORD-070423,2024-12-22,Late Delivery,1
RET-005865,ORD-070426,2025-01-06,Late Delivery,4
RET-005866,ORD-070434,2025-01-22,Size / Fit Issue,1
RET-005867,ORD-070445,2024-12-23,Reason Not Specified,1
RET-005868,ORD-070448,2024-12-28,Wrong Item Delivered,2
RET-005869,ORD-070456,2025-01-10,Changed Mind,2
RET-005870,ORD-070460,2024-12-24,Size / Fit Issue,2
RET-005871,ORD-070475,2025-01-08,Late Delivery,1
RET-005872,ORD-070478,2025-01-08,Size / Fit Issue,1
RET-005873,ORD-070490,2024-12-26,Defective / Damaged,2
RET-005874,ORD-070492,2024-12-29,Changed Mind,1
RET-005875,ORD-070496,2025-01-04,Changed Mind,1
RET-005876,ORD-070519,2025-03-12,Not as Described,1
RET-005877,ORD-070525,2024-12-27,Late Delivery,1
RET-005878,ORD-070530,2025-01-10,Found Better Price,3
RET-005879,ORD-070546,2025-01-10,Not as Described,1
RET-005880,ORD-070555,2025-01-02,Late Delivery,1
RET-005881,ORD-070559,2025-02-23,Late Delivery,1
RET-005882,ORD-070565,2025-01-01,Not as Described,1
RET-005883,ORD-070567,2024-12-29,Late Delivery,1
RET-005884,ORD-070587,2025-01-06,Defective / Damaged,1
RET-005885,ORD-070593,2024-12-26,Changed Mind,1
RET-005886,ORD-070607,2025-01-06,Defective / Damaged,1
RET-005887,ORD-070612,2025-01-10,Found Better Price,2
RET-005888,ORD-070616,2025-01-06,Late Delivery,1
RET-005889,ORD-070619,2025-01-06,Not as Described,1
RET-005890,ORD-070620,2024-12-30,Not as Described,1
RET-005891,ORD-070642,2025-01-10,Late Delivery,1
RET-005892,ORD-070678,2025-07-03,Size / Fit Issue,2
RET-005893,ORD-070679,2024-12-26,Changed Mind,1
RET-005894,ORD-070684,2025-01-11,Wrong Item Delivered,1
RET-005895,ORD-070688,2025-01-08,Reason Not Specified,2
RET-005896,ORD-070702,2025-01-03,Not as Described,1
RET-005897,ORD-070712,2024-12-30,Wrong Item Delivered,1
RET-005898,ORD-070732,2025-01-01,Found Better Price,1
RET-005899,ORD-070755,2025-01-11,Late Delivery,1
RET-005900,ORD-070808,2025-05-12,Changed Mind,3
RET-005901,ORD-070810,2024-12-25,Not as Described,1
RET-005902,ORD-070812,2024-12-28,Late Delivery,3
RET-005903,ORD-070859,2025-01-08,Not as Described,1
RET-005904,ORD-070862,2025-01-04,Not as Described,1
RET-005905,ORD-070870,2025-05-17,Defective / Damaged,3
RET-005906,ORD-070884,2025-01-12,Late Delivery,1
RET-005907,ORD-070903,2024-12-25,Changed Mind,1
RET-005908,ORD-070904,2024-12-29,Late Delivery,1
RET-005909,ORD-070913,2025-05-14,Wrong Item Delivered,1
RET-005910,ORD-070925,2025-01-09,Late Delivery,3
RET-005911,ORD-070931,2024-12-26,Defective / Damaged,1
RET-005912,ORD-070940,2025-01-10,Found Better Price,1
RET-005913,ORD-070943,2025-01-07,Changed Mind,2
RET-005914,ORD-070948,2025-01-03,Changed Mind,1
RET-005915,ORD-070950,2025-01-06,Size / Fit Issue,1
RET-005916,ORD-070959,2025-08-13,Changed Mind,1
RET-005917,ORD-070961,2024-12-28,Changed Mind,1
RET-005918,ORD-070971,2025-03-12,Defective / Damaged,1
RET-005919,ORD-070975,2025-01-08,Changed Mind,1
RET-005920,ORD-070983,2025-01-03,Wrong Item Delivered,1
RET-005921,ORD-070996,2025-01-01,Size / Fit Issue,1
RET-005922,ORD-070998,2024-12-31,Late Delivery,1
RET-005923,ORD-071003,2025-01-08,Defective / Damaged,1
RET-005924,ORD-071033,2025-01-04,Changed Mind,1
RET-005925,ORD-071037,2025-06-10,Changed Mind,1
RET-005926,ORD-071043,2025-01-05,Changed Mind,1
RET-005927,ORD-071048,2025-01-05,Late Delivery,1
RET-005928,ORD-071056,2025-01-08,Changed Mind,1
RET-005929,ORD-071067,2025-01-10,Size / Fit Issue,1
RET-005930,ORD-071070,2025-03-29,Not as Described,1
RET-005931,ORD-071081,2025-01-06,Late Delivery,1
RET-005932,ORD-071099,2025-01-09,Wrong Item Delivered,1
RET-005933,ORD-071112,2025-01-14,Not as Described,1
RET-005934,ORD-071125,2025-01-13,Wrong Item Delivered,1
RET-005935,ORD-071126,2025-03-24,Wrong Item Delivered,1
RET-005936,ORD-071136,2025-05-26,Late Delivery,1
RET-005937,ORD-071141,2025-01-04,Not as Described,1
RET-005938,ORD-071163,2025-01-09,Changed Mind,1
RET-005939,ORD-071164,2025-01-08,Defective / Damaged,1
RET-005940,ORD-071190,2025-01-01,Changed Mind,1
RET-005941,ORD-071195,2025-01-06,Not as Described,2
RET-005942,ORD-071198,2025-01-12,Late Delivery,1
RET-005943,ORD-071202,2025-01-02,Missing Parts / Accessories,1
RET-005944,ORD-071211,2025-01-04,Late Delivery,1
RET-005945,ORD-071224,2025-01-09,Reason Not Specified,1
RET-005946,ORD-071228,2025-06-10,Defective / Damaged,1
RET-005947,ORD-071231,2025-01-11,Found Better Price,1
RET-005948,ORD-071240,2025-02-19,Changed Mind,2
RET-005949,ORD-071249,2025-01-11,Changed Mind,1
RET-005950,ORD-071250,2025-01-07,Defective / Damaged,1
RET-005951,ORD-071308,2025-01-02,Defective / Damaged,3
RET-005952,ORD-071312,2024-12-31,Size / Fit Issue,1
RET-005953,ORD-071328,2025-01-02,Late Delivery,1
RET-005954,ORD-071339,2025-01-05,Not as Described,1
RET-005955,ORD-071358,2025-01-05,Size / Fit Issue,1
RET-005956,ORD-071368,2025-01-12,Defective / Damaged,1
RET-005957,ORD-071399,2025-01-16,Wrong Item Delivered,2
RET-005958,ORD-071404,2025-01-04,Late Delivery,1
RET-005959,ORD-071407,2025-02-17,Changed Mind,1
RET-005960,ORD-071412,2025-01-06,Changed Mind,2
RET-005961,ORD-071424,2025-01-09,Late Delivery,1
RET-005962,ORD-071435,2025-01-15,Late Delivery,1
RET-005963,ORD-071455,2025-01-03,Not as Described,1
RET-005964,ORD-071459,2025-01-05,Late Delivery,1
RET-005965,ORD-071478,2025-01-07,Changed Mind,1
RET-005966,ORD-071493,2025-01-10,Late Delivery,1
RET-005967,ORD-071501,2025-01-14,Late Delivery,1
RET-005968,ORD-071506,2025-01-07,Late Delivery,1
RET-005969,ORD-071517,2025-01-13,Late Delivery,3
RET-005970,ORD-071518,2025-01-08,Not as Described,1
RET-005971,ORD-071573,2025-01-12,Missing Parts / Accessories,1
RET-005972,ORD-071586,2025-01-10,Defective / Damaged,1
RET-005973,ORD-071596,2025-01-11,Not as Described,1
RET-005974,ORD-071614,2025-01-09,Late Delivery,1
RET-005975,ORD-071625,2025-01-05,Size / Fit Issue,1
RET-005976,ORD-071631,2025-01-04,Changed Mind,1
RET-005977,ORD-071642,2025-01-12,Late Delivery,1
RET-005978,ORD-071652,2025-01-07,Late Delivery,1
RET-005979,ORD-071653,2025-01-09,Late Delivery,1
RET-005980,ORD-071659,2025-07-19,Size / Fit Issue,1
RET-005981,ORD-071663,2025-06-26,Changed Mind,1
RET-005982,ORD-071673,2025-01-06,Late Delivery,1
RET-005983,ORD-071689,2025-01-13,Defective / Damaged,1
RET-005984,ORD-071697,2025-01-05,Size / Fit Issue,1
RET-005985,ORD-071715,2025-01-15,Not as Described,1
RET-005986,ORD-071727,2025-01-06,Late Delivery,1
RET-005987,ORD-071740,2025-01-05,Late Delivery,1
RET-005988,ORD-071745,2025-01-11,Size / Fit Issue,1
RET-005989,ORD-071746,2025-07-29,Found Better Price,1
RET-005990,ORD-071764,2025-01-15,Size / Fit Issue,1
RET-005991,ORD-071767,2025-01-14,Late Delivery,1
RET-005992,ORD-071769,2025-01-05,Wrong Item Delivered,2
RET-005993,ORD-071776,2025-01-09,Wrong Item Delivered,1
RET-005994,ORD-071778,2025-01-07,Late Delivery,1
RET-005995,ORD-071780,2025-01-14,Defective / Damaged,2
RET-005996,ORD-071787,2025-01-02,Defective / Damaged,1
RET-005997,ORD-071788,2025-01-12,Wrong Item Delivered,1
RET-005998,ORD-071791,2025-04-05,Changed Mind,1
RET-005999,ORD-071799,2025-01-17,Defective / Damaged,1
RET-006000,ORD-071815,2025-01-10,Size / Fit Issue,1
RET-006001,ORD-071833,2025-01-02,Defective / Damaged,1
RET-006002,ORD-071835,2025-01-11,Changed Mind,1
RET-006003,ORD-071837,2025-01-14,Late Delivery,1
RET-006004,ORD-071839,2025-01-14,Late Delivery,2
RET-006005,ORD-071850,2025-01-13,Late Delivery,1
RET-006006,ORD-071857,2025-01-06,Late Delivery,2
RET-006007,ORD-071871,2025-01-01,Late Delivery,1
RET-006008,ORD-071875,2025-01-13,Wrong Item Delivered,3
RET-006009,ORD-071888,2025-01-14,Size / Fit Issue,2
RET-006010,ORD-071895,2025-01-04,Found Better Price,1
RET-006011,ORD-071913,2025-01-13,Size / Fit Issue,1
RET-006012,ORD-071916,2025-01-17,Late Delivery,1
RET-006013,ORD-071922,2025-01-19,Changed Mind,1
RET-006014,ORD-071927,2025-01-18,Late Delivery,3
RET-006015,ORD-071937,2025-02-06,Size / Fit Issue,2
RET-006016,ORD-071942,2025-01-05,Late Delivery,1
RET-006017,ORD-071947,2025-01-14,Wrong Item Delivered,1
RET-006018,ORD-071950,2025-01-12,Size / Fit Issue,1
RET-006019,ORD-071951,2025-01-12,Changed Mind,1
RET-006020,ORD-071967,2025-01-05,Defective / Damaged,1
RET-006021,ORD-071969,2025-01-10,Late Delivery,2
RET-006022,ORD-071984,2025-01-05,Changed Mind,1
RET-006023,ORD-072009,2025-01-06,Found Better Price,3
RET-006024,ORD-072042,2025-01-07,Found Better Price,5
RET-006025,ORD-072061,2025-01-04,Defective / Damaged,1
RET-006026,ORD-072072,2025-01-06,Defective / Damaged,1
RET-006027,ORD-072074,2025-01-20,Late Delivery,1
RET-006028,ORD-072088,2025-01-07,Defective / Damaged,1
RET-006029,ORD-072094,2025-05-16,Late Delivery,1
RET-006030,ORD-072097,2025-06-24,Changed Mind,1
RET-006031,ORD-072122,2025-01-14,Defective / Damaged,1
RET-006032,ORD-072123,2025-01-10,Changed Mind,1
RET-006033,ORD-072125,2025-01-17,Late Delivery,2
RET-006034,ORD-072130,2025-01-07,Defective / Damaged,3
RET-006035,ORD-072136,2025-01-13,Changed Mind,1
RET-006036,ORD-072141,2025-01-17,Late Delivery,1
RET-006037,ORD-072155,2025-01-15,Late Delivery,1
RET-006038,ORD-072161,2025-01-06,Late Delivery,2
RET-006039,ORD-072166,2025-02-23,Size / Fit Issue,1
RET-006040,ORD-072169,2025-01-13,Late Delivery,1
RET-006041,ORD-072173,2025-02-20,Late Delivery,1
RET-006042,ORD-072183,2025-01-07,Wrong Item Delivered,1
RET-006043,ORD-072188,2025-01-11,Late Delivery,1
RET-006044,ORD-072200,2025-01-09,Late Delivery,1
RET-006045,ORD-072206,2025-01-19,Found Better Price,1
RET-006046,ORD-072222,2025-04-27,Wrong Item Delivered,1
RET-006047,ORD-072224,2025-01-12,Late Delivery,1
RET-006048,ORD-072226,2025-01-09,Not as Described,1
RET-006049,ORD-072230,2025-01-03,Wrong Item Delivered,3
RET-006050,ORD-072234,2025-01-13,Changed Mind,1
RET-006051,ORD-072256,2025-01-10,Wrong Item Delivered,1
RET-006052,ORD-072257,2025-01-07,Wrong Item Delivered,1
RET-006053,ORD-072264,2025-06-30,Defective / Damaged,1
RET-006054,ORD-072279,2025-01-13,Size / Fit Issue,1
RET-006055,ORD-072280,2025-01-05,Defective / Damaged,1
RET-006056,ORD-072281,2025-01-03,Late Delivery,2
RET-006057,ORD-072288,2025-04-23,Defective / Damaged,1
RET-006058,ORD-072302,2025-01-15,Wrong Item Delivered,1
RET-006059,ORD-072319,2025-01-17,Size / Fit Issue,1
RET-006060,ORD-072320,2025-06-03,Defective / Damaged,1
RET-006061,ORD-072326,2025-01-17,Late Delivery,1
RET-006062,ORD-072328,2025-01-05,Late Delivery,2
RET-006063,ORD-072332,2025-01-18,Found Better Price,1
RET-006064,ORD-072333,2025-01-07,Defective / Damaged,1
RET-006065,ORD-072335,2025-01-20,Not as Described,2
RET-006066,ORD-072345,2025-01-08,Size / Fit Issue,2
RET-006067,ORD-072356,2025-01-12,Found Better Price,1
RET-006068,ORD-072361,2025-01-19,Size / Fit Issue,1
RET-006069,ORD-072378,2025-07-27,Late Delivery,1
RET-006070,ORD-072421,2025-01-12,Missing Parts / Accessories,1
RET-006071,ORD-072430,2025-01-09,Changed Mind,1
RET-006072,ORD-072433,2025-01-17,Size / Fit Issue,2
RET-006073,ORD-072435,2025-01-12,Late Delivery,1
RET-006074,ORD-072459,2025-01-10,Found Better Price,1
RET-006075,ORD-072465,2025-01-17,Defective / Damaged,1
RET-006076,ORD-072489,2025-01-10,Not as Described,1
RET-006077,ORD-072494,2025-01-13,Late Delivery,1
RET-006078,ORD-072496,2025-01-17,Size / Fit Issue,1
RET-006079,ORD-072537,2025-01-15,Defective / Damaged,3
RET-006080,ORD-072539,2025-01-23,Size / Fit Issue,1
RET-006081,ORD-072540,2025-01-09,Late Delivery,1
RET-006082,ORD-072547,2025-01-23,Size / Fit Issue,1
RET-006083,ORD-072564,2025-01-06,Defective / Damaged,1
RET-006084,ORD-072576,2025-01-17,Size / Fit Issue,1
RET-006085,ORD-072579,2025-01-11,Changed Mind,2
RET-006086,ORD-072618,2025-01-13,Size / Fit Issue,1
RET-006087,ORD-072619,2025-01-08,Changed Mind,2
RET-006088,ORD-072634,2025-01-08,Changed Mind,1
RET-006089,ORD-072639,2025-01-20,Found Better Price,3
RET-006090,ORD-072644,2025-01-07,Not as Described,1
RET-006091,ORD-072645,2025-01-17,Size / Fit Issue,1
RET-006092,ORD-072646,2025-01-17,Wrong Item Delivered,1
RET-006093,ORD-072657,2025-01-14,Size / Fit Issue,1
RET-006094,ORD-072667,2025-01-07,Found Better Price,1
RET-006095,ORD-072674,2025-01-14,Found Better Price,1
RET-006096,ORD-072689,2025-01-23,Changed Mind,1
RET-006097,ORD-072691,2025-01-14,Not as Described,1
RET-006098,ORD-072734,2025-01-25,Missing Parts / Accessories,1
RET-006099,ORD-072736,2025-01-26,Not as Described,1
RET-006100,ORD-072756,2025-01-22,Size / Fit Issue,1
RET-006101,ORD-072763,2025-01-24,Not as Described,1
RET-006102,ORD-072799,2025-01-20,Defective / Damaged,1
RET-006103,ORD-072807,2025-01-13,Defective / Damaged,2
RET-006104,ORD-072812,2025-01-21,Late Delivery,2
RET-006105,ORD-072831,2025-01-13,Size / Fit Issue,1
RET-006106,ORD-072832,2025-01-18,Not as Described,1
RET-006107,ORD-072836,2025-06-22,Changed Mind,1
RET-006108,ORD-072853,2025-01-19,Defective / Damaged,1
RET-006109,ORD-072858,2025-01-28,Late Delivery,2
RET-006110,ORD-072859,2025-01-24,Wrong Item Delivered,1
RET-006111,ORD-072860,2025-01-14,Changed Mind,1
RET-006112,ORD-072861,2025-01-26,Size / Fit Issue,1
RET-006113,ORD-072887,2025-02-09,Wrong Item Delivered,1
RET-006114,ORD-072888,2025-01-12,Defective / Damaged,1
RET-006115,ORD-072892,2025-01-22,Defective / Damaged,1
RET-006116,ORD-072895,2025-01-16,Wrong Item Delivered,1
RET-006117,ORD-072897,2025-01-12,Changed Mind,2
RET-006118,ORD-072906,2025-01-28,Not as Described,8
RET-006119,ORD-072914,2025-01-20,Wrong Item Delivered,1
RET-006120,ORD-072915,2025-01-13,Size / Fit Issue,1
RET-006121,ORD-072924,2025-01-26,Wrong Item Delivered,1
RET-006122,ORD-072946,2025-01-27,Size / Fit Issue,1
RET-006123,ORD-073020,2025-07-18,Not as Described,2
RET-006124,ORD-073027,2025-01-13,Defective / Damaged,1
RET-006125,ORD-073038,2025-01-16,Late Delivery,2
RET-006126,ORD-073042,2025-01-30,Not as Described,1
RET-006127,ORD-073090,2025-01-13,Late Delivery,1
RET-006128,ORD-073095,2025-01-20,Changed Mind,2
RET-006129,ORD-073098,2025-01-28,Changed Mind,2
RET-006130,ORD-073115,2025-01-25,Changed Mind,1
RET-006131,ORD-073141,2025-01-26,Defective / Damaged,1
RET-006132,ORD-073143,2025-01-13,Wrong Item Delivered,1
RET-006133,ORD-073145,2025-06-07,Wrong Item Delivered,1
RET-006134,ORD-073146,2025-01-19,Not as Described,1
RET-006135,ORD-073148,2025-01-22,Found Better Price,1
RET-006136,ORD-073162,2025-01-29,Wrong Item Delivered,1
RET-006137,ORD-073167,2025-01-16,Changed Mind,1
RET-006138,ORD-073182,2025-01-25,Late Delivery,1
RET-006139,ORD-073185,2025-01-26,Found Better Price,1
RET-006140,ORD-073188,2025-01-30,Defective / Damaged,1
RET-006141,ORD-073193,2025-01-27,Changed Mind,3
RET-006142,ORD-073213,2025-01-19,Defective / Damaged,1
RET-006143,ORD-073214,2025-01-18,Size / Fit Issue,1
RET-006144,ORD-073221,2025-01-26,Changed Mind,1
RET-006145,ORD-073227,2025-01-17,Not as Described,1
RET-006146,ORD-073230,2025-05-08,Wrong Item Delivered,1
RET-006147,ORD-073231,2025-01-22,Changed Mind,1
RET-006148,ORD-073241,2025-01-25,Late Delivery,1
RET-006149,ORD-073270,2025-01-22,Found Better Price,2
RET-006150,ORD-073274,2025-01-15,Found Better Price,1
RET-006151,ORD-073303,2025-07-12,Found Better Price,1
RET-006152,ORD-073329,2025-02-02,Changed Mind,3
RET-006153,ORD-073339,2025-03-07,Changed Mind,1
RET-006154,ORD-073364,2025-01-18,Late Delivery,1
RET-006155,ORD-073371,2025-01-28,Not as Described,1
RET-006156,ORD-073375,2025-01-28,Changed Mind,2
RET-006157,ORD-073408,2025-01-28,Defective / Damaged,2
RET-006158,ORD-073433,2025-01-27,Changed Mind,1
RET-006159,ORD-073445,2025-01-18,Defective / Damaged,1
RET-006160,ORD-073490,2025-01-21,Wrong Item Delivered,1
RET-006161,ORD-073502,2025-01-19,Reason Not Specified,1
RET-006162,ORD-073526,2025-01-27,Not as Described,1
RET-006163,ORD-073530,2025-01-19,Changed Mind,1
RET-006164,ORD-073533,2025-01-19,Changed Mind,1
RET-006165,ORD-073548,2025-01-26,Late Delivery,1
RET-006166,ORD-073594,2025-01-22,Changed Mind,1
RET-006167,ORD-073597,2025-01-20,Changed Mind,1
RET-006168,ORD-073611,2025-01-29,Found Better Price,1
RET-006169,ORD-073612,2025-03-26,Late Delivery,5
RET-006170,ORD-073619,2025-01-29,Size / Fit Issue,1
RET-006171,ORD-073626,2025-02-04,Changed Mind,1
RET-006172,ORD-073637,2025-01-23,Found Better Price,3
RET-006173,ORD-073657,2025-01-27,Size / Fit Issue,1
RET-006174,ORD-073712,2025-08-04,Not as Described,1
RET-006175,ORD-073717,2025-01-24,Wrong Item Delivered,1
RET-006176,ORD-073722,2025-02-05,Wrong Item Delivered,3
RET-006177,ORD-073728,2025-01-23,Defective / Damaged,1
RET-006178,ORD-073742,2025-01-28,Changed Mind,1
RET-006179,ORD-073762,2025-02-07,Late Delivery,2
RET-006180,ORD-073776,2025-01-25,Changed Mind,1
RET-006181,ORD-073786,2025-01-31,Late Delivery,1
RET-006182,ORD-073814,2025-02-06,Wrong Item Delivered,1
RET-006183,ORD-073815,2025-02-05,Changed Mind,1
RET-006184,ORD-073829,2025-02-06,Changed Mind,1
RET-006185,ORD-073831,2025-01-29,Size / Fit Issue,1
RET-006186,ORD-073833,2025-01-24,Size / Fit Issue,1
RET-006187,ORD-073839,2025-01-22,Not as Described,1
RET-006188,ORD-073862,2025-02-07,Size / Fit Issue,1
RET-006189,ORD-073864,2025-02-07,Changed Mind,1
RET-006190,ORD-073865,2025-01-29,Changed Mind,2
RET-006191,ORD-073878,2025-01-21,Found Better Price,1
RET-006192,ORD-073882,2025-01-28,Defective / Damaged,1
RET-006193,ORD-073891,2025-01-23,Not as Described,1
RET-006194,ORD-073897,2025-07-14,Not as Described,1
RET-006195,ORD-073908,2025-02-04,Late Delivery,1
RET-006196,ORD-073909,2025-04-09,Late Delivery,1
RET-006197,ORD-073915,2025-02-07,Changed Mind,1
RET-006198,ORD-073925,2025-01-22,Wrong Item Delivered,4
RET-006199,ORD-073953,2025-01-24,Size / Fit Issue,1
RET-006200,ORD-074009,2025-01-27,Not as Described,1
RET-006201,ORD-074022,2025-01-28,Found Better Price,1
RET-006202,ORD-074024,2025-02-04,Wrong Item Delivered,1
RET-006203,ORD-074032,2025-01-31,Size / Fit Issue,1
RET-006204,ORD-074033,2025-02-09,Late Delivery,1
RET-006205,ORD-074053,2025-01-24,Not as Described,1
RET-006206,ORD-074055,2025-01-24,Size / Fit Issue,2
RET-006207,ORD-074059,2025-04-15,Not as Described,1
RET-006208,ORD-074064,2025-02-05,Changed Mind,1
RET-006209,ORD-074066,2025-04-21,Not as Described,3
RET-006210,ORD-074069,2025-01-23,Changed Mind,1
RET-006211,ORD-074081,2025-02-10,Not as Described,1
RET-006212,ORD-074090,2025-02-07,Not as Described,1
RET-006213,ORD-074101,2025-02-03,Not as Described,2
RET-006214,ORD-074129,2025-01-30,Not as Described,1
RET-006215,ORD-074140,2025-01-26,Changed Mind,1
RET-006216,ORD-074141,2025-02-04,Size / Fit Issue,1
RET-006217,ORD-074176,2025-02-11,Not as Described,2
RET-006218,ORD-074199,2025-01-24,Wrong Item Delivered,1
RET-006219,ORD-074202,2025-02-10,Not as Described,1
RET-006220,ORD-074232,2025-02-10,Size / Fit Issue,1
RET-006221,ORD-074233,2025-02-05,Defective / Damaged,1
RET-006222,ORD-074243,2025-03-20,Defective / Damaged,2
RET-006223,ORD-074244,2025-02-09,Wrong Item Delivered,1
RET-006224,ORD-074246,2025-01-30,Defective / Damaged,1
RET-006225,ORD-074251,2025-01-30,Found Better Price,1
RET-006226,ORD-074258,2025-02-02,Wrong Item Delivered,1
RET-006227,ORD-074285,2025-01-25,Late Delivery,1
RET-006228,ORD-074293,2025-07-03,Size / Fit Issue,1
RET-006229,ORD-074295,2025-02-05,Wrong Item Delivered,4
RET-006230,ORD-074323,2025-02-12,Missing Parts / Accessories,1
RET-006231,ORD-074379,2025-02-12,Size / Fit Issue,1
RET-006232,ORD-074393,2025-02-07,Size / Fit Issue,1
RET-006233,ORD-074400,2025-02-06,Late Delivery,1
RET-006234,ORD-074451,2025-02-05,Changed Mind,1
RET-006235,ORD-074456,2025-02-03,Not as Described,1
RET-006236,ORD-074458,2025-03-25,Size / Fit Issue,1
RET-006237,ORD-074465,2025-02-03,Wrong Item Delivered,1
RET-006238,ORD-074469,2025-02-07,Not as Described,3
RET-006239,ORD-074483,2025-02-05,Not as Described,2
RET-006240,ORD-074486,2025-02-15,Found Better Price,1
RET-006241,ORD-074506,2025-02-03,Defective / Damaged,2
RET-006242,ORD-074530,2025-02-04,Not as Described,1
RET-006243,ORD-074533,2025-02-03,Found Better Price,1
RET-006244,ORD-074536,2025-02-13,Late Delivery,1
RET-006245,ORD-074551,2025-02-09,Found Better Price,1
RET-006246,ORD-074587,2025-02-12,Defective / Damaged,1
RET-006247,ORD-074625,2025-02-12,Not as Described,1
RET-006248,ORD-074647,2025-02-03,Defective / Damaged,1
RET-006249,ORD-074648,2025-05-28,Defective / Damaged,1
RET-006250,ORD-074679,2025-01-31,Size / Fit Issue,3
RET-006251,ORD-074681,2025-02-13,Not as Described,2
RET-006252,ORD-074702,2025-02-10,Changed Mind,4
RET-006253,ORD-074713,2025-01-30,Changed Mind,1
RET-006254,ORD-074723,2025-02-03,Wrong Item Delivered,1
RET-006255,ORD-074725,2025-02-07,Found Better Price,1
RET-006256,ORD-074741,2025-02-03,Defective / Damaged,1
RET-006257,ORD-074743,2025-02-03,Size / Fit Issue,1
RET-006258,ORD-074747,2025-01-31,Not as Described,1
RET-006259,ORD-074752,2025-02-05,Changed Mind,1
RET-006260,ORD-074753,2025-02-17,Missing Parts / Accessories,1
RET-006261,ORD-074765,2025-02-07,Late Delivery,2
RET-006262,ORD-074766,2025-02-07,Late Delivery,1
RET-006263,ORD-074787,2025-01-31,Late Delivery,2
RET-006264,ORD-074788,2025-02-06,Found Better Price,3
RET-006265,ORD-074796,2025-02-13,Late Delivery,1
RET-006266,ORD-074831,2025-02-14,Not as Described,1
RET-006267,ORD-074832,2025-02-15,Found Better Price,1
RET-006268,ORD-074868,2025-02-10,Defective / Damaged,1
RET-006269,ORD-074869,2025-02-13,Found Better Price,2
RET-006270,ORD-074872,2025-02-11,Defective / Damaged,2
RET-006271,ORD-074888,2025-02-09,Changed Mind,2
RET-006272,ORD-074891,2025-02-02,Changed Mind,1
RET-006273,ORD-074898,2025-02-12,Defective / Damaged,1
RET-006274,ORD-074911,2025-02-10,Wrong Item Delivered,1
RET-006275,ORD-074912,2025-02-01,Size / Fit Issue,1
RET-006276,ORD-074917,2025-02-11,Defective / Damaged,1
RET-006277,ORD-074920,2025-02-07,Not as Described,2
RET-006278,ORD-074924,2025-02-19,Wrong Item Delivered,1
RET-006279,ORD-074929,2025-02-04,Late Delivery,1
RET-006280,ORD-074933,2025-02-09,Defective / Damaged,4
RET-006281,ORD-074956,2025-02-12,Not as Described,1
RET-006282,ORD-074990,2025-05-24,Size / Fit Issue,3
RET-006283,ORD-075026,2025-02-11,Size / Fit Issue,1
RET-006284,ORD-075046,2025-02-10,Found Better Price,2
RET-006285,ORD-075052,2025-02-07,Changed Mind,1
RET-006286,ORD-075062,2025-02-21,Defective / Damaged,1
RET-006287,ORD-075086,2025-02-18,Late Delivery,1
RET-006288,ORD-075091,2025-02-16,Not as Described,1
RET-006289,ORD-075096,2025-02-05,Wrong Item Delivered,1
RET-006290,ORD-075110,2025-02-18,Found Better Price,1
RET-006291,ORD-075114,2025-04-12,Changed Mind,1
RET-006292,ORD-075130,2025-02-04,Wrong Item Delivered,1
RET-006293,ORD-075142,2025-02-07,Size / Fit Issue,1
RET-006294,ORD-075147,2025-02-22,Not as Described,1
RET-006295,ORD-075150,2025-02-06,Found Better Price,1
RET-006296,ORD-075191,2025-06-24,Changed Mind,2
RET-006297,ORD-075192,2025-02-15,Not as Described,1
RET-006298,ORD-075194,2025-02-19,Size / Fit Issue,1
RET-006299,ORD-075195,2025-02-18,Found Better Price,1
RET-006300,ORD-075197,2025-02-19,Changed Mind,1
RET-006301,ORD-075217,2025-02-15,Changed Mind,2
RET-006302,ORD-075220,2025-02-14,Changed Mind,1
RET-006303,ORD-075226,2025-02-08,Found Better Price,1
RET-006304,ORD-075259,2025-02-11,Late Delivery,2
RET-006305,ORD-075279,2025-02-11,Wrong Item Delivered,1
RET-006306,ORD-075300,2025-02-20,Wrong Item Delivered,1
RET-006307,ORD-075302,2025-02-11,Late Delivery,1
RET-006308,ORD-075304,2025-02-06,Size / Fit Issue,1
RET-006309,ORD-075306,2025-02-17,Not as Described,1
RET-006310,ORD-075310,2025-02-18,Late Delivery,1
RET-006311,ORD-075317,2025-02-22,Changed Mind,1
RET-006312,ORD-075322,2025-02-07,Defective / Damaged,1
RET-006313,ORD-075341,2025-02-08,Changed Mind,1
RET-006314,ORD-075345,2025-02-12,Late Delivery,1
RET-006315,ORD-075358,2025-02-12,Not as Described,1
RET-006316,ORD-075386,2025-02-14,Changed Mind,1
RET-006317,ORD-075408,2025-02-14,Not as Described,1
RET-006318,ORD-075410,2025-02-08,Not as Described,1
RET-006319,ORD-075428,2025-02-19,Size / Fit Issue,1
RET-006320,ORD-075429,2025-02-22,Not as Described,1
RET-006321,ORD-075430,2025-02-15,Not as Described,1
RET-006322,ORD-075432,2025-02-20,Missing Parts / Accessories,2
RET-006323,ORD-075438,2025-02-13,Wrong Item Delivered,1
RET-006324,ORD-075454,2025-02-21,Found Better Price,1
RET-006325,ORD-075467,2025-02-09,Found Better Price,3
RET-006326,ORD-075470,2025-02-12,Defective / Damaged,2
RET-006327,ORD-075499,2025-02-20,Size / Fit Issue,1
RET-006328,ORD-075552,2025-06-30,Size / Fit Issue,1
RET-006329,ORD-075562,2025-02-09,Defective / Damaged,1
RET-006330,ORD-075589,2025-02-09,Size / Fit Issue,2
RET-006331,ORD-075601,2025-02-24,Not as Described,3
RET-006332,ORD-075611,2025-05-14,Defective / Damaged,1
RET-006333,ORD-075618,2025-02-15,Late Delivery,1
RET-006334,ORD-075643,2025-05-01,Late Delivery,1
RET-006335,ORD-075666,2025-02-12,Size / Fit Issue,1
RET-006336,ORD-075671,2025-03-24,Found Better Price,1
RET-006337,ORD-075674,2025-02-21,Found Better Price,2
RET-006338,ORD-075694,2025-04-20,Wrong Item Delivered,1
RET-006339,ORD-075706,2025-02-25,Changed Mind,3
RET-006340,ORD-075721,2025-02-20,Changed Mind,2
RET-006341,ORD-075731,2025-02-26,Changed Mind,3
RET-006342,ORD-075740,2025-02-27,Changed Mind,1
RET-006343,ORD-075764,2025-05-04,Not as Described,2
RET-006344,ORD-075782,2025-02-16,Found Better Price,1
RET-006345,ORD-075819,2025-02-23,Size / Fit Issue,1
RET-006346,ORD-075821,2025-02-21,Reason Not Specified,1
RET-006347,ORD-075824,2025-02-25,Not as Described,1
RET-006348,ORD-075849,2025-03-02,Changed Mind,1
RET-006349,ORD-075859,2025-02-27,Missing Parts / Accessories,1
RET-006350,ORD-075866,2025-02-21,Wrong Item Delivered,1
RET-006351,ORD-075872,2025-02-25,Late Delivery,2
RET-006352,ORD-075882,2025-02-27,Defective / Damaged,1
RET-006353,ORD-075893,2025-02-23,Late Delivery,1
RET-006354,ORD-075920,2025-03-03,Found Better Price,2
RET-006355,ORD-075937,2025-02-16,Late Delivery,1
RET-006356,ORD-075962,2025-03-01,Defective / Damaged,1
RET-006357,ORD-075963,2025-02-22,Not as Described,1
RET-006358,ORD-075969,2025-07-11,Changed Mind,1
RET-006359,ORD-076013,2025-04-22,Late Delivery,3
RET-006360,ORD-076018,2025-02-22,Not as Described,1
RET-006361,ORD-076041,2025-03-02,Wrong Item Delivered,3
RET-006362,ORD-076046,2025-03-03,Size / Fit Issue,3
RET-006363,ORD-076047,2025-03-02,Found Better Price,1
RET-006364,ORD-076049,2025-02-15,Wrong Item Delivered,1
RET-006365,ORD-076077,2025-02-17,Missing Parts / Accessories,1
RET-006366,ORD-076093,2025-03-04,Wrong Item Delivered,2
RET-006367,ORD-076094,2025-06-19,Late Delivery,1
RET-006368,ORD-076097,2025-03-04,Defective / Damaged,1
RET-006369,ORD-076103,2025-02-24,Missing Parts / Accessories,1
RET-006370,ORD-076104,2025-03-02,Size / Fit Issue,1
RET-006371,ORD-076105,2025-02-15,Wrong Item Delivered,1
RET-006372,ORD-076106,2025-02-18,Wrong Item Delivered,1
RET-006373,ORD-076109,2025-02-26,Found Better Price,2
RET-006374,ORD-076116,2025-02-27,Not as Described,1
RET-006375,ORD-076126,2025-02-25,Wrong Item Delivered,1
RET-006376,ORD-076164,2025-02-17,Found Better Price,1
RET-006377,ORD-076170,2025-02-22,Changed Mind,1
RET-006378,ORD-076177,2025-02-22,Changed Mind,1
RET-006379,ORD-076192,2025-03-03,Size / Fit Issue,1
RET-006380,ORD-076199,2025-03-06,Not as Described,1
RET-006381,ORD-076226,2025-02-21,Late Delivery,1
RET-006382,ORD-076234,2025-06-02,Wrong Item Delivered,1
RET-006383,ORD-076254,2025-03-05,Reason Not Specified,1
RET-006384,ORD-076282,2025-02-18,Size / Fit Issue,1
RET-006385,ORD-076287,2025-03-02,Changed Mind,1
RET-006386,ORD-076302,2025-03-08,Late Delivery,1
RET-006387,ORD-076310,2025-02-21,Late Delivery,1
RET-006388,ORD-076332,2025-02-19,Changed Mind,1
RET-006389,ORD-076344,2025-03-02,Not as Described,1
RET-006390,ORD-076348,2025-03-03,Changed Mind,1
RET-006391,ORD-076363,2025-02-25,Changed Mind,1
RET-006392,ORD-076366,2025-02-18,Found Better Price,1
RET-006393,ORD-076377,2025-03-09,Wrong Item Delivered,1
RET-006394,ORD-076416,2025-03-02,Late Delivery,1
RET-006395,ORD-076419,2025-02-25,Changed Mind,2
RET-006396,ORD-076429,2025-03-08,Not as Described,2
RET-006397,ORD-076459,2025-02-23,Changed Mind,3
RET-006398,ORD-076481,2025-04-20,Not as Described,1
RET-006399,ORD-076484,2025-07-12,Size / Fit Issue,1
RET-006400,ORD-076493,2025-03-06,Late Delivery,1
RET-006401,ORD-076499,2025-02-25,Reason Not Specified,1
RET-006402,ORD-076511,2025-03-10,Changed Mind,1
RET-006403,ORD-076516,2025-03-07,Changed Mind,1
RET-006404,ORD-076517,2025-03-01,Changed Mind,8
RET-006405,ORD-076525,2025-03-10,Changed Mind,1
RET-006406,ORD-076533,2025-06-15,Found Better Price,1
RET-006407,ORD-076536,2025-02-28,Missing Parts / Accessories,1
RET-006408,ORD-076545,2025-02-22,Defective / Damaged,1
RET-006409,ORD-076572,2025-03-02,Changed Mind,1
RET-006410,ORD-076588,2025-02-21,Found Better Price,1
RET-006411,ORD-076595,2025-03-02,Not as Described,2
RET-006412,ORD-076613,2025-03-04,Late Delivery,1
RET-006413,ORD-076631,2025-03-11,Size / Fit Issue,1
RET-006414,ORD-076636,2025-02-23,Found Better Price,1
RET-006415,ORD-076646,2025-03-04,Defective / Damaged,1
RET-006416,ORD-076649,2025-02-25,Size / Fit Issue,1
RET-006417,ORD-076682,2025-07-04,Found Better Price,1
RET-006418,ORD-076698,2025-02-25,Not as Described,1
RET-006419,ORD-076700,2025-03-09,Not as Described,1
RET-006420,ORD-076703,2025-08-07,Wrong Item Delivered,1
RET-006421,ORD-076704,2025-02-22,Late Delivery,1
RET-006422,ORD-076715,2025-03-11,Size / Fit Issue,1
RET-006423,ORD-076752,2025-06-16,Size / Fit Issue,1
RET-006424,ORD-076777,2025-03-01,Defective / Damaged,1
RET-006425,ORD-076784,2025-02-23,Size / Fit Issue,2
RET-006426,ORD-076786,2025-02-25,Not as Described,1
RET-006427,ORD-076801,2025-02-25,Changed Mind,1
RET-006428,ORD-076804,2025-02-27,Changed Mind,1
RET-006429,ORD-076816,2025-03-04,Wrong Item Delivered,1
RET-006430,ORD-076828,2025-02-26,Late Delivery,1
RET-006431,ORD-076851,2025-03-06,Late Delivery,2
RET-006432,ORD-076853,2025-03-12,Late Delivery,1
RET-006433,ORD-076861,2025-03-02,Missing Parts / Accessories,1
RET-006434,ORD-076881,2025-02-24,Size / Fit Issue,1
RET-006435,ORD-076882,2025-02-24,Changed Mind,2
RET-006436,ORD-076915,2025-05-24,Changed Mind,1
RET-006437,ORD-076918,2025-02-25,Not as Described,1
RET-006438,ORD-076940,2025-03-09,Size / Fit Issue,2
RET-006439,ORD-076941,2025-03-12,Wrong Item Delivered,1
RET-006440,ORD-076945,2025-02-27,Not as Described,1
RET-006441,ORD-076947,2025-02-27,Found Better Price,1
RET-006442,ORD-076955,2025-02-27,Found Better Price,1
RET-006443,ORD-076959,2025-06-29,Size / Fit Issue,1
RET-006444,ORD-076992,2025-03-09,Not as Described,1
RET-006445,ORD-077010,2025-03-07,Changed Mind,1
RET-006446,ORD-077015,2025-03-09,Changed Mind,4
RET-006447,ORD-077039,2025-03-01,Wrong Item Delivered,1
RET-006448,ORD-077073,2025-03-04,Defective / Damaged,2
RET-006449,ORD-077078,2025-03-12,Late Delivery,1
RET-006450,ORD-077080,2025-07-03,Size / Fit Issue,1
RET-006451,ORD-077093,2025-03-13,Size / Fit Issue,1
RET-006452,ORD-077099,2025-03-05,Changed Mind,1
RET-006453,ORD-077104,2025-03-05,Changed Mind,1
RET-006454,ORD-077130,2025-03-17,Found Better Price,1
RET-006455,ORD-077135,2025-03-11,Missing Parts / Accessories,1
RET-006456,ORD-077137,2025-03-04,Changed Mind,1
RET-006457,ORD-077161,2025-03-10,Size / Fit Issue,4
RET-006458,ORD-077164,2025-03-09,Not as Described,1
RET-006459,ORD-077167,2025-03-09,Defective / Damaged,1
RET-006460,ORD-077168,2025-03-02,Wrong Item Delivered,1
RET-006461,ORD-077228,2025-03-02,Defective / Damaged,1
RET-006462,ORD-077231,2025-03-13,Defective / Damaged,2
RET-006463,ORD-077250,2025-04-15,Found Better Price,1
RET-006464,ORD-077253,2025-03-02,Found Better Price,1
RET-006465,ORD-077258,2025-03-19,Changed Mind,2
RET-006466,ORD-077261,2025-03-03,Changed Mind,2
RET-006467,ORD-077265,2025-03-01,Not as Described,1
RET-006468,ORD-077269,2025-03-12,Size / Fit Issue,1
RET-006469,ORD-077276,2025-03-15,Size / Fit Issue,3
RET-006470,ORD-077285,2025-03-08,Defective / Damaged,1
RET-006471,ORD-077296,2025-03-14,Defective / Damaged,1
RET-006472,ORD-077298,2025-03-11,Defective / Damaged,1
RET-006473,ORD-077309,2025-03-07,Found Better Price,1
RET-006474,ORD-077315,2025-03-11,Changed Mind,4
RET-006475,ORD-077327,2025-03-09,Late Delivery,1
RET-006476,ORD-077346,2025-03-12,Wrong Item Delivered,1
RET-006477,ORD-077362,2025-03-19,Found Better Price,3
RET-006478,ORD-077365,2025-03-15,Missing Parts / Accessories,1
RET-006479,ORD-077384,2025-03-06,Wrong Item Delivered,1
RET-006480,ORD-077393,2025-03-16,Not as Described,1
RET-006481,ORD-077449,2025-03-17,Found Better Price,1
RET-006482,ORD-077451,2025-03-14,Not as Described,1
RET-006483,ORD-077452,2025-03-10,Found Better Price,1
RET-006484,ORD-077475,2025-03-11,Defective / Damaged,1
RET-006485,ORD-077477,2025-03-19,Not as Described,1
RET-006486,ORD-077493,2025-03-15,Size / Fit Issue,1
RET-006487,ORD-077503,2025-03-10,Wrong Item Delivered,1
RET-006488,ORD-077550,2025-03-21,Missing Parts / Accessories,1
RET-006489,ORD-077607,2025-03-15,Wrong Item Delivered,1
RET-006490,ORD-077625,2025-03-10,Changed Mind,1
RET-006491,ORD-077627,2025-03-07,Changed Mind,1
RET-006492,ORD-077650,2025-03-15,Changed Mind,1
RET-006493,ORD-077654,2025-03-19,Wrong Item Delivered,1
RET-006494,ORD-077672,2025-08-13,Not as Described,1
RET-006495,ORD-077683,2025-03-18,Found Better Price,1
RET-006496,ORD-077694,2025-03-12,Changed Mind,1
RET-006497,ORD-077724,2025-03-11,Found Better Price,1
RET-006498,ORD-077749,2025-03-09,Defective / Damaged,1
RET-006499,ORD-077755,2025-03-15,Not as Described,1
RET-006500,ORD-077770,2025-03-10,Changed Mind,1
RET-006501,ORD-077778,2025-03-15,Late Delivery,1
RET-006502,ORD-077804,2025-03-11,Missing Parts / Accessories,1
RET-006503,ORD-077819,2025-03-17,Defective / Damaged,1
RET-006504,ORD-077844,2025-03-21,Size / Fit Issue,1
RET-006505,ORD-077872,2025-03-25,Late Delivery,1
RET-006506,ORD-077877,2025-03-20,Changed Mind,1
RET-006507,ORD-077886,2025-03-25,Size / Fit Issue,1
RET-006508,ORD-077918,2025-03-21,Found Better Price,2
RET-006509,ORD-077924,2025-03-18,Defective / Damaged,1
RET-006510,ORD-077928,2025-03-15,Found Better Price,1
RET-006511,ORD-077931,2025-03-14,Size / Fit Issue,2
RET-006512,ORD-077947,2025-03-21,Not as Described,1
RET-006513,ORD-077948,2025-03-14,Changed Mind,1
RET-006514,ORD-077953,2025-03-17,Changed Mind,1
RET-006515,ORD-077959,2025-03-09,Defective / Damaged,1
RET-006516,ORD-077970,2025-03-14,Changed Mind,1
RET-006517,ORD-077971,2025-03-11,Size / Fit Issue,2
RET-006518,ORD-077973,2025-03-19,Changed Mind,1
RET-006519,ORD-077987,2025-03-17,Missing Parts / Accessories,1
RET-006520,ORD-077991,2025-03-25,Late Delivery,1
RET-006521,ORD-077999,2025-03-10,Defective / Damaged,1
RET-006522,ORD-078014,2025-03-25,Late Delivery,1
RET-006523,ORD-078022,2025-03-19,Defective / Damaged,2
RET-006524,ORD-078033,2025-03-20,Defective / Damaged,1
RET-006525,ORD-078044,2025-03-26,Defective / Damaged,2
RET-006526,ORD-078054,2025-03-15,Late Delivery,1
RET-006527,ORD-078061,2025-03-27,Late Delivery,3
RET-006528,ORD-078062,2025-06-13,Size / Fit Issue,1
RET-006529,ORD-078063,2025-03-24,Late Delivery,1
RET-006530,ORD-078064,2025-03-17,Wrong Item Delivered,1
RET-006531,ORD-078069,2025-03-24,Found Better Price,2
RET-006532,ORD-078083,2025-03-17,Size / Fit Issue,1
RET-006533,ORD-078090,2025-03-15,Missing Parts / Accessories,1
RET-006534,ORD-078091,2025-03-23,Late Delivery,3
RET-006535,ORD-078099,2025-03-24,Changed Mind,1
RET-006536,ORD-078101,2025-03-24,Wrong Item Delivered,1
RET-006537,ORD-078141,2025-03-13,Late Delivery,1
RET-006538,ORD-078191,2025-03-21,Changed Mind,1
RET-006539,ORD-078199,2025-03-24,Changed Mind,1
RET-006540,ORD-078202,2025-03-24,Changed Mind,1
RET-006541,ORD-078205,2025-03-16,Not as Described,1
RET-006542,ORD-078206,2025-05-28,Found Better Price,1
RET-006543,ORD-078226,2025-03-16,Late Delivery,1
RET-006544,ORD-078233,2025-06-14,Found Better Price,1
RET-006545,ORD-078244,2025-03-12,Found Better Price,1
RET-006546,ORD-078262,2025-03-11,Found Better Price,1
RET-006547,ORD-078271,2025-03-21,Late Delivery,1
RET-006548,ORD-078279,2025-03-18,Not as Described,1
RET-006549,ORD-078291,2025-03-26,Reason Not Specified,1
RET-006550,ORD-078302,2025-03-14,Not as Described,1
RET-006551,ORD-078305,2025-03-23,Not as Described,3
RET-006552,ORD-078316,2025-03-15,Changed Mind,1
RET-006553,ORD-078323,2025-03-21,Not as Described,2
RET-006554,ORD-078345,2025-03-24,Size / Fit Issue,1
RET-006555,ORD-078349,2025-03-25,Wrong Item Delivered,1
RET-006556,ORD-078353,2025-03-21,Defective / Damaged,1
RET-006557,ORD-078360,2025-03-16,Found Better Price,1
RET-006558,ORD-078371,2025-03-26,Defective / Damaged,1
RET-006559,ORD-078384,2025-03-17,Size / Fit Issue,1
RET-006560,ORD-078407,2025-03-25,Not as Described,1
RET-006561,ORD-078411,2025-05-10,Changed Mind,1
RET-006562,ORD-078413,2025-03-31,Wrong Item Delivered,1
RET-006563,ORD-078416,2025-03-18,Wrong Item Delivered,1
RET-006564,ORD-078425,2025-03-25,Not as Described,1
RET-006565,ORD-078426,2025-03-15,Size / Fit Issue,1
RET-006566,ORD-078427,2025-03-31,Not as Described,1
RET-006567,ORD-078446,2025-03-24,Changed Mind,1
RET-006568,ORD-078452,2025-03-26,Late Delivery,1
RET-006569,ORD-078455,2025-03-24,Size / Fit Issue,1
RET-006570,ORD-078462,2025-05-29,Missing Parts / Accessories,1
RET-006571,ORD-078463,2025-03-14,Not as Described,1
RET-006572,ORD-078470,2025-03-31,Changed Mind,1
RET-006573,ORD-078478,2025-03-30,Size / Fit Issue,1
RET-006574,ORD-078481,2025-03-17,Defective / Damaged,5
RET-006575,ORD-078511,2025-03-19,Wrong Item Delivered,1
RET-006576,ORD-078524,2025-03-21,Late Delivery,1
RET-006577,ORD-078542,2025-03-24,Size / Fit Issue,1
RET-006578,ORD-078548,2025-06-28,Changed Mind,1
RET-006579,ORD-078555,2025-03-20,Size / Fit Issue,1
RET-006580,ORD-078570,2025-03-18,Not as Described,1
RET-006581,ORD-078579,2025-03-26,Changed Mind,1
RET-006582,ORD-078586,2025-03-20,Size / Fit Issue,1
RET-006583,ORD-078601,2025-03-24,Late Delivery,1
RET-006584,ORD-078610,2025-03-15,Found Better Price,1
RET-006585,ORD-078612,2025-03-20,Found Better Price,3
RET-006586,ORD-078617,2025-03-23,Defective / Damaged,1
RET-006587,ORD-078620,2025-03-27,Late Delivery,1
RET-006588,ORD-078708,2025-03-29,Changed Mind,1
RET-006589,ORD-078718,2025-04-03,Late Delivery,1
RET-006590,ORD-078736,2025-04-02,Changed Mind,1
RET-006591,ORD-078752,2025-03-27,Changed Mind,2
RET-006592,ORD-078761,2025-03-23,Defective / Damaged,1
RET-006593,ORD-078793,2025-03-29,Not as Described,1
RET-006594,ORD-078860,2025-03-20,Late Delivery,1
RET-006595,ORD-078866,2025-03-17,Size / Fit Issue,1
RET-006596,ORD-078876,2025-04-04,Changed Mind,2
RET-006597,ORD-078881,2025-03-19,Size / Fit Issue,1
RET-006598,ORD-078898,2025-03-27,Missing Parts / Accessories,1
RET-006599,ORD-078901,2025-03-25,Late Delivery,1
RET-006600,ORD-078917,2025-03-31,Changed Mind,1
RET-006601,ORD-078933,2025-03-20,Not as Described,1
RET-006602,ORD-078952,2025-03-18,Late Delivery,1
RET-006603,ORD-078961,2025-04-02,Wrong Item Delivered,3
RET-006604,ORD-078962,2025-03-22,Defective / Damaged,1
RET-006605,ORD-078985,2025-03-25,Not as Described,1
RET-006606,ORD-079003,2025-03-26,Not as Described,1
RET-006607,ORD-079012,2025-03-30,Defective / Damaged,1
RET-006608,ORD-079014,2025-03-27,Not as Described,1
RET-006609,ORD-079016,2025-03-30,Changed Mind,1
RET-006610,ORD-079029,2025-07-09,Changed Mind,1
RET-006611,ORD-079030,2025-03-31,Late Delivery,1
RET-006612,ORD-079032,2025-04-02,Defective / Damaged,1
RET-006613,ORD-079073,2025-04-04,Wrong Item Delivered,1
RET-006614,ORD-079075,2025-04-06,Changed Mind,1
RET-006615,ORD-079082,2025-04-01,Late Delivery,1
RET-006616,ORD-079091,2025-03-24,Not as Described,1
RET-006617,ORD-079129,2025-05-19,Changed Mind,1
RET-006618,ORD-079135,2025-03-24,Late Delivery,3
RET-006619,ORD-079144,2025-04-06,Not as Described,2
RET-006620,ORD-079150,2025-03-25,Late Delivery,1
RET-006621,ORD-079162,2025-04-01,Not as Described,2
RET-006622,ORD-079171,2025-04-06,Size / Fit Issue,1
RET-006623,ORD-079184,2025-03-23,Reason Not Specified,1
RET-006624,ORD-079199,2025-04-02,Defective / Damaged,1
RET-006625,ORD-079206,2025-03-28,Changed Mind,2
RET-006626,ORD-079219,2025-04-16,Not as Described,1
RET-006627,ORD-079220,2025-04-02,Late Delivery,3
RET-006628,ORD-079225,2025-05-30,Defective / Damaged,1
RET-006629,ORD-079231,2025-03-22,Defective / Damaged,1
RET-006630,ORD-079236,2025-03-31,Size / Fit Issue,1
RET-006631,ORD-079255,2025-04-04,Size / Fit Issue,1
RET-006632,ORD-079280,2025-03-28,Changed Mind,1
RET-006633,ORD-079292,2025-03-25,Wrong Item Delivered,1
RET-006634,ORD-079301,2025-03-31,Missing Parts / Accessories,8
RET-006635,ORD-079306,2025-03-29,Changed Mind,1
RET-006636,ORD-079324,2025-04-08,Late Delivery,1
RET-006637,ORD-079329,2025-04-01,Found Better Price,2
RET-006638,ORD-079335,2025-03-28,Late Delivery,3
RET-006639,ORD-079336,2025-03-27,Size / Fit Issue,1
RET-006640,ORD-079342,2025-04-03,Not as Described,1
RET-006641,ORD-079350,2025-03-22,Late Delivery,1
RET-006642,ORD-079351,2025-04-02,Found Better Price,1
RET-006643,ORD-079361,2025-05-24,Late Delivery,1
RET-006644,ORD-079377,2025-04-04,Changed Mind,1
RET-006645,ORD-079381,2025-03-31,Not as Described,1
RET-006646,ORD-079385,2025-04-06,Changed Mind,1
RET-006647,ORD-079387,2025-07-05,Changed Mind,1
RET-006648,ORD-079388,2025-03-27,Found Better Price,1
RET-006649,ORD-079414,2025-03-28,Size / Fit Issue,2
RET-006650,ORD-079418,2025-04-10,Defective / Damaged,1
RET-006651,ORD-079425,2025-03-30,Late Delivery,4
RET-006652,ORD-079432,2025-03-26,Defective / Damaged,1
RET-006653,ORD-079441,2025-04-03,Late Delivery,1
RET-006654,ORD-079488,2025-03-31,Changed Mind,3
RET-006655,ORD-079492,2025-04-03,Size / Fit Issue,1
RET-006656,ORD-079494,2025-03-28,Changed Mind,1
RET-006657,ORD-079496,2025-03-29,Defective / Damaged,1
RET-006658,ORD-079498,2025-04-09,Late Delivery,1
RET-006659,ORD-079503,2025-04-05,Found Better Price,1
RET-006660,ORD-079516,2025-04-10,Not as Described,1
RET-006661,ORD-079536,2025-03-29,Late Delivery,1
RET-006662,ORD-079544,2025-04-07,Wrong Item Delivered,1
RET-006663,ORD-079570,2025-04-24,Size / Fit Issue,2
RET-006664,ORD-079583,2025-03-27,Missing Parts / Accessories,1
RET-006665,ORD-079591,2025-03-26,Changed Mind,1
RET-006666,ORD-079618,2025-03-26,Size / Fit Issue,1
RET-006667,ORD-079622,2025-04-08,Not as Described,1
RET-006668,ORD-079644,2025-03-30,Defective / Damaged,2
RET-006669,ORD-079646,2025-04-03,Not as Described,1
RET-006670,ORD-079650,2025-04-06,Not as Described,1
RET-006671,ORD-079651,2025-07-31,Changed Mind,1
RET-006672,ORD-079658,2025-04-05,Not as Described,1
RET-006673,ORD-079661,2025-03-31,Size / Fit Issue,3
RET-006674,ORD-079676,2025-04-01,Found Better Price,2
RET-006675,ORD-079677,2025-04-09,Size / Fit Issue,1
RET-006676,ORD-079680,2025-03-28,Found Better Price,1
RET-006677,ORD-079692,2025-04-06,Found Better Price,1
RET-006678,ORD-079705,2025-04-01,Late Delivery,1
RET-006679,ORD-079706,2025-04-03,Late Delivery,1
RET-006680,ORD-079723,2025-04-04,Changed Mind,1
RET-006681,ORD-079731,2025-03-29,Wrong Item Delivered,1
RET-006682,ORD-079740,2025-04-13,Size / Fit Issue,4
RET-006683,ORD-079744,2025-04-01,Late Delivery,1
RET-006684,ORD-079749,2025-04-07,Late Delivery,1
RET-006685,ORD-079759,2025-03-26,Size / Fit Issue,1
RET-006686,ORD-079772,2025-03-30,Changed Mind,1
RET-006687,ORD-079782,2025-03-28,Wrong Item Delivered,3
RET-006688,ORD-079786,2025-06-19,Defective / Damaged,1
RET-006689,ORD-079789,2025-06-12,Late Delivery,1
RET-006690,ORD-079791,2025-04-12,Wrong Item Delivered,1
RET-006691,ORD-079839,2025-06-30,Found Better Price,1
RET-006692,ORD-079840,2025-04-01,Size / Fit Issue,1
RET-006693,ORD-079857,2025-03-28,Wrong Item Delivered,1
RET-006694,ORD-079872,2025-03-28,Late Delivery,3
RET-006695,ORD-079875,2025-04-10,Late Delivery,1
RET-006696,ORD-079893,2025-04-07,Found Better Price,1
RET-006697,ORD-079902,2025-04-02,Size / Fit Issue,1
RET-006698,ORD-079908,2025-04-05,Not as Described,1
RET-006699,ORD-079917,2025-04-12,Missing Parts / Accessories,1
RET-006700,ORD-079925,2025-04-05,Defective / Damaged,1
RET-006701,ORD-079936,2025-03-30,Not as Described,1
RET-006702,ORD-079940,2025-04-10,Size / Fit Issue,1
RET-006703,ORD-079949,2025-04-01,Not as Described,1
RET-006704,ORD-079979,2025-04-03,Wrong Item Delivered,1
RET-006705,ORD-079998,2025-04-06,Not as Described,1
RET-006706,ORD-080000,2025-04-15,Size / Fit Issue,1
RET-006707,ORD-080027,2025-07-10,Wrong Item Delivered,1
RET-006708,ORD-080033,2025-04-09,Wrong Item Delivered,1
RET-006709,ORD-080034,2025-04-06,Wrong Item Delivered,1
RET-006710,ORD-080041,2025-04-07,Size / Fit Issue,1
RET-006711,ORD-080081,2025-04-11,Not as Described,1
RET-006712,ORD-080088,2025-04-05,Defective / Damaged,1
RET-006713,ORD-080094,2025-04-09,Late Delivery,1
RET-006714,ORD-080110,2025-04-10,Defective / Damaged,1
RET-006715,ORD-080113,2025-04-04,Wrong Item Delivered,2
RET-006716,ORD-080173,2025-04-10,Defective / Damaged,1
RET-006717,ORD-080181,2025-04-05,Size / Fit Issue,1
RET-006718,ORD-080183,2025-04-11,Found Better Price,1
RET-006719,ORD-080215,2025-04-17,Changed Mind,1
RET-006720,ORD-080248,2025-04-06,Found Better Price,2
RET-006721,ORD-080259,2025-04-02,Not as Described,1
RET-006722,ORD-080272,2025-04-12,Wrong Item Delivered,4
RET-006723,ORD-080282,2025-04-11,Size / Fit Issue,1
RET-006724,ORD-080288,2025-04-08,Size / Fit Issue,1
RET-006725,ORD-080303,2025-04-18,Defective / Damaged,1
RET-006726,ORD-080324,2025-04-09,Late Delivery,1
RET-006727,ORD-080333,2025-04-18,Not as Described,1
RET-006728,ORD-080337,2025-04-06,Late Delivery,1
RET-006729,ORD-080338,2025-06-19,Changed Mind,3
RET-006730,ORD-080360,2025-04-04,Size / Fit Issue,1
RET-006731,ORD-080373,2025-04-05,Late Delivery,1
RET-006732,ORD-080383,2025-04-09,Changed Mind,1
RET-006733,ORD-080430,2025-04-08,Found Better Price,3
RET-006734,ORD-080433,2025-04-02,Not as Described,1
RET-006735,ORD-080440,2025-04-12,Not as Described,1
RET-006736,ORD-080457,2025-04-13,Wrong Item Delivered,1
RET-006737,ORD-080461,2025-04-12,Missing Parts / Accessories,2
RET-006738,ORD-080496,2025-04-09,Changed Mind,1
RET-006739,ORD-080516,2025-04-03,Not as Described,1
RET-006740,ORD-080521,2025-04-11,Size / Fit Issue,1
RET-006741,ORD-080540,2025-04-14,Not as Described,2
RET-006742,ORD-080547,2025-04-13,Defective / Damaged,2
RET-006743,ORD-080562,2025-04-20,Changed Mind,1
RET-006744,ORD-080563,2025-04-11,Changed Mind,1
RET-006745,ORD-080577,2025-04-09,Not as Described,3
RET-006746,ORD-080582,2025-04-07,Defective / Damaged,2
RET-006747,ORD-080591,2025-04-16,Changed Mind,3
RET-006748,ORD-080600,2025-04-07,Defective / Damaged,2
RET-006749,ORD-080601,2025-04-15,Not as Described,2
RET-006750,ORD-080607,2025-04-17,Changed Mind,1
RET-006751,ORD-080617,2025-07-02,Defective / Damaged,4
RET-006752,ORD-080652,2025-04-21,Not as Described,2
RET-006753,ORD-080695,2025-04-13,Changed Mind,1
RET-006754,ORD-080719,2025-04-14,Changed Mind,1
RET-006755,ORD-080723,2025-04-17,Size / Fit Issue,1
RET-006756,ORD-080751,2025-04-10,Not as Described,1
RET-006757,ORD-080766,2025-04-17,Changed Mind,1
RET-006758,ORD-080801,2025-04-23,Not as Described,1
RET-006759,ORD-080814,2025-04-15,Defective / Damaged,1
RET-006760,ORD-080816,2025-04-09,Size / Fit Issue,1
RET-006761,ORD-080828,2025-04-16,Late Delivery,1
RET-006762,ORD-080851,2025-04-15,Late Delivery,3
RET-006763,ORD-080859,2025-04-06,Not as Described,1
RET-006764,ORD-080866,2025-04-09,Late Delivery,2
RET-006765,ORD-080874,2025-04-10,Size / Fit Issue,1
RET-006766,ORD-080876,2025-04-21,Changed Mind,1
RET-006767,ORD-080899,2025-04-22,Not as Described,1
RET-006768,ORD-080945,2025-04-12,Changed Mind,1
RET-006769,ORD-080955,2025-04-10,Wrong Item Delivered,1
RET-006770,ORD-080967,2025-04-20,Size / Fit Issue,4
RET-006771,ORD-080993,2025-04-13,Size / Fit Issue,2
RET-006772,ORD-081003,2025-04-21,Wrong Item Delivered,1
RET-006773,ORD-081054,2025-04-23,Defective / Damaged,1
RET-006774,ORD-081075,2025-04-13,Late Delivery,1
RET-006775,ORD-081079,2025-04-23,Size / Fit Issue,1
RET-006776,ORD-081098,2025-04-18,Late Delivery,2
RET-006777,ORD-081136,2025-04-10,Not as Described,1
RET-006778,ORD-081144,2025-04-24,Defective / Damaged,1
RET-006779,ORD-081145,2025-04-24,Changed Mind,2
RET-006780,ORD-081165,2025-04-22,Late Delivery,1
RET-006781,ORD-081176,2025-04-13,Not as Described,1
RET-006782,ORD-081181,2025-06-20,Found Better Price,1
RET-006783,ORD-081182,2025-04-22,Wrong Item Delivered,1
RET-006784,ORD-081194,2025-04-18,Defective / Damaged,1
RET-006785,ORD-081196,2025-04-21,Not as Described,1
RET-006786,ORD-081210,2025-04-11,Late Delivery,1
RET-006787,ORD-081216,2025-04-22,Not as Described,1
RET-006788,ORD-081228,2025-04-20,Changed Mind,1
RET-006789,ORD-081232,2025-04-22,Not as Described,1
RET-006790,ORD-081237,2025-04-17,Wrong Item Delivered,1
RET-006791,ORD-081238,2025-04-20,Missing Parts / Accessories,1
RET-006792,ORD-081268,2025-04-16,Size / Fit Issue,1
RET-006793,ORD-081285,2025-04-28,Changed Mind,1
RET-006794,ORD-081352,2025-08-07,Found Better Price,3
RET-006795,ORD-081362,2025-08-07,Size / Fit Issue,2
RET-006796,ORD-081368,2025-04-20,Changed Mind,1
RET-006797,ORD-081379,2025-04-26,Changed Mind,1
RET-006798,ORD-081387,2025-04-14,Found Better Price,1
RET-006799,ORD-081391,2025-04-15,Changed Mind,1
RET-006800,ORD-081396,2025-04-19,Changed Mind,1
RET-006801,ORD-081411,2025-04-28,Found Better Price,1
RET-006802,ORD-081439,2025-04-27,Defective / Damaged,1
RET-006803,ORD-081441,2025-04-14,Late Delivery,1
RET-006804,ORD-081456,2025-04-12,Changed Mind,1
RET-006805,ORD-081464,2025-04-16,Missing Parts / Accessories,2
RET-006806,ORD-081467,2025-04-21,Late Delivery,2
RET-006807,ORD-081477,2025-04-29,Changed Mind,1
RET-006808,ORD-081492,2025-04-24,Not as Described,1
RET-006809,ORD-081505,2025-04-19,Defective / Damaged,1
RET-006810,ORD-081520,2025-04-28,Wrong Item Delivered,1
RET-006811,ORD-081521,2025-04-26,Not as Described,1
RET-006812,ORD-081529,2025-04-13,Changed Mind,1
RET-006813,ORD-081530,2025-04-30,Not as Described,1
RET-006814,ORD-081539,2025-04-15,Defective / Damaged,1
RET-006815,ORD-081544,2025-05-01,Size / Fit Issue,1
RET-006816,ORD-081546,2025-04-27,Changed Mind,1
RET-006817,ORD-081555,2025-04-19,Defective / Damaged,1
RET-006818,ORD-081557,2025-04-22,Late Delivery,1
RET-006819,ORD-081561,2025-04-29,Not as Described,1
RET-006820,ORD-081562,2025-06-27,Late Delivery,2
RET-006821,ORD-081581,2025-04-16,Size / Fit Issue,1
RET-006822,ORD-081593,2025-04-27,Late Delivery,3
RET-006823,ORD-081603,2025-04-20,Late Delivery,1
RET-006824,ORD-081633,2025-04-18,Late Delivery,1
RET-006825,ORD-081635,2025-04-20,Changed Mind,1
RET-006826,ORD-081658,2025-04-25,Changed Mind,1
RET-006827,ORD-081664,2025-05-02,Late Delivery,1
RET-006828,ORD-081694,2025-07-23,Size / Fit Issue,1
RET-006829,ORD-081706,2025-04-18,Defective / Damaged,1
RET-006830,ORD-081710,2025-04-28,Size / Fit Issue,4
RET-006831,ORD-081711,2025-05-02,Wrong Item Delivered,1
RET-006832,ORD-081717,2025-04-22,Late Delivery,2
RET-006833,ORD-081719,2025-04-21,Found Better Price,1
RET-006834,ORD-081727,2025-04-24,Wrong Item Delivered,1
RET-006835,ORD-081752,2025-04-25,Changed Mind,1
RET-006836,ORD-081765,2025-06-11,Not as Described,1
RET-006837,ORD-081770,2025-04-17,Found Better Price,2
RET-006838,ORD-081776,2025-07-12,Size / Fit Issue,1
RET-006839,ORD-081785,2025-04-21,Found Better Price,1
RET-006840,ORD-081788,2025-05-03,Wrong Item Delivered,1
RET-006841,ORD-081794,2025-04-27,Defective / Damaged,1
RET-006842,ORD-081802,2025-04-16,Not as Described,1
RET-006843,ORD-081826,2025-05-04,Found Better Price,1
RET-006844,ORD-081829,2025-04-21,Wrong Item Delivered,1
RET-006845,ORD-081839,2025-04-30,Late Delivery,1
RET-006846,ORD-081841,2025-04-17,Changed Mind,1
RET-006847,ORD-081847,2025-04-24,Late Delivery,1
RET-006848,ORD-081850,2025-06-20,Changed Mind,1
RET-006849,ORD-081860,2025-04-17,Wrong Item Delivered,1
RET-006850,ORD-081875,2025-04-26,Found Better Price,2
RET-006851,ORD-081880,2025-05-01,Changed Mind,1
RET-006852,ORD-081884,2025-04-29,Found Better Price,1
RET-006853,ORD-081894,2025-04-30,Found Better Price,3
RET-006854,ORD-081895,2025-05-05,Not as Described,1
RET-006855,ORD-081901,2025-04-22,Size / Fit Issue,1
RET-006856,ORD-081905,2025-04-29,Defective / Damaged,2
RET-006857,ORD-081906,2025-04-22,Late Delivery,1
RET-006858,ORD-081932,2025-04-24,Not as Described,1
RET-006859,ORD-081933,2025-04-20,Late Delivery,1
RET-006860,ORD-081934,2025-04-29,Wrong Item Delivered,4
RET-006861,ORD-081977,2025-05-01,Not as Described,1
RET-006862,ORD-081982,2025-04-27,Not as Described,5
RET-006863,ORD-081988,2025-04-27,Found Better Price,2
RET-006864,ORD-081993,2025-05-04,Missing Parts / Accessories,1
RET-006865,ORD-081998,2025-05-06,Defective / Damaged,1
RET-006866,ORD-082012,2025-05-03,Changed Mind,1
RET-006867,ORD-082051,2025-04-18,Late Delivery,1
RET-006868,ORD-082085,2025-07-15,Defective / Damaged,2
RET-006869,ORD-082118,2025-05-02,Found Better Price,1
RET-006870,ORD-082123,2025-05-06,Size / Fit Issue,2
RET-006871,ORD-082125,2025-05-04,Changed Mind,1
RET-006872,ORD-082158,2025-05-05,Late Delivery,1
RET-006873,ORD-082160,2025-05-04,Found Better Price,1
RET-006874,ORD-082175,2025-05-01,Defective / Damaged,1
RET-006875,ORD-082185,2025-04-28,Not as Described,1
RET-006876,ORD-082194,2025-04-23,Defective / Damaged,1
RET-006877,ORD-082215,2025-04-30,Found Better Price,1
RET-006878,ORD-082221,2025-05-03,Not as Described,1
RET-006879,ORD-082230,2025-05-04,Found Better Price,1
RET-006880,ORD-082233,2025-04-26,Defective / Damaged,1
RET-006881,ORD-082247,2025-04-21,Size / Fit Issue,2
RET-006882,ORD-082250,2025-05-07,Found Better Price,3
RET-006883,ORD-082259,2025-05-07,Wrong Item Delivered,2
RET-006884,ORD-082262,2025-04-24,Changed Mind,1
RET-006885,ORD-082265,2025-04-25,Changed Mind,1
RET-006886,ORD-082281,2025-04-25,Changed Mind,1
RET-006887,ORD-082290,2025-04-23,Found Better Price,2
RET-006888,ORD-082292,2025-04-30,Size / Fit Issue,1
RET-006889,ORD-082294,2025-04-28,Missing Parts / Accessories,2
RET-006890,ORD-082321,2025-05-05,Not as Described,1
RET-006891,ORD-082323,2025-04-30,Late Delivery,4
RET-006892,ORD-082332,2025-04-24,Late Delivery,1
RET-006893,ORD-082363,2025-05-06,Defective / Damaged,1
RET-006894,ORD-082383,2025-05-02,Defective / Damaged,1
RET-006895,ORD-082390,2025-04-27,Size / Fit Issue,1
RET-006896,ORD-082410,2025-05-03,Wrong Item Delivered,1
RET-006897,ORD-082422,2025-05-08,Defective / Damaged,2
RET-006898,ORD-082425,2025-04-23,Not as Described,1
RET-006899,ORD-082432,2025-05-02,Size / Fit Issue,1
RET-006900,ORD-082435,2025-04-26,Found Better Price,1
RET-006901,ORD-082437,2025-05-04,Size / Fit Issue,1
RET-006902,ORD-082451,2025-05-03,Size / Fit Issue,1
RET-006903,ORD-082457,2025-05-05,Changed Mind,1
RET-006904,ORD-082491,2025-05-21,Size / Fit Issue,1
RET-006905,ORD-082502,2025-05-09,Not as Described,1
RET-006906,ORD-082517,2025-05-02,Changed Mind,2
RET-006907,ORD-082528,2025-04-28,Wrong Item Delivered,1
RET-006908,ORD-082597,2025-04-26,Size / Fit Issue,1
RET-006909,ORD-082600,2025-04-29,Changed Mind,1
RET-006910,ORD-082626,2025-04-29,Size / Fit Issue,1
RET-006911,ORD-082641,2025-04-26,Wrong Item Delivered,1
RET-006912,ORD-082647,2025-05-01,Changed Mind,2
RET-006913,ORD-082665,2025-05-04,Found Better Price,1
RET-006914,ORD-082682,2025-05-05,Wrong Item Delivered,1
RET-006915,ORD-082686,2025-04-25,Found Better Price,2
RET-006916,ORD-082689,2025-05-06,Late Delivery,1
RET-006917,ORD-082700,2025-04-29,Defective / Damaged,1
RET-006918,ORD-082702,2025-05-06,Size / Fit Issue,1
RET-006919,ORD-082732,2025-05-10,Missing Parts / Accessories,1
RET-006920,ORD-082737,2025-04-28,Changed Mind,2
RET-006921,ORD-082739,2025-04-27,Size / Fit Issue,1
RET-006922,ORD-082751,2025-04-29,Changed Mind,1
RET-006923,ORD-082752,2025-05-09,Not as Described,1
RET-006924,ORD-082760,2025-04-28,Defective / Damaged,1
RET-006925,ORD-082763,2025-05-07,Not as Described,1
RET-006926,ORD-082769,2025-05-08,Defective / Damaged,1
RET-006927,ORD-082779,2025-04-25,Defective / Damaged,1
RET-006928,ORD-082802,2025-05-13,Defective / Damaged,1
RET-006929,ORD-082818,2025-04-30,Size / Fit Issue,3
RET-006930,ORD-082819,2025-05-06,Defective / Damaged,4
RET-006931,ORD-082874,2025-05-14,Late Delivery,1
RET-006932,ORD-082879,2025-04-28,Defective / Damaged,1
RET-006933,ORD-082892,2025-04-29,Changed Mind,1
RET-006934,ORD-082893,2025-05-14,Defective / Damaged,1
RET-006935,ORD-082899,2025-05-02,Wrong Item Delivered,1
RET-006936,ORD-082925,2025-05-10,Changed Mind,1
RET-006937,ORD-082936,2025-05-12,Wrong Item Delivered,3
RET-006938,ORD-082945,2025-05-14,Changed Mind,1
RET-006939,ORD-082947,2025-05-02,Found Better Price,1
RET-006940,ORD-082948,2025-05-02,Late Delivery,1
RET-006941,ORD-082951,2025-05-10,Not as Described,1
RET-006942,ORD-082969,2025-04-27,Not as Described,1
RET-006943,ORD-082971,2025-05-13,Wrong Item Delivered,1
RET-006944,ORD-082976,2025-05-13,Size / Fit Issue,1
RET-006945,ORD-082980,2025-05-12,Found Better Price,1
RET-006946,ORD-082992,2025-04-29,Not as Described,1
RET-006947,ORD-083017,2025-04-29,Defective / Damaged,1
RET-006948,ORD-083020,2025-05-08,Not as Described,1
RET-006949,ORD-083025,2025-05-10,Defective / Damaged,1
RET-006950,ORD-083027,2025-05-16,Found Better Price,1
RET-006951,ORD-083036,2025-05-10,Defective / Damaged,1
RET-006952,ORD-083054,2025-05-04,Defective / Damaged,1
RET-006953,ORD-083060,2025-05-16,Changed Mind,1
RET-006954,ORD-083061,2025-05-10,Late Delivery,1
RET-006955,ORD-083075,2025-05-08,Late Delivery,3
RET-006956,ORD-083086,2025-05-05,Late Delivery,2
RET-006957,ORD-083087,2025-05-15,Size / Fit Issue,1
RET-006958,ORD-083091,2025-05-12,Wrong Item Delivered,2
RET-006959,ORD-083120,2025-05-15,Late Delivery,1
RET-006960,ORD-083121,2025-05-13,Changed Mind,1
RET-006961,ORD-083130,2025-05-13,Changed Mind,1
RET-006962,ORD-083148,2025-05-15,Size / Fit Issue,1
RET-006963,ORD-083154,2025-05-16,Late Delivery,1
RET-006964,ORD-083156,2025-05-02,Changed Mind,2
RET-006965,ORD-083214,2025-05-17,Changed Mind,1
RET-006966,ORD-083254,2025-05-09,Not as Described,2
RET-006967,ORD-083264,2025-05-04,Size / Fit Issue,3
RET-006968,ORD-083270,2025-05-06,Found Better Price,1
RET-006969,ORD-083271,2025-05-10,Defective / Damaged,1
RET-006970,ORD-083273,2025-05-05,Late Delivery,1
RET-006971,ORD-083297,2025-05-02,Size / Fit Issue,1
RET-006972,ORD-083300,2025-05-06,Found Better Price,2
RET-006973,ORD-083310,2025-07-18,Size / Fit Issue,1
RET-006974,ORD-083315,2025-05-12,Late Delivery,1
RET-006975,ORD-083318,2025-08-18,Late Delivery,1
RET-006976,ORD-083324,2025-05-03,Not as Described,2
RET-006977,ORD-083329,2025-05-09,Defective / Damaged,1
RET-006978,ORD-083330,2025-05-17,Changed Mind,1
RET-006979,ORD-083342,2025-05-15,Late Delivery,1
RET-006980,ORD-083356,2025-05-06,Wrong Item Delivered,1
RET-006981,ORD-083371,2025-05-14,Defective / Damaged,1
RET-006982,ORD-083394,2025-05-07,Not as Described,1
RET-006983,ORD-083438,2025-05-02,Changed Mind,1
RET-006984,ORD-083458,2025-05-05,Late Delivery,1
RET-006985,ORD-083470,2025-05-15,Late Delivery,1
RET-006986,ORD-083487,2025-05-02,Not as Described,1
RET-006987,ORD-083488,2025-05-17,Changed Mind,1
RET-006988,ORD-083493,2025-05-10,Size / Fit Issue,1
RET-006989,ORD-083502,2025-05-04,Not as Described,1
RET-006990,ORD-083511,2025-05-17,Not as Described,1
RET-006991,ORD-083514,2025-05-03,Changed Mind,1
RET-006992,ORD-083530,2025-05-21,Not as Described,1
RET-006993,ORD-083542,2025-05-07,Missing Parts / Accessories,1
RET-006994,ORD-083554,2025-05-13,Size / Fit Issue,1
RET-006995,ORD-083565,2025-05-19,Late Delivery,1
RET-006996,ORD-083567,2025-06-25,Wrong Item Delivered,1
RET-006997,ORD-083570,2025-05-15,Defective / Damaged,1
RET-006998,ORD-083602,2025-05-22,Wrong Item Delivered,2
RET-006999,ORD-083619,2025-05-07,Not as Described,1
RET-007000,ORD-083642,2025-05-13,Found Better Price,1
RET-007001,ORD-083645,2025-05-15,Defective / Damaged,1
RET-007002,ORD-083646,2025-05-14,Late Delivery,3
RET-007003,ORD-083651,2025-05-22,Size / Fit Issue,1
RET-007004,ORD-083652,2025-05-06,Changed Mind,1
RET-007005,ORD-083663,2025-05-20,Size / Fit Issue,1
RET-007006,ORD-083664,2025-05-19,Size / Fit Issue,1
RET-007007,ORD-083680,2025-05-13,Changed Mind,3
RET-007008,ORD-083705,2025-05-11,Size / Fit Issue,1
RET-007009,ORD-083706,2025-05-19,Size / Fit Issue,1
RET-007010,ORD-083735,2025-05-20,Late Delivery,1
RET-007011,ORD-083741,2025-05-08,Not as Described,1
RET-007012,ORD-083743,2025-05-06,Defective / Damaged,1
RET-007013,ORD-083750,2025-06-16,Late Delivery,1
RET-007014,ORD-083753,2025-05-17,Changed Mind,1
RET-007015,ORD-083800,2025-05-10,Late Delivery,1
RET-007016,ORD-083801,2025-05-23,Missing Parts / Accessories,1
RET-007017,ORD-083822,2025-05-08,Not as Described,1
RET-007018,ORD-083835,2025-05-19,Not as Described,1
RET-007019,ORD-083854,2025-05-07,Found Better Price,1
RET-007020,ORD-083860,2025-05-09,Late Delivery,2
RET-007021,ORD-083864,2025-08-03,Late Delivery,1
RET-007022,ORD-083867,2025-05-07,Late Delivery,1
RET-007023,ORD-083930,2025-05-22,Defective / Damaged,1
RET-007024,ORD-083931,2025-05-17,Size / Fit Issue,3
RET-007025,ORD-083968,2025-05-15,Size / Fit Issue,3
RET-007026,ORD-083970,2025-05-17,Not as Described,1
RET-007027,ORD-083994,2025-05-15,Defective / Damaged,1
RET-007028,ORD-084008,2025-05-11,Late Delivery,1
RET-007029,ORD-084037,2025-05-26,Wrong Item Delivered,1
RET-007030,ORD-084049,2025-05-13,Changed Mind,1
RET-007031,ORD-084060,2025-05-08,Size / Fit Issue,1
RET-007032,ORD-084073,2025-07-01,Changed Mind,1
RET-007033,ORD-084087,2025-05-19,Changed Mind,2
RET-007034,ORD-084097,2025-05-18,Size / Fit Issue,1
RET-007035,ORD-084104,2025-05-12,Changed Mind,1
RET-007036,ORD-084112,2025-06-20,Late Delivery,1
RET-007037,ORD-084122,2025-05-21,Found Better Price,1
RET-007038,ORD-084128,2025-05-20,Defective / Damaged,2
RET-007039,ORD-084129,2025-05-24,Found Better Price,1
RET-007040,ORD-084135,2025-05-16,Changed Mind,1
RET-007041,ORD-084138,2025-05-26,Late Delivery,1
RET-007042,ORD-084139,2025-05-17,Changed Mind,1
RET-007043,ORD-084153,2025-05-18,Not as Described,2
RET-007044,ORD-084182,2025-05-16,Found Better Price,1
RET-007045,ORD-084189,2025-05-17,Not as Described,1
RET-007046,ORD-084208,2025-05-19,Changed Mind,1
RET-007047,ORD-084225,2025-05-20,Missing Parts / Accessories,1
RET-007048,ORD-084226,2025-05-15,Size / Fit Issue,2
RET-007049,ORD-084238,2025-05-11,Changed Mind,1
RET-007050,ORD-084256,2025-05-23,Found Better Price,1
RET-007051,ORD-084288,2025-05-28,Changed Mind,1
RET-007052,ORD-084302,2025-05-21,Defective / Damaged,3
RET-007053,ORD-084303,2025-05-11,Not as Described,1
RET-007054,ORD-084327,2025-05-25,Changed Mind,1
RET-007055,ORD-084346,2025-05-24,Changed Mind,1
RET-007056,ORD-084361,2025-05-19,Changed Mind,1
RET-007057,ORD-084363,2025-05-15,Late Delivery,1
RET-007058,ORD-084373,2025-05-14,Late Delivery,1
RET-007059,ORD-084394,2025-05-21,Changed Mind,1
RET-007060,ORD-084408,2025-05-15,Found Better Price,1
RET-007061,ORD-084465,2025-05-25,Size / Fit Issue,1
RET-007062,ORD-084472,2025-05-26,Changed Mind,1
RET-007063,ORD-084487,2025-05-25,Changed Mind,2
RET-007064,ORD-084489,2025-05-24,Changed Mind,1
RET-007065,ORD-084500,2025-05-24,Size / Fit Issue,1
RET-007066,ORD-084518,2025-05-25,Not as Described,1
RET-007067,ORD-084531,2025-05-26,Late Delivery,3
RET-007068,ORD-084539,2025-05-26,Defective / Damaged,1
RET-007069,ORD-084555,2025-05-30,Found Better Price,1
RET-007070,ORD-084565,2025-05-18,Late Delivery,1
RET-007071,ORD-084595,2025-05-25,Changed Mind,1
RET-007072,ORD-084600,2025-05-18,Size / Fit Issue,1
RET-007073,ORD-084628,2025-05-14,Late Delivery,1
RET-007074,ORD-084656,2025-05-29,Not as Described,1
RET-007075,ORD-084674,2025-05-15,Size / Fit Issue,1
RET-007076,ORD-084678,2025-05-17,Size / Fit Issue,1
RET-007077,ORD-084695,2025-05-28,Wrong Item Delivered,1
RET-007078,ORD-084697,2025-05-28,Changed Mind,1
RET-007079,ORD-084707,2025-05-18,Found Better Price,1
RET-007080,ORD-084710,2025-05-24,Not as Described,2
RET-007081,ORD-084720,2025-05-25,Size / Fit Issue,1
RET-007082,ORD-084727,2025-05-26,Not as Described,1
RET-007083,ORD-084728,2025-05-31,Found Better Price,2
RET-007084,ORD-084729,2025-05-20,Defective / Damaged,1
RET-007085,ORD-084770,2025-05-22,Not as Described,1
RET-007086,ORD-084796,2025-06-02,Found Better Price,1
RET-007087,ORD-084797,2025-05-28,Not as Described,3
RET-007088,ORD-084834,2025-05-24,Wrong Item Delivered,1
RET-007089,ORD-084858,2025-05-30,Late Delivery,1
RET-007090,ORD-084864,2025-05-29,Size / Fit Issue,1
RET-007091,ORD-084872,2025-05-30,Not as Described,1
RET-007092,ORD-084875,2025-06-03,Changed Mind,1
RET-007093,ORD-084910,2025-05-18,Changed Mind,1
RET-007094,ORD-084914,2025-07-24,Not as Described,1
RET-007095,ORD-084927,2025-05-27,Defective / Damaged,1
RET-007096,ORD-084935,2025-05-22,Changed Mind,1
RET-007097,ORD-084970,2025-05-24,Wrong Item Delivered,5
RET-007098,ORD-084971,2025-05-27,Size / Fit Issue,1
RET-007099,ORD-084975,2025-06-01,Wrong Item Delivered,1
RET-007100,ORD-084980,2025-05-25,Found Better Price,1
RET-007101,ORD-085002,2025-05-29,Wrong Item Delivered,1
RET-007102,ORD-085007,2025-05-21,Late Delivery,1
RET-007103,ORD-085014,2025-05-22,Late Delivery,1
RET-007104,ORD-085017,2025-06-04,Late Delivery,2
RET-007105,ORD-085020,2025-05-21,Size / Fit Issue,1
RET-007106,ORD-085025,2025-05-26,Changed Mind,2
RET-007107,ORD-085028,2025-05-25,Defective / Damaged,1
RET-007108,ORD-085044,2025-05-31,Found Better Price,2
RET-007109,ORD-085060,2025-05-27,Changed Mind,2
RET-007110,ORD-085061,2025-06-05,Late Delivery,1
RET-007111,ORD-085062,2025-06-02,Changed Mind,1
RET-007112,ORD-085070,2025-06-03,Missing Parts / Accessories,2
RET-007113,ORD-085078,2025-05-18,Not as Described,2
RET-007114,ORD-085086,2025-06-04,Not as Described,1
RET-007115,ORD-085087,2025-05-31,Not as Described,1
RET-007116,ORD-085101,2025-05-26,Not as Described,2
RET-007117,ORD-085119,2025-05-23,Changed Mind,1
RET-007118,ORD-085127,2025-05-19,Not as Described,1
RET-007119,ORD-085130,2025-05-30,Defective / Damaged,1
RET-007120,ORD-085151,2025-06-05,Wrong Item Delivered,1
RET-007121,ORD-085156,2025-05-20,Changed Mind,1
RET-007122,ORD-085159,2025-05-21,Changed Mind,1
RET-007123,ORD-085164,2025-05-22,Wrong Item Delivered,1
RET-007124,ORD-085186,2025-06-06,Missing Parts / Accessories,1
RET-007125,ORD-085190,2025-05-25,Not as Described,1
RET-007126,ORD-085209,2025-05-22,Late Delivery,1
RET-007127,ORD-085213,2025-05-26,Size / Fit Issue,2
RET-007128,ORD-085222,2025-06-06,Changed Mind,1
RET-007129,ORD-085232,2025-06-03,Found Better Price,1
RET-007130,ORD-085242,2025-05-19,Wrong Item Delivered,1
RET-007131,ORD-085246,2025-05-31,Not as Described,1
RET-007132,ORD-085261,2025-06-04,Changed Mind,1
RET-007133,ORD-085272,2025-06-04,Size / Fit Issue,1
RET-007134,ORD-085277,2025-05-31,Late Delivery,1
RET-007135,ORD-085280,2025-05-27,Wrong Item Delivered,2
RET-007136,ORD-085287,2025-06-07,Defective / Damaged,1
RET-007137,ORD-085292,2025-06-07,Missing Parts / Accessories,3
RET-007138,ORD-085295,2025-06-01,Size / Fit Issue,1
RET-007139,ORD-085303,2025-06-03,Wrong Item Delivered,1
RET-007140,ORD-085320,2025-05-20,Size / Fit Issue,1
RET-007141,ORD-085324,2025-05-30,Size / Fit Issue,2
RET-007142,ORD-085326,2025-06-01,Not as Described,1
RET-007143,ORD-085327,2025-05-20,Size / Fit Issue,2
RET-007144,ORD-085338,2025-06-05,Found Better Price,1
RET-007145,ORD-085363,2025-05-26,Wrong Item Delivered,1
RET-007146,ORD-085364,2025-05-26,Not as Described,1
RET-007147,ORD-085369,2025-06-03,Found Better Price,1
RET-007148,ORD-085383,2025-06-06,Changed Mind,1
RET-007149,ORD-085401,2025-05-26,Late Delivery,1
RET-007150,ORD-085422,2025-05-26,Changed Mind,1
RET-007151,ORD-085456,2025-05-23,Missing Parts / Accessories,1
RET-007152,ORD-085475,2025-06-01,Wrong Item Delivered,1
RET-007153,ORD-085486,2025-05-28,Late Delivery,1
RET-007154,ORD-085500,2025-07-11,Late Delivery,1
RET-007155,ORD-085504,2025-06-03,Late Delivery,1
RET-007156,ORD-085510,2025-06-08,Found Better Price,1
RET-007157,ORD-085518,2025-05-30,Changed Mind,1
RET-007158,ORD-085519,2025-06-06,Defective / Damaged,1
RET-007159,ORD-085530,2025-06-07,Late Delivery,1
RET-007160,ORD-085535,2025-05-30,Size / Fit Issue,1
RET-007161,ORD-085542,2025-05-25,Size / Fit Issue,1
RET-007162,ORD-085562,2025-06-06,Size / Fit Issue,1
RET-007163,ORD-085596,2025-05-29,Defective / Damaged,3
RET-007164,ORD-085605,2025-06-02,Not as Described,1
RET-007165,ORD-085622,2025-06-10,Size / Fit Issue,1
RET-007166,ORD-085634,2025-05-29,Size / Fit Issue,1
RET-007167,ORD-085638,2025-05-25,Defective / Damaged,1
RET-007168,ORD-085643,2025-06-04,Late Delivery,1
RET-007169,ORD-085648,2025-06-09,Late Delivery,2
RET-007170,ORD-085656,2025-06-09,Not as Described,2
RET-007171,ORD-085683,2025-05-30,Found Better Price,1
RET-007172,ORD-085695,2025-05-29,Size / Fit Issue,1
RET-007173,ORD-085704,2025-05-30,Size / Fit Issue,1
RET-007174,ORD-085723,2025-05-25,Defective / Damaged,1
RET-007175,ORD-085724,2025-06-07,Found Better Price,1
RET-007176,ORD-085726,2025-05-26,Defective / Damaged,1
RET-007177,ORD-085731,2025-06-07,Size / Fit Issue,1
RET-007178,ORD-085732,2025-05-29,Not as Described,4
RET-007179,ORD-085733,2025-06-11,Changed Mind,1
RET-007180,ORD-085738,2025-05-27,Not as Described,1
RET-007181,ORD-085748,2025-06-01,Not as Described,1
RET-007182,ORD-085761,2025-05-28,Changed Mind,1
RET-007183,ORD-085763,2025-06-09,Late Delivery,1
RET-007184,ORD-085770,2025-06-10,Late Delivery,1
RET-007185,ORD-085771,2025-06-11,Defective / Damaged,1
RET-007186,ORD-085772,2025-05-29,Size / Fit Issue,1
RET-007187,ORD-085780,2025-06-10,Size / Fit Issue,1
RET-007188,ORD-085783,2025-05-30,Wrong Item Delivered,1
RET-007189,ORD-085784,2025-06-11,Found Better Price,1
RET-007190,ORD-085813,2025-06-05,Size / Fit Issue,1
RET-007191,ORD-085815,2025-06-02,Not as Described,1
RET-007192,ORD-085835,2025-05-27,Changed Mind,1
RET-007193,ORD-085864,2025-05-25,Wrong Item Delivered,1
RET-007194,ORD-085865,2025-05-31,Not as Described,1
RET-007195,ORD-085870,2025-06-10,Late Delivery,1
RET-007196,ORD-085872,2025-06-05,Size / Fit Issue,5
RET-007197,ORD-085892,2025-06-01,Size / Fit Issue,1
RET-007198,ORD-085911,2025-06-05,Not as Described,1
RET-007199,ORD-085939,2025-06-05,Defective / Damaged,1
RET-007200,ORD-085940,2025-06-11,Changed Mind,1
RET-007201,ORD-085955,2025-06-12,Late Delivery,1
RET-007202,ORD-085961,2025-06-01,Size / Fit Issue,1
RET-007203,ORD-085963,2025-06-08,Changed Mind,1
RET-007204,ORD-085968,2025-06-13,Late Delivery,1
RET-007205,ORD-085973,2025-05-28,Changed Mind,1
RET-007206,ORD-085981,2025-05-31,Not as Described,1
RET-007207,ORD-086003,2025-05-30,Defective / Damaged,1
RET-007208,ORD-086009,2025-06-09,Late Delivery,1
RET-007209,ORD-086011,2025-06-10,Late Delivery,1
RET-007210,ORD-086014,2025-06-20,Size / Fit Issue,1
RET-007211,ORD-086015,2025-05-28,Late Delivery,2
RET-007212,ORD-086022,2025-06-13,Not as Described,4
RET-007213,ORD-086046,2025-05-28,Not as Described,1
RET-007214,ORD-086061,2025-06-06,Late Delivery,5
RET-007215,ORD-086096,2025-05-30,Defective / Damaged,1
RET-007216,ORD-086099,2025-06-02,Wrong Item Delivered,1
RET-007217,ORD-086101,2025-06-07,Defective / Damaged,1
RET-007218,ORD-086137,2025-05-31,Missing Parts / Accessories,1
RET-007219,ORD-086140,2025-05-28,Defective / Damaged,1
RET-007220,ORD-086143,2025-06-07,Changed Mind,3
RET-007221,ORD-086146,2025-06-05,Not as Described,1
RET-007222,ORD-086154,2025-06-07,Late Delivery,1
RET-007223,ORD-086195,2025-06-11,Found Better Price,1
RET-007224,ORD-086227,2025-06-11,Found Better Price,3
RET-007225,ORD-086231,2025-05-28,Late Delivery,1
RET-007226,ORD-086257,2025-06-16,Changed Mind,1
RET-007227,ORD-086280,2025-05-30,Changed Mind,1
RET-007228,ORD-086285,2025-06-07,Defective / Damaged,1
RET-007229,ORD-086296,2025-06-13,Not as Described,1
RET-007230,ORD-086299,2025-05-30,Late Delivery,1
RET-007231,ORD-086317,2025-06-12,Wrong Item Delivered,1
RET-007232,ORD-086328,2025-06-02,Found Better Price,4
RET-007233,ORD-086336,2025-05-30,Wrong Item Delivered,3
RET-007234,ORD-086359,2025-06-14,Not as Described,1
RET-007235,ORD-086373,2025-06-15,Late Delivery,1
RET-007236,ORD-086384,2025-06-04,Wrong Item Delivered,1
RET-007237,ORD-086411,2025-06-09,Found Better Price,2
RET-007238,ORD-086412,2025-06-01,Wrong Item Delivered,1
RET-007239,ORD-086417,2025-06-07,Changed Mind,1
RET-007240,ORD-086420,2025-06-13,Late Delivery,1
RET-007241,ORD-086428,2025-06-14,Not as Described,1
RET-007242,ORD-086437,2025-06-17,Changed Mind,2
RET-007243,ORD-086453,2025-06-05,Size / Fit Issue,1
RET-007244,ORD-086460,2025-06-02,Changed Mind,1
RET-007245,ORD-086461,2025-06-10,Wrong Item Delivered,1
RET-007246,ORD-086465,2025-06-04,Changed Mind,1
RET-007247,ORD-086473,2025-05-31,Late Delivery,1
RET-007248,ORD-086476,2025-06-15,Not as Described,1
RET-007249,ORD-086499,2025-06-03,Changed Mind,2
RET-007250,ORD-086503,2025-06-07,Changed Mind,1
RET-007251,ORD-086506,2025-06-13,Not as Described,1
RET-007252,ORD-086513,2025-06-06,Size / Fit Issue,1
RET-007253,ORD-086523,2025-06-15,Changed Mind,1
RET-007254,ORD-086533,2025-06-14,Changed Mind,1
RET-007255,ORD-086543,2025-06-07,Changed Mind,1
RET-007256,ORD-086573,2025-06-17,Late Delivery,1
RET-007257,ORD-086574,2025-06-06,Size / Fit Issue,1
RET-007258,ORD-086578,2025-06-08,Changed Mind,1
RET-007259,ORD-086582,2025-06-13,Not as Described,1
RET-007260,ORD-086600,2025-06-01,Size / Fit Issue,1
RET-007261,ORD-086603,2025-06-11,Not as Described,1
RET-007262,ORD-086610,2025-06-09,Size / Fit Issue,2
RET-007263,ORD-086623,2025-06-04,Not as Described,2
RET-007264,ORD-086648,2025-06-17,Not as Described,1
RET-007265,ORD-086668,2025-06-10,Size / Fit Issue,1
RET-007266,ORD-086724,2025-06-10,Wrong Item Delivered,1
RET-007267,ORD-086727,2025-06-20,Defective / Damaged,1
RET-007268,ORD-086745,2025-06-09,Found Better Price,1
RET-007269,ORD-086750,2025-06-14,Defective / Damaged,4
RET-007270,ORD-086791,2025-06-14,Size / Fit Issue,2
RET-007271,ORD-086794,2025-06-16,Late Delivery,1
RET-007272,ORD-086801,2025-06-11,Not as Described,2
RET-007273,ORD-086808,2025-06-04,Late Delivery,1
RET-007274,ORD-086816,2025-06-06,Wrong Item Delivered,1
RET-007275,ORD-086826,2025-06-20,Not as Described,1
RET-007276,ORD-086858,2025-06-19,Defective / Damaged,1
RET-007277,ORD-086870,2025-06-18,Size / Fit Issue,1
RET-007278,ORD-086885,2025-08-21,Wrong Item Delivered,1
RET-007279,ORD-086890,2025-06-11,Changed Mind,1
RET-007280,ORD-086901,2025-06-04,Size / Fit Issue,1
RET-007281,ORD-086910,2025-06-15,Not as Described,1
RET-007282,ORD-086940,2025-06-08,Wrong Item Delivered,1
RET-007283,ORD-086945,2025-06-17,Wrong Item Delivered,2
RET-007284,ORD-086950,2025-06-15,Defective / Damaged,1
RET-007285,ORD-086955,2025-06-18,Size / Fit Issue,3
RET-007286,ORD-086956,2025-06-04,Size / Fit Issue,1
RET-007287,ORD-086964,2025-06-21,Defective / Damaged,1
RET-007288,ORD-086973,2025-06-20,Wrong Item Delivered,1
RET-007289,ORD-086979,2025-06-15,Found Better Price,2
RET-007290,ORD-086983,2025-06-12,Defective / Damaged,1
RET-007291,ORD-086988,2025-06-21,Size / Fit Issue,1
RET-007292,ORD-086990,2025-06-21,Not as Described,2
RET-007293,ORD-086997,2025-06-20,Late Delivery,1
RET-007294,ORD-087006,2025-06-12,Not as Described,1
RET-007295,ORD-087009,2025-06-10,Wrong Item Delivered,2
RET-007296,ORD-087084,2025-06-13,Wrong Item Delivered,1
RET-007297,ORD-087101,2025-06-08,Size / Fit Issue,1
RET-007298,ORD-087107,2025-06-05,Defective / Damaged,2
RET-007299,ORD-087115,2025-06-06,Defective / Damaged,1
RET-007300,ORD-087150,2025-06-17,Found Better Price,1
RET-007301,ORD-087158,2025-06-10,Changed Mind,2
RET-007302,ORD-087161,2025-06-07,Found Better Price,3
RET-007303,ORD-087172,2025-06-16,Defective / Damaged,1
RET-007304,ORD-087179,2025-06-16,Wrong Item Delivered,1
RET-007305,ORD-087203,2025-06-08,Size / Fit Issue,1
RET-007306,ORD-087217,2025-06-24,Found Better Price,1
RET-007307,ORD-087225,2025-06-18,Changed Mind,1
RET-007308,ORD-087237,2025-06-24,Not as Described,1
RET-007309,ORD-087254,2025-06-26,Defective / Damaged,1
RET-007310,ORD-087263,2025-06-14,Size / Fit Issue,1
RET-007311,ORD-087265,2025-06-22,Not as Described,1
RET-007312,ORD-087266,2025-06-08,Changed Mind,1
RET-007313,ORD-087289,2025-06-15,Defective / Damaged,1
RET-007314,ORD-087298,2025-06-10,Changed Mind,1
RET-007315,ORD-087303,2025-06-14,Late Delivery,2
RET-007316,ORD-087318,2025-06-16,Defective / Damaged,1
RET-007317,ORD-087329,2025-06-12,Late Delivery,1
RET-007318,ORD-087339,2025-06-08,Not as Described,3
RET-007319,ORD-087340,2025-06-10,Late Delivery,1
RET-007320,ORD-087345,2025-06-19,Found Better Price,1
RET-007321,ORD-087365,2025-06-17,Defective / Damaged,1
RET-007322,ORD-087383,2025-06-14,Changed Mind,2
RET-007323,ORD-087385,2025-06-17,Changed Mind,1
RET-007324,ORD-087404,2025-06-22,Size / Fit Issue,1
RET-007325,ORD-087423,2025-06-16,Changed Mind,1
RET-007326,ORD-087433,2025-06-20,Wrong Item Delivered,1
RET-007327,ORD-087444,2025-06-13,Size / Fit Issue,2
RET-007328,ORD-087462,2025-06-21,Not as Described,1
RET-007329,ORD-087466,2025-06-15,Defective / Damaged,1
RET-007330,ORD-087482,2025-06-17,Wrong Item Delivered,1
RET-007331,ORD-087484,2025-08-11,Defective / Damaged,1
RET-007332,ORD-087490,2025-06-19,Late Delivery,1
RET-007333,ORD-087497,2025-06-19,Changed Mind,2
RET-007334,ORD-087509,2025-06-18,Defective / Damaged,1
RET-007335,ORD-087533,2025-06-25,Defective / Damaged,2
RET-007336,ORD-087542,2025-06-10,Changed Mind,3
RET-007337,ORD-087555,2025-06-12,Size / Fit Issue,1
RET-007338,ORD-087562,2025-06-15,Found Better Price,1
RET-007339,ORD-087570,2025-06-11,Size / Fit Issue,1
RET-007340,ORD-087602,2025-06-18,Missing Parts / Accessories,1
RET-007341,ORD-087605,2025-06-12,Size / Fit Issue,2
RET-007342,ORD-087617,2025-06-21,Late Delivery,1
RET-007343,ORD-087618,2025-06-24,Changed Mind,3
RET-007344,ORD-087635,2025-06-19,Late Delivery,1
RET-007345,ORD-087659,2025-06-20,Size / Fit Issue,1
RET-007346,ORD-087671,2025-06-12,Found Better Price,1
RET-007347,ORD-087687,2025-06-26,Changed Mind,1
RET-007348,ORD-087693,2025-06-29,Size / Fit Issue,1
RET-007349,ORD-087694,2025-06-29,Changed Mind,1
RET-007350,ORD-087717,2025-06-19,Not as Described,1
RET-007351,ORD-087719,2025-06-12,Not as Described,2
RET-007352,ORD-087722,2025-06-24,Wrong Item Delivered,1
RET-007353,ORD-087741,2025-06-29,Late Delivery,5
RET-007354,ORD-087748,2025-06-11,Size / Fit Issue,1
RET-007355,ORD-087752,2025-06-15,Not as Described,1
RET-007356,ORD-087753,2025-06-15,Wrong Item Delivered,1
RET-007357,ORD-087791,2025-06-12,Found Better Price,1
RET-007358,ORD-087793,2025-06-19,Found Better Price,1
RET-007359,ORD-087796,2025-06-11,Late Delivery,1
RET-007360,ORD-087801,2025-06-18,Wrong Item Delivered,1
RET-007361,ORD-087805,2025-06-15,Found Better Price,1
RET-007362,ORD-087816,2025-06-27,Wrong Item Delivered,1
RET-007363,ORD-087818,2025-06-19,Defective / Damaged,1
RET-007364,ORD-087835,2025-06-17,Found Better Price,1
RET-007365,ORD-087875,2025-06-21,Changed Mind,1
RET-007366,ORD-087897,2025-06-25,Size / Fit Issue,1
RET-007367,ORD-087905,2025-06-13,Size / Fit Issue,2
RET-007368,ORD-087928,2025-06-27,Size / Fit Issue,1
RET-007369,ORD-087930,2025-06-27,Not as Described,1
RET-007370,ORD-087948,2025-06-16,Found Better Price,4
RET-007371,ORD-087950,2025-06-22,Size / Fit Issue,1
RET-007372,ORD-087959,2025-06-28,Size / Fit Issue,1
RET-007373,ORD-087972,2025-06-27,Wrong Item Delivered,1
RET-007374,ORD-087995,2025-06-27,Changed Mind,1
RET-007375,ORD-088008,2025-06-17,Not as Described,1
RET-007376,ORD-088035,2025-06-19,Missing Parts / Accessories,1
RET-007377,ORD-088041,2025-06-15,Found Better Price,1
RET-007378,ORD-088045,2025-06-16,Changed Mind,1
RET-007379,ORD-088051,2025-06-15,Changed Mind,1
RET-007380,ORD-088058,2025-06-28,Found Better Price,1
RET-007381,ORD-088068,2025-06-29,Late Delivery,1
RET-007382,ORD-088085,2025-07-01,Changed Mind,1
RET-007383,ORD-088097,2025-06-28,Late Delivery,1
RET-007384,ORD-088133,2025-06-23,Missing Parts / Accessories,3
RET-007385,ORD-088134,2025-06-27,Late Delivery,1
RET-007386,ORD-088138,2025-06-16,Not as Described,2
RET-007387,ORD-088143,2025-07-03,Wrong Item Delivered,3
RET-007388,ORD-088147,2025-06-29,Changed Mind,1
RET-007389,ORD-088156,2025-07-03,Found Better Price,1
RET-007390,ORD-088192,2025-06-17,Defective / Damaged,1
RET-007391,ORD-088200,2025-06-24,Changed Mind,1
RET-007392,ORD-088203,2025-06-28,Defective / Damaged,1
RET-007393,ORD-088208,2025-06-23,Size / Fit Issue,1
RET-007394,ORD-088238,2025-07-04,Wrong Item Delivered,1
RET-007395,ORD-088278,2025-07-03,Late Delivery,2
RET-007396,ORD-088279,2025-07-02,Changed Mind,1
RET-007397,ORD-088282,2025-07-03,Defective / Damaged,1
RET-007398,ORD-088286,2025-06-17,Size / Fit Issue,1
RET-007399,ORD-088297,2025-06-16,Late Delivery,1
RET-007400,ORD-088304,2025-06-21,Changed Mind,2
RET-007401,ORD-088306,2025-06-18,Late Delivery,1
RET-007402,ORD-088320,2025-06-20,Not as Described,1
RET-007403,ORD-088326,2025-06-18,Found Better Price,1
RET-007404,ORD-088341,2025-06-22,Changed Mind,4
RET-007405,ORD-088343,2025-06-23,Changed Mind,3
RET-007406,ORD-088353,2025-06-23,Not as Described,2
RET-007407,ORD-088378,2025-06-19,Changed Mind,1
RET-007408,ORD-088380,2025-06-17,Not as Described,1
RET-007409,ORD-088383,2025-06-21,Changed Mind,1
RET-007410,ORD-088390,2025-07-05,Defective / Damaged,1
RET-007411,ORD-088406,2025-06-30,Found Better Price,1
RET-007412,ORD-088408,2025-06-20,Not as Described,1
RET-007413,ORD-088421,2025-07-04,Wrong Item Delivered,2
RET-007414,ORD-088456,2025-06-19,Changed Mind,1
RET-007415,ORD-088459,2025-06-27,Changed Mind,1
RET-007416,ORD-088472,2025-07-04,Defective / Damaged,2
RET-007417,ORD-088477,2025-06-29,Late Delivery,1
RET-007418,ORD-088496,2025-07-03,Size / Fit Issue,1
RET-007419,ORD-088498,2025-06-28,Defective / Damaged,1
RET-007420,ORD-088519,2025-06-22,Wrong Item Delivered,2
RET-007421,ORD-088522,2025-06-26,Reason Not Specified,1
RET-007422,ORD-088549,2025-06-26,Late Delivery,1
RET-007423,ORD-088555,2025-06-26,Size / Fit Issue,2
RET-007424,ORD-088565,2025-07-06,Size / Fit Issue,1
RET-007425,ORD-088580,2025-07-05,Late Delivery,1
RET-007426,ORD-088581,2025-07-04,Missing Parts / Accessories,4
RET-007427,ORD-088586,2025-07-02,Not as Described,1
RET-007428,ORD-088630,2025-06-21,Late Delivery,1
RET-007429,ORD-088636,2025-07-07,Not as Described,1
RET-007430,ORD-088637,2025-07-06,Wrong Item Delivered,2
RET-007431,ORD-088642,2025-07-01,Late Delivery,1
RET-007432,ORD-088668,2025-07-07,Found Better Price,3
RET-007433,ORD-088678,2025-06-25,Not as Described,1
RET-007434,ORD-088689,2025-07-02,Missing Parts / Accessories,1
RET-007435,ORD-088691,2025-07-03,Late Delivery,1
RET-007436,ORD-088700,2025-07-03,Found Better Price,1
RET-007437,ORD-088701,2025-07-03,Wrong Item Delivered,1
RET-007438,ORD-088702,2025-06-24,Not as Described,2
RET-007439,ORD-088718,2025-06-28,Changed Mind,2
RET-007440,ORD-088719,2025-07-07,Not as Described,1
RET-007441,ORD-088736,2025-07-04,Late Delivery,2
RET-007442,ORD-088752,2025-06-24,Changed Mind,1
RET-007443,ORD-088778,2025-06-30,Changed Mind,1
RET-007444,ORD-088792,2025-06-25,Late Delivery,1
RET-007445,ORD-088809,2025-06-23,Size / Fit Issue,1
RET-007446,ORD-088821,2025-07-07,Not as Described,1
RET-007447,ORD-088857,2025-07-04,Size / Fit Issue,1
RET-007448,ORD-088873,2025-06-29,Found Better Price,1
RET-007449,ORD-088881,2025-07-07,Wrong Item Delivered,2
RET-007450,ORD-088893,2025-06-29,Defective / Damaged,3
RET-007451,ORD-088902,2025-06-24,Not as Described,1
RET-007452,ORD-088904,2025-06-27,Defective / Damaged,1
RET-007453,ORD-088927,2025-06-30,Late Delivery,1
RET-007454,ORD-088936,2025-07-07,Wrong Item Delivered,1
RET-007455,ORD-088947,2025-07-02,Found Better Price,1
RET-007456,ORD-088951,2025-06-28,Changed Mind,1
RET-007457,ORD-088958,2025-07-05,Wrong Item Delivered,1
RET-007458,ORD-088961,2025-06-29,Size / Fit Issue,1
RET-007459,ORD-088963,2025-07-03,Not as Described,2
RET-007460,ORD-088965,2025-06-27,Found Better Price,3
RET-007461,ORD-088973,2025-06-29,Size / Fit Issue,1
RET-007462,ORD-088979,2025-06-24,Found Better Price,2
RET-007463,ORD-088996,2025-07-03,Changed Mind,1
RET-007464,ORD-089004,2025-07-03,Late Delivery,1
RET-007465,ORD-089006,2025-06-24,Changed Mind,1
RET-007466,ORD-089011,2025-07-10,Defective / Damaged,1
RET-007467,ORD-089076,2025-07-09,Not as Described,1
RET-007468,ORD-089083,2025-06-29,Late Delivery,1
RET-007469,ORD-089109,2025-07-11,Late Delivery,1
RET-007470,ORD-089145,2025-07-10,Late Delivery,2
RET-007471,ORD-089168,2025-07-03,Defective / Damaged,2
RET-007472,ORD-089169,2025-07-05,Late Delivery,1
RET-007473,ORD-089196,2025-07-02,Missing Parts / Accessories,1
RET-007474,ORD-089199,2025-06-26,Size / Fit Issue,1
RET-007475,ORD-089241,2025-07-02,Defective / Damaged,1
RET-007476,ORD-089252,2025-07-11,Not as Described,1
RET-007477,ORD-089256,2025-07-09,Wrong Item Delivered,1
RET-007478,ORD-089259,2025-07-09,Found Better Price,1
RET-007479,ORD-089263,2025-06-25,Late Delivery,1
RET-007480,ORD-089265,2025-07-06,Late Delivery,2
RET-007481,ORD-089269,2025-07-07,Changed Mind,1
RET-007482,ORD-089271,2025-07-05,Not as Described,1
RET-007483,ORD-089286,2025-07-11,Found Better Price,4
RET-007484,ORD-089302,2025-07-13,Found Better Price,1
RET-007485,ORD-089316,2025-07-07,Late Delivery,1
RET-007486,ORD-089331,2025-07-12,Size / Fit Issue,1
RET-007487,ORD-089332,2025-07-06,Changed Mind,1
RET-007488,ORD-089353,2025-07-03,Not as Described,1
RET-007489,ORD-089357,2025-06-27,Changed Mind,3
RET-007490,ORD-089363,2025-07-12,Not as Described,1
RET-007491,ORD-089379,2025-07-01,Size / Fit Issue,1
RET-007492,ORD-089392,2025-07-06,Defective / Damaged,1
RET-007493,ORD-089403,2025-07-14,Found Better Price,1
RET-007494,ORD-089419,2025-07-03,Reason Not Specified,1
RET-007495,ORD-089444,2025-06-27,Not as Described,1
RET-007496,ORD-089468,2025-07-09,Size / Fit Issue,1
RET-007497,ORD-089486,2025-07-06,Not as Described,1
RET-007498,ORD-089495,2025-07-01,Size / Fit Issue,1
RET-007499,ORD-089503,2025-07-04,Size / Fit Issue,1
RET-007500,ORD-089504,2025-07-14,Changed Mind,2
RET-007501,ORD-089507,2025-07-06,Found Better Price,1
RET-007502,ORD-089513,2025-07-05,Late Delivery,1
RET-007503,ORD-089519,2025-07-05,Size / Fit Issue,3
RET-007504,ORD-089532,2025-06-29,Size / Fit Issue,3
RET-007505,ORD-089546,2025-07-08,Found Better Price,2
RET-007506,ORD-089547,2025-07-05,Not as Described,1
RET-007507,ORD-089597,2025-07-03,Defective / Damaged,1
RET-007508,ORD-089600,2025-07-01,Changed Mind,1
RET-007509,ORD-089619,2025-07-14,Wrong Item Delivered,2
RET-007510,ORD-089634,2025-07-14,Found Better Price,1
RET-007511,ORD-089636,2025-07-02,Defective / Damaged,2
RET-007512,ORD-089658,2025-07-15,Late Delivery,2
RET-007513,ORD-089663,2025-07-12,Not as Described,1
RET-007514,ORD-089666,2025-07-13,Not as Described,1
RET-007515,ORD-089679,2025-07-05,Defective / Damaged,1
RET-007516,ORD-089707,2025-07-10,Found Better Price,1
RET-007517,ORD-089716,2025-07-09,Size / Fit Issue,1
RET-007518,ORD-089719,2025-07-07,Size / Fit Issue,2
RET-007519,ORD-089720,2025-07-13,Not as Described,1
RET-007520,ORD-089725,2025-06-29,Defective / Damaged,3
RET-007521,ORD-089731,2025-07-01,Found Better Price,1
RET-007522,ORD-089733,2025-06-29,Changed Mind,1
RET-007523,ORD-089752,2025-07-02,Defective / Damaged,1
RET-007524,ORD-089847,2025-07-03,Defective / Damaged,1
RET-007525,ORD-089856,2025-07-07,Changed Mind,1
RET-007526,ORD-089884,2025-07-06,Defective / Damaged,1
RET-007527,ORD-089904,2025-07-03,Found Better Price,1
RET-007528,ORD-089925,2025-07-13,Missing Parts / Accessories,2
RET-007529,ORD-089926,2025-07-18,Defective / Damaged,1
RET-007530,ORD-089929,2025-07-15,Late Delivery,2
RET-007531,ORD-089941,2025-07-19,Missing Parts / Accessories,1
RET-007532,ORD-089945,2025-07-17,Found Better Price,1
RET-007533,ORD-089947,2025-07-05,Late Delivery,1
RET-007534,ORD-089948,2025-07-14,Not as Described,1
RET-007535,ORD-089955,2025-07-09,Wrong Item Delivered,1
RET-007536,ORD-089980,2025-07-19,Wrong Item Delivered,1
RET-007537,ORD-089994,2025-07-18,Changed Mind,1
RET-007538,ORD-089998,2025-07-14,Defective / Damaged,2
RET-007539,ORD-089999,2025-07-10,Size / Fit Issue,1
RET-007540,ORD-090003,2025-07-14,Found Better Price,2
RET-007541,ORD-090010,2025-07-08,Late Delivery,1
RET-007542,ORD-090018,2025-07-13,Not as Described,1
RET-007543,ORD-090034,2025-07-10,Changed Mind,4
RET-007544,ORD-090049,2025-07-10,Size / Fit Issue,1
RET-007545,ORD-090083,2025-07-06,Size / Fit Issue,1
RET-007546,ORD-090089,2025-07-05,Defective / Damaged,1
RET-007547,ORD-090093,2025-07-18,Defective / Damaged,2
RET-007548,ORD-090111,2025-07-04,Changed Mind,1
RET-007549,ORD-090151,2025-07-08,Not as Described,1
RET-007550,ORD-090153,2025-07-07,Not as Described,1
RET-007551,ORD-090155,2025-07-03,Size / Fit Issue,1
RET-007552,ORD-090172,2025-07-14,Wrong Item Delivered,1
RET-007553,ORD-090196,2025-07-19,Size / Fit Issue,1
RET-007554,ORD-090205,2025-07-11,Late Delivery,1
RET-007555,ORD-090246,2025-07-19,Found Better Price,1
RET-007556,ORD-090251,2025-07-16,Changed Mind,1
RET-007557,ORD-090297,2025-07-18,Not as Described,1
RET-007558,ORD-090319,2025-07-10,Found Better Price,1
RET-007559,ORD-090320,2025-07-06,Not as Described,1
RET-007560,ORD-090328,2025-07-08,Late Delivery,1
RET-007561,ORD-090337,2025-07-15,Not as Described,1
RET-007562,ORD-090355,2025-07-18,Changed Mind,1
RET-007563,ORD-090357,2025-07-14,Changed Mind,1
RET-007564,ORD-090365,2025-07-19,Size / Fit Issue,1
RET-007565,ORD-090381,2025-07-12,Not as Described,1
RET-007566,ORD-090386,2025-07-14,Not as Described,1
RET-007567,ORD-090398,2025-07-11,Defective / Damaged,2
RET-007568,ORD-090400,2025-07-14,Changed Mind,1
RET-007569,ORD-090405,2025-07-08,Changed Mind,1
RET-007570,ORD-090407,2025-07-09,Size / Fit Issue,1
RET-007571,ORD-090418,2025-07-09,Late Delivery,3
RET-007572,ORD-090420,2025-07-23,Size / Fit Issue,1
RET-007573,ORD-090430,2025-07-18,Size / Fit Issue,1
RET-007574,ORD-090487,2025-07-23,Late Delivery,1
RET-007575,ORD-090498,2025-07-10,Found Better Price,1
RET-007576,ORD-090518,2025-07-20,Late Delivery,1
RET-007577,ORD-090530,2025-07-08,Wrong Item Delivered,1
RET-007578,ORD-090533,2025-07-17,Late Delivery,1
RET-007579,ORD-090535,2025-07-15,Not as Described,1
RET-007580,ORD-090549,2025-07-13,Late Delivery,1
RET-007581,ORD-090553,2025-07-24,Found Better Price,1
RET-007582,ORD-090559,2025-07-23,Late Delivery,1
RET-007583,ORD-090576,2025-07-11,Defective / Damaged,1
RET-007584,ORD-090583,2025-07-15,Size / Fit Issue,1
RET-007585,ORD-090588,2025-07-20,Changed Mind,1
RET-007586,ORD-090603,2025-07-15,Size / Fit Issue,2
RET-007587,ORD-090611,2025-07-16,Late Delivery,2
RET-007588,ORD-090612,2025-07-14,Late Delivery,1
RET-007589,ORD-090621,2025-07-25,Size / Fit Issue,1
RET-007590,ORD-090641,2025-07-15,Changed Mind,1
RET-007591,ORD-090646,2025-07-25,Size / Fit Issue,1
RET-007592,ORD-090649,2025-07-24,Changed Mind,1
RET-007593,ORD-090665,2025-07-22,Size / Fit Issue,2
RET-007594,ORD-090669,2025-07-22,Reason Not Specified,1
RET-007595,ORD-090688,2025-07-19,Defective / Damaged,1
RET-007596,ORD-090723,2025-07-25,Defective / Damaged,1
RET-007597,ORD-090725,2025-07-24,Late Delivery,1
RET-007598,ORD-090727,2025-07-08,Wrong Item Delivered,1
RET-007599,ORD-090736,2025-07-08,Not as Described,2
RET-007600,ORD-090752,2025-07-12,Found Better Price,1
RET-007601,ORD-090770,2025-07-11,Late Delivery,2
RET-007602,ORD-090790,2025-07-23,Size / Fit Issue,1
RET-007603,ORD-090796,2025-07-20,Late Delivery,3
RET-007604,ORD-090811,2025-07-26,Changed Mind,1
RET-007605,ORD-090828,2025-07-15,Found Better Price,2
RET-007606,ORD-090882,2025-07-26,Size / Fit Issue,3
RET-007607,ORD-090885,2025-07-20,Wrong Item Delivered,1
RET-007608,ORD-090891,2025-07-14,Missing Parts / Accessories,1
RET-007609,ORD-090949,2025-07-15,Found Better Price,1
RET-007610,ORD-090976,2025-07-27,Defective / Damaged,2
RET-007611,ORD-090987,2025-07-28,Not as Described,1
RET-007612,ORD-090994,2025-07-15,Changed Mind,1
RET-007613,ORD-090998,2025-07-20,Not as Described,1
RET-007614,ORD-091028,2025-07-19,Changed Mind,1
RET-007615,ORD-091032,2025-07-17,Changed Mind,2
RET-007616,ORD-091036,2025-07-21,Defective / Damaged,1
RET-007617,ORD-091039,2025-07-11,Late Delivery,2
RET-007618,ORD-091047,2025-07-23,Wrong Item Delivered,1
RET-007619,ORD-091048,2025-07-19,Size / Fit Issue,1
RET-007620,ORD-091058,2025-07-21,Not as Described,1
RET-007621,ORD-091059,2025-07-17,Late Delivery,1
RET-007622,ORD-091091,2025-07-19,Late Delivery,1
RET-007623,ORD-091109,2025-07-15,Size / Fit Issue,1
RET-007624,ORD-091112,2025-07-19,Changed Mind,1
RET-007625,ORD-091121,2025-07-11,Late Delivery,1
RET-007626,ORD-091155,2025-07-17,Size / Fit Issue,1
RET-007627,ORD-091170,2025-07-29,Wrong Item Delivered,1
RET-007628,ORD-091178,2025-07-18,Late Delivery,1
RET-007629,ORD-091185,2025-07-28,Not as Described,2
RET-007630,ORD-091186,2025-07-28,Not as Described,1
RET-007631,ORD-091225,2025-07-14,Late Delivery,1
RET-007632,ORD-091241,2025-07-24,Changed Mind,1
RET-007633,ORD-091260,2025-07-19,Changed Mind,1
RET-007634,ORD-091277,2025-07-25,Size / Fit Issue,1
RET-007635,ORD-091287,2025-07-25,Wrong Item Delivered,1
RET-007636,ORD-091288,2025-07-19,Defective / Damaged,1
RET-007637,ORD-091310,2025-07-23,Wrong Item Delivered,1
RET-007638,ORD-091315,2025-07-16,Changed Mind,3
RET-007639,ORD-091319,2025-07-14,Late Delivery,1
RET-007640,ORD-091325,2025-07-29,Not as Described,4
RET-007641,ORD-091344,2025-07-24,Late Delivery,2
RET-007642,ORD-091346,2025-07-18,Wrong Item Delivered,2
RET-007643,ORD-091348,2025-07-14,Wrong Item Delivered,1
RET-007644,ORD-091350,2025-07-22,Size / Fit Issue,1
RET-007645,ORD-091364,2025-07-18,Size / Fit Issue,1
RET-007646,ORD-091386,2025-07-27,Size / Fit Issue,1
RET-007647,ORD-091398,2025-07-29,Late Delivery,1
RET-007648,ORD-091406,2025-07-24,Wrong Item Delivered,1
RET-007649,ORD-091407,2025-07-20,Defective / Damaged,1
RET-007650,ORD-091432,2025-07-30,Found Better Price,1
RET-007651,ORD-091443,2025-07-31,Late Delivery,1
RET-007652,ORD-091478,2025-07-22,Not as Described,1
RET-007653,ORD-091487,2025-07-24,Reason Not Specified,1
RET-007654,ORD-091496,2025-07-24,Not as Described,2
RET-007655,ORD-091500,2025-08-01,Changed Mind,1
RET-007656,ORD-091502,2025-07-24,Changed Mind,1
RET-007657,ORD-091503,2025-07-30,Defective / Damaged,1
RET-007658,ORD-091504,2025-07-28,Size / Fit Issue,1
RET-007659,ORD-091508,2025-07-17,Missing Parts / Accessories,1
RET-007660,ORD-091536,2025-07-25,Changed Mind,1
RET-007661,ORD-091543,2025-07-27,Changed Mind,3
RET-007662,ORD-091558,2025-08-02,Late Delivery,1
RET-007663,ORD-091575,2025-07-22,Late Delivery,1
RET-007664,ORD-091641,2025-07-31,Missing Parts / Accessories,1
RET-007665,ORD-091651,2025-07-22,Not as Described,1
RET-007666,ORD-091661,2025-07-24,Size / Fit Issue,1
RET-007667,ORD-091683,2025-07-18,Size / Fit Issue,3
RET-007668,ORD-091686,2025-07-22,Changed Mind,1
RET-007669,ORD-091698,2025-07-27,Not as Described,1
RET-007670,ORD-091710,2025-07-24,Changed Mind,1
RET-007671,ORD-091715,2025-07-31,Late Delivery,1
RET-007672,ORD-091725,2025-07-18,Not as Described,1
RET-007673,ORD-091737,2025-07-21,Late Delivery,1
RET-007674,ORD-091757,2025-07-21,Changed Mind,3
RET-007675,ORD-091762,2025-07-23,Not as Described,1
RET-007676,ORD-091768,2025-07-28,Defective / Damaged,1
RET-007677,ORD-091774,2025-07-18,Not as Described,1
RET-007678,ORD-091782,2025-07-23,Late Delivery,2
RET-007679,ORD-091792,2025-07-19,Size / Fit Issue,1
RET-007680,ORD-091811,2025-07-31,Late Delivery,1
RET-007681,ORD-091821,2025-07-30,Size / Fit Issue,1
RET-007682,ORD-091823,2025-07-21,Size / Fit Issue,1
RET-007683,ORD-091847,2025-07-18,Wrong Item Delivered,1
RET-007684,ORD-091864,2025-07-31,Found Better Price,1
RET-007685,ORD-091865,2025-07-30,Size / Fit Issue,1
RET-007686,ORD-091874,2025-07-30,Changed Mind,2
RET-007687,ORD-091939,2025-07-31,Defective / Damaged,1
RET-007688,ORD-091942,2025-07-22,Size / Fit Issue,1
RET-007689,ORD-091943,2025-07-18,Found Better Price,1
RET-007690,ORD-091945,2025-07-23,Wrong Item Delivered,1
RET-007691,ORD-091966,2025-08-04,Not as Described,1
RET-007692,ORD-091980,2025-08-03,Size / Fit Issue,1
RET-007693,ORD-091986,2025-07-28,Not as Described,1
RET-007694,ORD-091988,2025-07-19,Late Delivery,1
RET-007695,ORD-091996,2025-08-04,Changed Mind,1
RET-007696,ORD-091998,2025-07-20,Wrong Item Delivered,1
RET-007697,ORD-092011,2025-07-24,Late Delivery,1
RET-007698,ORD-092032,2025-08-01,Size / Fit Issue,1
RET-007699,ORD-092034,2025-07-30,Not as Described,3
RET-007700,ORD-092038,2025-08-03,Wrong Item Delivered,1
RET-007701,ORD-092052,2025-07-25,Late Delivery,1
RET-007702,ORD-092071,2025-08-04,Changed Mind,1
RET-007703,ORD-092073,2025-08-01,Wrong Item Delivered,1
RET-007704,ORD-092090,2025-07-30,Late Delivery,1
RET-007705,ORD-092092,2025-07-21,Late Delivery,3
RET-007706,ORD-092104,2025-07-22,Size / Fit Issue,2
RET-007707,ORD-092142,2025-08-03,Late Delivery,1
RET-007708,ORD-092145,2025-08-07,Changed Mind,1
RET-007709,ORD-092157,2025-08-05,Wrong Item Delivered,1
RET-007710,ORD-092209,2025-07-22,Changed Mind,1
RET-007711,ORD-092212,2025-07-21,Not as Described,1
RET-007712,ORD-092235,2025-07-21,Not as Described,1
RET-007713,ORD-092237,2025-07-26,Late Delivery,1
RET-007714,ORD-092244,2025-08-05,Late Delivery,1
RET-007715,ORD-092259,2025-07-30,Found Better Price,1
RET-007716,ORD-092274,2025-07-26,Wrong Item Delivered,4
RET-007717,ORD-092275,2025-07-24,Defective / Damaged,1
RET-007718,ORD-092287,2025-07-29,Defective / Damaged,1
RET-007719,ORD-092300,2025-08-01,Size / Fit Issue,4
RET-007720,ORD-092304,2025-07-29,Wrong Item Delivered,1
RET-007721,ORD-092306,2025-07-27,Size / Fit Issue,1
RET-007722,ORD-092307,2025-07-23,Changed Mind,1
RET-007723,ORD-092333,2025-07-31,Late Delivery,5
RET-007724,ORD-092341,2025-07-22,Changed Mind,1
RET-007725,ORD-092345,2025-07-24,Found Better Price,2
RET-007726,ORD-092369,2025-07-29,Changed Mind,1
RET-007727,ORD-092382,2025-08-02,Found Better Price,1
RET-007728,ORD-092402,2025-08-05,Late Delivery,1
RET-007729,ORD-092427,2025-08-01,Found Better Price,1
RET-007730,ORD-092444,2025-08-08,Size / Fit Issue,1
RET-007731,ORD-092447,2025-08-09,Changed Mind,1
RET-007732,ORD-092453,2025-08-09,Changed Mind,1
RET-007733,ORD-092458,2025-08-08,Changed Mind,1
RET-007734,ORD-092463,2025-07-30,Changed Mind,1
RET-007735,ORD-092469,2025-08-08,Size / Fit Issue,1
RET-007736,ORD-092484,2025-08-10,Size / Fit Issue,3
RET-007737,ORD-092489,2025-07-26,Wrong Item Delivered,1
RET-007738,ORD-092498,2025-07-24,Changed Mind,1
RET-007739,ORD-092511,2025-07-25,Not as Described,1
RET-007740,ORD-092518,2025-08-11,Defective / Damaged,1
RET-007741,ORD-092542,2025-08-11,Size / Fit Issue,1
RET-007742,ORD-092553,2025-07-24,Defective / Damaged,1
RET-007743,ORD-092599,2025-07-27,Size / Fit Issue,1
RET-007744,ORD-092606,2025-07-25,Found Better Price,1
RET-007745,ORD-092608,2025-07-24,Size / Fit Issue,2
RET-007746,ORD-092618,2025-08-07,Changed Mind,1
RET-007747,ORD-092630,2025-08-05,Missing Parts / Accessories,1
RET-007748,ORD-092640,2025-08-11,Changed Mind,2
RET-007749,ORD-092662,2025-08-10,Changed Mind,1
RET-007750,ORD-092679,2025-08-04,Not as Described,1
RET-007751,ORD-092686,2025-08-03,Wrong Item Delivered,1
RET-007752,ORD-092725,2025-07-31,Size / Fit Issue,1
RET-007753,ORD-092733,2025-08-10,Not as Described,1
RET-007754,ORD-092747,2025-08-10,Changed Mind,1
RET-007755,ORD-092753,2025-07-30,Changed Mind,1
RET-007756,ORD-092790,2025-07-26,Not as Described,1
RET-007757,ORD-092804,2025-08-11,Missing Parts / Accessories,1
RET-007758,ORD-092812,2025-07-30,Late Delivery,1
RET-007759,ORD-092821,2025-07-29,Changed Mind,1
RET-007760,ORD-092824,2025-08-04,Wrong Item Delivered,1
RET-007761,ORD-092846,2025-08-03,Changed Mind,1
RET-007762,ORD-092862,2025-07-28,Late Delivery,1
RET-007763,ORD-092867,2025-07-27,Late Delivery,4
RET-007764,ORD-092895,2025-08-06,Changed Mind,1
RET-007765,ORD-092900,2025-08-09,Not as Described,1
RET-007766,ORD-092908,2025-08-12,Defective / Damaged,1
RET-007767,ORD-092916,2025-07-30,Wrong Item Delivered,1
RET-007768,ORD-092968,2025-08-13,Defective / Damaged,1
RET-007769,ORD-092988,2025-08-02,Wrong Item Delivered,2
RET-007770,ORD-092996,2025-08-07,Changed Mind,1
RET-007771,ORD-093001,2025-07-28,Changed Mind,1
RET-007772,ORD-093013,2025-07-30,Defective / Damaged,1
RET-007773,ORD-093020,2025-07-28,Changed Mind,1
RET-007774,ORD-093023,2025-08-02,Late Delivery,1
RET-007775,ORD-093024,2025-07-29,Wrong Item Delivered,1
RET-007776,ORD-093026,2025-08-15,Wrong Item Delivered,2
RET-007777,ORD-093027,2025-08-02,Changed Mind,1
RET-007778,ORD-093048,2025-08-03,Not as Described,2
RET-007779,ORD-093055,2025-08-05,Wrong Item Delivered,1
RET-007780,ORD-093056,2025-08-13,Changed Mind,3
RET-007781,ORD-093068,2025-07-30,Late Delivery,1
RET-007782,ORD-093083,2025-08-10,Not as Described,1
RET-007783,ORD-093093,2025-07-30,Not as Described,1
RET-007784,ORD-093095,2025-08-13,Missing Parts / Accessories,1
RET-007785,ORD-093110,2025-07-31,Late Delivery,1
RET-007786,ORD-093129,2025-08-12,Defective / Damaged,1
RET-007787,ORD-093153,2025-08-02,Changed Mind,1
RET-007788,ORD-093190,2025-08-04,Defective / Damaged,2
RET-007789,ORD-093192,2025-08-11,Not as Described,1
RET-007790,ORD-093212,2025-08-01,Late Delivery,1
RET-007791,ORD-093218,2025-08-01,Late Delivery,1
RET-007792,ORD-093224,2025-08-04,Wrong Item Delivered,1
RET-007793,ORD-093238,2025-08-11,Found Better Price,1
RET-007794,ORD-093244,2025-08-13,Defective / Damaged,1
RET-007795,ORD-093248,2025-08-10,Size / Fit Issue,1
RET-007796,ORD-093249,2025-08-11,Size / Fit Issue,1
RET-007797,ORD-093296,2025-08-17,Defective / Damaged,1
RET-007798,ORD-093297,2025-08-02,Wrong Item Delivered,1
RET-007799,ORD-093301,2025-08-05,Changed Mind,1
RET-007800,ORD-093307,2025-08-17,Late Delivery,2
RET-007801,ORD-093310,2025-08-04,Changed Mind,1
RET-007802,ORD-093322,2025-08-09,Late Delivery,2
RET-007803,ORD-093324,2025-08-11,Changed Mind,1
RET-007804,ORD-093336,2025-08-08,Defective / Damaged,1
RET-007805,ORD-093337,2025-08-03,Wrong Item Delivered,1
RET-007806,ORD-093363,2025-07-31,Found Better Price,2
RET-007807,ORD-093369,2025-08-01,Late Delivery,1
RET-007808,ORD-093386,2025-08-06,Found Better Price,1
RET-007809,ORD-093388,2025-08-01,Found Better Price,1
RET-007810,ORD-093391,2025-08-11,Found Better Price,1
RET-007811,ORD-093401,2025-08-03,Wrong Item Delivered,2
RET-007812,ORD-093452,2025-08-11,Changed Mind,1
RET-007813,ORD-093471,2025-08-15,Changed Mind,1
RET-007814,ORD-093481,2025-08-07,Changed Mind,2
RET-007815,ORD-093502,2025-08-10,Wrong Item Delivered,1
RET-007816,ORD-093507,2025-08-09,Changed Mind,1
RET-007817,ORD-093511,2025-08-10,Defective / Damaged,1
RET-007818,ORD-093515,2025-08-18,Changed Mind,1
RET-007819,ORD-093550,2025-08-19,Not as Described,1
RET-007820,ORD-093554,2025-08-18,Size / Fit Issue,1
RET-007821,ORD-093569,2025-08-19,Missing Parts / Accessories,1
RET-007822,ORD-093586,2025-08-17,Found Better Price,1
RET-007823,ORD-093618,2025-08-09,Defective / Damaged,4
RET-007824,ORD-093620,2025-08-17,Not as Described,2
RET-007825,ORD-093636,2025-08-18,Found Better Price,1
RET-007826,ORD-093662,2025-08-12,Not as Described,1
RET-007827,ORD-093680,2025-08-14,Wrong Item Delivered,1
RET-007828,ORD-093709,2025-08-21,Changed Mind,1
RET-007829,ORD-093722,2025-08-13,Size / Fit Issue,1
RET-007830,ORD-093723,2025-08-18,Late Delivery,2
RET-007831,ORD-093725,2025-08-11,Wrong Item Delivered,1
RET-007832,ORD-093738,2025-08-16,Size / Fit Issue,3
RET-007833,ORD-093743,2025-08-07,Late Delivery,1
RET-007834,ORD-093750,2025-08-08,Late Delivery,2
RET-007835,ORD-093751,2025-08-03,Late Delivery,1
RET-007836,ORD-093754,2025-08-05,Not as Described,1
RET-007837,ORD-093755,2025-08-17,Found Better Price,1
RET-007838,ORD-093765,2025-08-20,Wrong Item Delivered,1
RET-007839,ORD-093784,2025-08-07,Defective / Damaged,1
RET-007840,ORD-093790,2025-08-18,Not as Described,1
RET-007841,ORD-093791,2025-08-07,Late Delivery,1
RET-007842,ORD-093797,2025-08-22,Late Delivery,2
RET-007843,ORD-093798,2025-08-08,Changed Mind,1
RET-007844,ORD-093812,2025-08-10,Not as Described,2
RET-007845,ORD-093820,2025-08-13,Changed Mind,1
RET-007846,ORD-093840,2025-08-11,Wrong Item Delivered,1
RET-007847,ORD-093864,2025-08-06,Size / Fit Issue,1
RET-007848,ORD-093873,2025-08-16,Wrong Item Delivered,3
RET-007849,ORD-093943,2025-08-15,Late Delivery,1
RET-007850,ORD-093952,2025-08-22,Changed Mind,1
RET-007851,ORD-093965,2025-08-14,Not as Described,1
RET-007852,ORD-093967,2025-08-07,Changed Mind,1
RET-007853,ORD-093989,2025-08-10,Found Better Price,1
RET-007854,ORD-094003,2025-08-11,Late Delivery,1
RET-007855,ORD-094006,2025-08-08,Changed Mind,1
RET-007856,ORD-094011,2025-08-10,Not as Described,1
RET-007857,ORD-094038,2025-08-16,Not as Described,3
RET-007858,ORD-094040,2025-08-14,Late Delivery,1
RET-007859,ORD-094058,2025-08-24,Late Delivery,1
RET-007860,ORD-094059,2025-08-16,Not as Described,1
RET-007861,ORD-094065,2025-08-19,Size / Fit Issue,1
RET-007862,ORD-094082,2025-08-20,Wrong Item Delivered,1
RET-007863,ORD-094118,2025-08-10,Late Delivery,1
RET-007864,ORD-094131,2025-08-08,Defective / Damaged,1
RET-007865,ORD-094134,2025-08-09,Size / Fit Issue,1
RET-007866,ORD-094150,2025-08-12,Missing Parts / Accessories,1
RET-007867,ORD-094160,2025-08-12,Size / Fit Issue,1
RET-007868,ORD-094164,2025-08-11,Defective / Damaged,1
RET-007869,ORD-094188,2025-08-23,Found Better Price,1
RET-007870,ORD-094190,2025-08-08,Size / Fit Issue,1
RET-007871,ORD-094208,2025-08-16,Changed Mind,1
RET-007872,ORD-094211,2025-08-11,Changed Mind,1
RET-007873,ORD-094214,2025-08-07,Not as Described,1
RET-007874,ORD-094225,2025-08-19,Size / Fit Issue,1
RET-007875,ORD-094235,2025-08-09,Late Delivery,1
RET-007876,ORD-094243,2025-08-18,Changed Mind,1
RET-007877,ORD-094250,2025-08-10,Wrong Item Delivered,1
RET-007878,ORD-094263,2025-08-17,Missing Parts / Accessories,2
RET-007879,ORD-094281,2025-08-24,Not as Described,1
RET-007880,ORD-094298,2025-08-20,Size / Fit Issue,8
RET-007881,ORD-094308,2025-08-21,Late Delivery,1
RET-007882,ORD-094319,2025-08-25,Changed Mind,1
RET-007883,ORD-094328,2025-08-19,Wrong Item Delivered,1
RET-007884,ORD-094348,2025-08-09,Size / Fit Issue,1
RET-007885,ORD-094350,2025-08-13,Defective / Damaged,1
RET-007886,ORD-094378,2025-08-15,Found Better Price,1
RET-007887,ORD-094379,2025-08-18,Changed Mind,1
RET-007888,ORD-094380,2025-08-12,Found Better Price,1
RET-007889,ORD-094393,2025-08-12,Changed Mind,1
RET-007890,ORD-094408,2025-08-14,Changed Mind,1
RET-007891,ORD-094426,2025-08-19,Changed Mind,1
RET-007892,ORD-094427,2025-08-09,Changed Mind,1
RET-007893,ORD-094434,2025-08-21,Size / Fit Issue,1
RET-007894,ORD-094472,2025-08-26,Wrong Item Delivered,1
RET-007895,ORD-094474,2025-08-16,Not as Described,2
RET-007896,ORD-094480,2025-08-18,Wrong Item Delivered,1
RET-007897,ORD-094485,2025-08-22,Not as Described,3
RET-007898,ORD-094487,2025-08-16,Changed Mind,1
RET-007899,ORD-094498,2025-08-25,Late Delivery,1
RET-007900,ORD-094517,2025-08-15,Late Delivery,2
RET-007901,ORD-094533,2025-08-16,Not as Described,2
RET-007902,ORD-094534,2025-08-22,Not as Described,3
RET-007903,ORD-094539,2025-08-21,Size / Fit Issue,1
RET-007904,ORD-094545,2025-08-14,Defective / Damaged,2
RET-007905,ORD-094548,2025-08-25,Changed Mind,1
RET-007906,ORD-094560,2025-08-25,Found Better Price,2
RET-007907,ORD-094565,2025-08-17,Size / Fit Issue,2
RET-007908,ORD-094566,2025-08-11,Late Delivery,1
RET-007909,ORD-094576,2025-08-17,Late Delivery,1
RET-007910,ORD-094578,2025-08-14,Size / Fit Issue,1
RET-007911,ORD-094663,2025-08-12,Not as Described,1
RET-007912,ORD-094667,2025-08-21,Wrong Item Delivered,2
RET-007913,ORD-094719,2025-08-23,Changed Mind,1
RET-007914,ORD-094727,2025-08-26,Changed Mind,2
RET-007915,ORD-094736,2025-08-20,Wrong Item Delivered,2
RET-007916,ORD-094754,2025-08-13,Changed Mind,1
RET-007917,ORD-094755,2025-08-18,Defective / Damaged,1
RET-007918,ORD-094791,2025-08-20,Changed Mind,1
RET-007919,ORD-094807,2025-08-24,Late Delivery,2
RET-007920,ORD-094809,2025-08-19,Found Better Price,1
RET-007921,ORD-094828,2025-08-24,Wrong Item Delivered,1
RET-007922,ORD-094829,2025-08-24,Size / Fit Issue,3
RET-007923,ORD-094860,2025-08-19,Found Better Price,2
RET-007924,ORD-094871,2025-08-18,Not as Described,2
RET-007925,ORD-094879,2025-08-24,Size / Fit Issue,2
RET-007926,ORD-094883,2025-08-28,Defective / Damaged,1
RET-007927,ORD-094889,2025-08-18,Late Delivery,1
RET-007928,ORD-094896,2025-08-17,Size / Fit Issue,1
RET-007929,ORD-094902,2025-08-16,Not as Described,1
RET-007930,ORD-094913,2025-08-29,Wrong Item Delivered,1
RET-007931,ORD-094919,2025-08-18,Changed Mind,1
RET-007932,ORD-094924,2025-08-20,Changed Mind,1
RET-007933,ORD-094925,2025-08-28,Wrong Item Delivered,1
RET-007934,ORD-094948,2025-08-26,Found Better Price,2
RET-007935,ORD-094986,2025-08-20,Changed Mind,1
RET-007936,ORD-095013,2025-08-20,Changed Mind,1
RET-007937,ORD-095014,2025-08-24,Changed Mind,1
RET-007938,ORD-095019,2025-08-29,Size / Fit Issue,1
RET-007939,ORD-095026,2025-08-27,Found Better Price,1
RET-007940,ORD-095027,2025-08-27,Not as Described,1
RET-007941,ORD-095030,2025-08-22,Changed Mind,1
RET-007942,ORD-095041,2025-08-24,Late Delivery,1
RET-007943,ORD-095052,2025-08-21,Late Delivery,1
RET-007944,ORD-095060,2025-08-28,Missing Parts / Accessories,1
RET-007945,ORD-095067,2025-08-20,Not as Described,1
RET-007946,ORD-095078,2025-08-19,Size / Fit Issue,1
RET-007947,ORD-095098,2025-08-21,Not as Described,1
RET-007948,ORD-095103,2025-08-19,Wrong Item Delivered,1
RET-007949,ORD-095110,2025-08-30,Changed Mind,1
RET-007950,ORD-095114,2025-08-25,Defective / Damaged,1
RET-007951,ORD-095117,2025-08-16,Changed Mind,1
RET-007952,ORD-095123,2025-08-27,Missing Parts / Accessories,1
RET-007953,ORD-095130,2025-08-18,Changed Mind,1
RET-007954,ORD-095142,2025-08-23,Defective / Damaged,2
RET-007955,ORD-095155,2025-08-16,Size / Fit Issue,1
RET-007956,ORD-095174,2025-08-18,Late Delivery,1
RET-007957,ORD-095190,2025-08-17,Not as Described,1
RET-007958,ORD-095204,2025-08-24,Changed Mind,2
RET-007959,ORD-095218,2025-08-23,Late Delivery,1
RET-007960,ORD-095221,2025-09-02,Defective / Damaged,1
RET-007961,ORD-095253,2025-08-30,Found Better Price,1
RET-007962,ORD-095285,2025-08-20,Size / Fit Issue,1
RET-007963,ORD-095287,2025-08-26,Defective / Damaged,1
RET-007964,ORD-095321,2025-08-16,Size / Fit Issue,1
RET-007965,ORD-095358,2025-08-27,Size / Fit Issue,1
RET-007966,ORD-095386,2025-08-21,Changed Mind,1
RET-007967,ORD-095405,2025-08-27,Size / Fit Issue,1
RET-007968,ORD-095408,2025-08-23,Not as Described,1
RET-007969,ORD-095417,2025-09-03,Not as Described,3
RET-007970,ORD-095422,2025-08-17,Not as Described,3
RET-007971,ORD-095424,2025-09-03,Changed Mind,1
RET-007972,ORD-095437,2025-08-21,Late Delivery,1
RET-007973,ORD-095458,2025-08-21,Defective / Damaged,1
RET-007974,ORD-095482,2025-08-20,Late Delivery,3
RET-007975,ORD-095492,2025-09-01,Reason Not Specified,1
RET-007976,ORD-095506,2025-08-17,Size / Fit Issue,1
RET-007977,ORD-095532,2025-08-17,Found Better Price,1
RET-007978,ORD-095540,2025-08-29,Size / Fit Issue,1
RET-007979,ORD-095541,2025-08-19,Changed Mind,2
RET-007980,ORD-095547,2025-08-23,Late Delivery,1
RET-007981,ORD-095551,2025-08-25,Wrong Item Delivered,1
RET-007982,ORD-095558,2025-08-24,Not as Described,2
RET-007983,ORD-095559,2025-08-20,Wrong Item Delivered,1
RET-007984,ORD-095562,2025-08-31,Wrong Item Delivered,1
RET-007985,ORD-095569,2025-08-19,Size / Fit Issue,1
RET-007986,ORD-095577,2025-08-17,Changed Mind,1
RET-007987,ORD-095627,2025-08-25,Late Delivery,1
RET-007988,ORD-095628,2025-08-26,Size / Fit Issue,2
RET-007989,ORD-095646,2025-08-30,Late Delivery,1
RET-007990,ORD-095656,2025-08-21,Not as Described,2
RET-007991,ORD-095658,2025-09-01,Not as Described,2
RET-007992,ORD-095666,2025-08-20,Defective / Damaged,2
RET-007993,ORD-095685,2025-09-02,Changed Mind,1
RET-007994,ORD-095694,2025-08-24,Not as Described,1
RET-007995,ORD-095712,2025-08-30,Size / Fit Issue,1
RET-007996,ORD-095720,2025-09-03,Found Better Price,3
RET-007997,ORD-095726,2025-08-22,Size / Fit Issue,1
RET-007998,ORD-095729,2025-08-19,Changed Mind,1
RET-007999,ORD-095746,2025-08-20,Changed Mind,1
RET-008000,ORD-095747,2025-08-21,Changed Mind,1
RET-008001,ORD-095748,2025-09-06,Defective / Damaged,1
RET-008002,ORD-095799,2025-09-03,Not as Described,2
RET-008003,ORD-095813,2025-08-24,Not as Described,1
RET-008004,ORD-095841,2025-08-30,Not as Described,1
RET-008005,ORD-095847,2025-08-25,Found Better Price,3
RET-008006,ORD-095852,2025-08-20,Late Delivery,1
RET-008007,ORD-095861,2025-09-02,Late Delivery,2
RET-008008,ORD-095889,2025-09-01,Wrong Item Delivered,3
RET-008009,ORD-095903,2025-08-23,Changed Mind,1
RET-008010,ORD-095910,2025-09-05,Not as Described,3
RET-008011,ORD-095917,2025-08-25,Not as Described,1
RET-008012,ORD-095953,2025-09-05,Not as Described,1
RET-008013,ORD-095968,2025-09-01,Size / Fit Issue,1
RET-008014,ORD-095975,2025-08-28,Late Delivery,1
RET-008015,ORD-095977,2025-08-27,Not as Described,1
RET-008016,ORD-095994,2025-08-30,Changed Mind,2
RET-008017,ORD-095997,2025-09-01,Size / Fit Issue,1
RET-008018,ORD-096001,2025-08-26,Defective / Damaged,1
RET-008019,ORD-096016,2025-08-27,Not as Described,1
RET-008020,ORD-096021,2025-08-21,Size / Fit Issue,1
RET-008021,ORD-096028,2025-09-06,Changed Mind,3
RET-008022,ORD-096052,2025-09-07,Defective / Damaged,1
RET-008023,ORD-096074,2025-08-26,Size / Fit Issue,1
RET-008024,ORD-096079,2025-09-05,Changed Mind,2
RET-008025,ORD-096083,2025-08-25,Changed Mind,1
RET-008026,ORD-096093,2025-08-30,Late Delivery,1
RET-008027,ORD-096095,2025-08-22,Wrong Item Delivered,1
RET-008028,ORD-096137,2025-08-23,Not as Described,4
RET-008029,ORD-096139,2025-08-25,Wrong Item Delivered,2
RET-008030,ORD-096151,2025-08-30,Changed Mind,1
RET-008031,ORD-096157,2025-09-05,Changed Mind,1
RET-008032,ORD-096179,2025-08-25,Size / Fit Issue,2
RET-008033,ORD-096195,2025-09-05,Defective / Damaged,1
RET-008034,ORD-096202,2025-08-23,Missing Parts / Accessories,1
RET-008035,ORD-096206,2025-08-27,Late Delivery,2
RET-008036,ORD-096215,2025-09-08,Found Better Price,1
RET-008037,ORD-096223,2025-08-29,Wrong Item Delivered,1
RET-008038,ORD-096226,2025-08-30,Defective / Damaged,1
RET-008039,ORD-096237,2025-08-25,Size / Fit Issue,2
RET-008040,ORD-096245,2025-08-26,Wrong Item Delivered,1
RET-008041,ORD-096251,2025-08-30,Changed Mind,1
RET-008042,ORD-096266,2025-08-29,Changed Mind,1
RET-008043,ORD-096296,2025-09-01,Changed Mind,1
RET-008044,ORD-096303,2025-09-10,Size / Fit Issue,1
RET-008045,ORD-096313,2025-08-24,Changed Mind,1
RET-008046,ORD-096315,2025-09-02,Late Delivery,1
RET-008047,ORD-096324,2025-08-28,Size / Fit Issue,1
RET-008048,ORD-096329,2025-08-24,Found Better Price,1
RET-008049,ORD-096331,2025-09-03,Changed Mind,1
RET-008050,ORD-096347,2025-09-10,Size / Fit Issue,1
RET-008051,ORD-096356,2025-09-02,Late Delivery,1
RET-008052,ORD-096378,2025-09-04,Size / Fit Issue,1
RET-008053,ORD-096388,2025-08-29,Wrong Item Delivered,2
RET-008054,ORD-096400,2025-08-27,Late Delivery,1
RET-008055,ORD-096403,2025-08-29,Changed Mind,1
RET-008056,ORD-096417,2025-09-03,Defective / Damaged,1
RET-008057,ORD-096435,2025-09-09,Defective / Damaged,1
RET-008058,ORD-096437,2025-09-03,Size / Fit Issue,1
RET-008059,ORD-096440,2025-08-28,Wrong Item Delivered,1
RET-008060,ORD-096450,2025-09-10,Wrong Item Delivered,1
RET-008061,ORD-096459,2025-08-28,Defective / Damaged,1
RET-008062,ORD-096463,2025-08-25,Defective / Damaged,1
RET-008063,ORD-096482,2025-08-25,Changed Mind,1
RET-008064,ORD-096524,2025-09-03,Late Delivery,1
RET-008065,ORD-096529,2025-08-27,Found Better Price,1
RET-008066,ORD-096531,2025-09-08,Late Delivery,1
RET-008067,ORD-096538,2025-08-29,Found Better Price,1
RET-008068,ORD-096558,2025-08-29,Wrong Item Delivered,1
RET-008069,ORD-096560,2025-08-26,Wrong Item Delivered,1
RET-008070,ORD-096565,2025-08-25,Late Delivery,1
RET-008071,ORD-096568,2025-08-28,Late Delivery,1
RET-008072,ORD-096578,2025-09-02,Missing Parts / Accessories,1
RET-008073,ORD-096588,2025-08-28,Wrong Item Delivered,1
RET-008074,ORD-096592,2025-08-26,Not as Described,1
RET-008075,ORD-096629,2025-08-28,Size / Fit Issue,1
RET-008076,ORD-096630,2025-09-02,Not as Described,1
RET-008077,ORD-096659,2025-09-10,Late Delivery,1
RET-008078,ORD-096688,2025-09-08,Found Better Price,1
RET-008079,ORD-096696,2025-09-01,Size / Fit Issue,1
RET-008080,ORD-096709,2025-09-04,Changed Mind,1
RET-008081,ORD-096711,2025-09-05,Found Better Price,1
RET-008082,ORD-096713,2025-09-05,Changed Mind,2
RET-008083,ORD-096726,2025-08-28,Not as Described,1
RET-008084,ORD-096739,2025-09-10,Found Better Price,1
RET-008085,ORD-096770,2025-09-10,Size / Fit Issue,1
RET-008086,ORD-096772,2025-09-07,Size / Fit Issue,1
RET-008087,ORD-096782,2025-09-10,Changed Mind,2
RET-008088,ORD-096800,2025-09-06,Not as Described,1
RET-008089,ORD-096802,2025-09-02,Defective / Damaged,1
RET-008090,ORD-096806,2025-09-10,Changed Mind,1
RET-008091,ORD-096812,2025-09-02,Defective / Damaged,1
RET-008092,ORD-096815,2025-08-30,Defective / Damaged,1
RET-008093,ORD-096830,2025-09-04,Defective / Damaged,2
RET-008094,ORD-096831,2025-09-07,Changed Mind,1
RET-008095,ORD-096846,2025-09-14,Size / Fit Issue,1
RET-008096,ORD-096847,2025-09-13,Size / Fit Issue,2
RET-008097,ORD-096849,2025-09-02,Changed Mind,5
RET-008098,ORD-096894,2025-08-30,Not as Described,1
RET-008099,ORD-096900,2025-09-10,Wrong Item Delivered,1
RET-008100,ORD-096907,2025-09-07,Defective / Damaged,1
RET-008101,ORD-096919,2025-08-30,Size / Fit Issue,1
RET-008102,ORD-096933,2025-09-10,Not as Described,1
RET-008103,ORD-096936,2025-09-02,Missing Parts / Accessories,1
RET-008104,ORD-096958,2025-09-03,Changed Mind,1
RET-008105,ORD-096959,2025-08-28,Late Delivery,2
RET-008106,ORD-096988,2025-09-11,Found Better Price,2
RET-008107,ORD-097006,2025-09-01,Late Delivery,1
RET-008108,ORD-097014,2025-08-31,Not as Described,1
RET-008109,ORD-097023,2025-09-08,Late Delivery,1
RET-008110,ORD-097039,2025-09-08,Defective / Damaged,1
RET-008111,ORD-097048,2025-09-05,Changed Mind,1
RET-008112,ORD-097052,2025-09-02,Not as Described,3
RET-008113,ORD-097053,2025-09-10,Late Delivery,2
RET-008114,ORD-097057,2025-09-15,Late Delivery,2
RET-008115,ORD-097064,2025-09-07,Size / Fit Issue,1
RET-008116,ORD-097067,2025-09-15,Late Delivery,1
RET-008117,ORD-097076,2025-09-04,Defective / Damaged,1
RET-008118,ORD-097089,2025-09-05,Found Better Price,1
RET-008119,ORD-097097,2025-08-29,Defective / Damaged,1
RET-008120,ORD-097100,2025-09-07,Changed Mind,3
RET-008121,ORD-097126,2025-09-13,Size / Fit Issue,3
RET-008122,ORD-097132,2025-09-13,Changed Mind,1
RET-008123,ORD-097147,2025-09-12,Late Delivery,1
RET-008124,ORD-097158,2025-09-05,Wrong Item Delivered,1
RET-008125,ORD-097162,2025-09-02,Found Better Price,1
RET-008126,ORD-097166,2025-09-08,Changed Mind,1
RET-008127,ORD-097168,2025-09-05,Size / Fit Issue,1
RET-008128,ORD-097172,2025-08-30,Not as Described,1
RET-008129,ORD-097202,2025-09-12,Defective / Damaged,1
RET-008130,ORD-097220,2025-09-11,Defective / Damaged,1
RET-008131,ORD-097237,2025-09-18,Found Better Price,1
RET-008132,ORD-097251,2025-09-08,Found Better Price,1
RET-008133,ORD-097260,2025-09-11,Changed Mind,1
RET-008134,ORD-097263,2025-09-04,Defective / Damaged,1
RET-008135,ORD-097270,2025-09-18,Size / Fit Issue,3
RET-008136,ORD-097296,2025-09-14,Size / Fit Issue,2
RET-008137,ORD-097301,2025-09-18,Defective / Damaged,1
RET-008138,ORD-097307,2025-09-11,Changed Mind,2
RET-008139,ORD-097315,2025-09-14,Late Delivery,1
RET-008140,ORD-097326,2025-09-13,Wrong Item Delivered,1
RET-008141,ORD-097328,2025-09-08,Changed Mind,1
RET-008142,ORD-097342,2025-09-12,Late Delivery,1
RET-008143,ORD-097347,2025-09-11,Changed Mind,1
RET-008144,ORD-097350,2025-09-07,Size / Fit Issue,2
RET-008145,ORD-097367,2025-09-14,Defective / Damaged,1
RET-008146,ORD-097369,2025-09-04,Late Delivery,1
RET-008147,ORD-097370,2025-09-06,Not as Described,1
RET-008148,ORD-097411,2025-09-19,Defective / Damaged,2
RET-008149,ORD-097414,2025-09-03,Late Delivery,1
RET-008150,ORD-097421,2025-09-17,Wrong Item Delivered,1
RET-008151,ORD-097433,2025-09-06,Size / Fit Issue,1
RET-008152,ORD-097438,2025-09-10,Changed Mind,1
RET-008153,ORD-097452,2025-09-18,Found Better Price,2
RET-008154,ORD-097454,2025-09-07,Size / Fit Issue,1
RET-008155,ORD-097463,2025-09-12,Found Better Price,1
RET-008156,ORD-097477,2025-09-08,Changed Mind,3
RET-008157,ORD-097484,2025-09-08,Not as Described,1
RET-008158,ORD-097495,2025-09-18,Late Delivery,1
RET-008159,ORD-097498,2025-09-06,Defective / Damaged,1
RET-008160,ORD-097501,2025-09-03,Size / Fit Issue,1
RET-008161,ORD-097530,2025-09-11,Defective / Damaged,1
RET-008162,ORD-097534,2025-09-06,Size / Fit Issue,2
RET-008163,ORD-097538,2025-09-04,Missing Parts / Accessories,1
RET-008164,ORD-097551,2025-09-17,Changed Mind,1
RET-008165,ORD-097568,2025-09-03,Defective / Damaged,1
RET-008166,ORD-097571,2025-09-15,Late Delivery,1
RET-008167,ORD-097576,2025-09-12,Changed Mind,2
RET-008168,ORD-097580,2025-09-09,Changed Mind,1
RET-008169,ORD-097593,2025-09-16,Defective / Damaged,1
RET-008170,ORD-097601,2025-09-08,Late Delivery,1
RET-008171,ORD-097608,2025-09-17,Found Better Price,1
RET-008172,ORD-097614,2025-09-09,Defective / Damaged,1
RET-008173,ORD-097617,2025-09-15,Found Better Price,3
RET-008174,ORD-097620,2025-09-03,Defective / Damaged,2
RET-008175,ORD-097639,2025-09-19,Defective / Damaged,1
RET-008176,ORD-097642,2025-09-08,Defective / Damaged,1
RET-008177,ORD-097644,2025-09-17,Defective / Damaged,1
RET-008178,ORD-097646,2025-09-14,Changed Mind,1
RET-008179,ORD-097652,2025-09-09,Not as Described,1
RET-008180,ORD-097662,2025-09-08,Wrong Item Delivered,1
RET-008181,ORD-097674,2025-09-15,Wrong Item Delivered,3
RET-008182,ORD-097686,2025-09-18,Size / Fit Issue,1
RET-008183,ORD-097694,2025-09-10,Wrong Item Delivered,1
RET-008184,ORD-097712,2025-09-04,Found Better Price,1
RET-008185,ORD-097719,2025-09-16,Wrong Item Delivered,1
RET-008186,ORD-097722,2025-09-10,Late Delivery,1
RET-008187,ORD-097728,2025-09-20,Late Delivery,2
RET-008188,ORD-097734,2025-09-22,Wrong Item Delivered,3
RET-008189,ORD-097745,2025-09-21,Late Delivery,1
RET-008190,ORD-097764,2025-09-12,Size / Fit Issue,1
RET-008191,ORD-097795,2025-09-13,Defective / Damaged,1
RET-008192,ORD-097812,2025-09-15,Changed Mind,1
RET-008193,ORD-097824,2025-09-14,Size / Fit Issue,2
RET-008194,ORD-097835,2025-09-20,Not as Described,1
RET-008195,ORD-097850,2025-09-13,Not as Described,1
RET-008196,ORD-097861,2025-09-10,Late Delivery,1
RET-008197,ORD-097873,2025-09-09,Defective / Damaged,1
RET-008198,ORD-097878,2025-09-19,Wrong Item Delivered,1
RET-008199,ORD-097884,2025-09-21,Late Delivery,3
RET-008200,ORD-097896,2025-09-11,Defective / Damaged,2
RET-008201,ORD-097902,2025-09-23,Changed Mind,2
RET-008202,ORD-097904,2025-09-12,Changed Mind,1
RET-008203,ORD-097915,2025-09-16,Not as Described,1
RET-008204,ORD-097936,2025-09-05,Missing Parts / Accessories,1
RET-008205,ORD-097937,2025-09-22,Defective / Damaged,1
RET-008206,ORD-097943,2025-09-15,Late Delivery,1
RET-008207,ORD-097944,2025-09-18,Defective / Damaged,1
RET-008208,ORD-097956,2025-09-21,Size / Fit Issue,1
RET-008209,ORD-097967,2025-09-11,Size / Fit Issue,1
RET-008210,ORD-097977,2025-09-17,Late Delivery,1
RET-008211,ORD-098012,2025-09-14,Late Delivery,1
RET-008212,ORD-098029,2025-09-14,Found Better Price,1
RET-008213,ORD-098040,2025-09-15,Wrong Item Delivered,1
RET-008214,ORD-098050,2025-09-12,Size / Fit Issue,2
RET-008215,ORD-098054,2025-09-24,Missing Parts / Accessories,1
RET-008216,ORD-098065,2025-09-10,Defective / Damaged,1
RET-008217,ORD-098079,2025-09-21,Late Delivery,1
RET-008218,ORD-098085,2025-09-16,Wrong Item Delivered,2
RET-008219,ORD-098108,2025-09-20,Defective / Damaged,1
RET-008220,ORD-098115,2025-09-11,Not as Described,1
RET-008221,ORD-098117,2025-09-12,Not as Described,1
RET-008222,ORD-098120,2025-09-07,Wrong Item Delivered,1
RET-008223,ORD-098127,2025-09-09,Defective / Damaged,1
RET-008224,ORD-098144,2025-09-18,Not as Described,1
RET-008225,ORD-098156,2025-09-11,Not as Described,1
RET-008226,ORD-098175,2025-09-15,Changed Mind,1
RET-008227,ORD-098178,2025-09-19,Not as Described,1
RET-008228,ORD-098184,2025-09-17,Changed Mind,1
RET-008229,ORD-098221,2025-09-08,Not as Described,1
RET-008230,ORD-098227,2025-09-16,Changed Mind,1
RET-008231,ORD-098228,2025-09-23,Changed Mind,1
RET-008232,ORD-098229,2025-09-19,Wrong Item Delivered,1
RET-008233,ORD-098230,2025-09-09,Found Better Price,1
RET-008234,ORD-098231,2025-09-15,Size / Fit Issue,1
RET-008235,ORD-098232,2025-09-11,Changed Mind,1
RET-008236,ORD-098234,2025-09-23,Defective / Damaged,2
RET-008237,ORD-098266,2025-09-15,Changed Mind,1
RET-008238,ORD-098270,2025-09-24,Wrong Item Delivered,1
RET-008239,ORD-098278,2025-09-16,Found Better Price,1
RET-008240,ORD-098280,2025-09-15,Not as Described,2
RET-008241,ORD-098285,2025-09-26,Not as Described,1
RET-008242,ORD-098286,2025-09-16,Changed Mind,1
RET-008243,ORD-098288,2025-09-22,Changed Mind,1
RET-008244,ORD-098295,2025-09-11,Changed Mind,1
RET-008245,ORD-098317,2025-09-14,Defective / Damaged,1
RET-008246,ORD-098327,2025-09-23,Not as Described,1
RET-008247,ORD-098343,2025-09-15,Size / Fit Issue,1
RET-008248,ORD-098369,2025-09-09,Reason Not Specified,1
RET-008249,ORD-098376,2025-09-27,Changed Mind,1
RET-008250,ORD-098377,2025-09-22,Found Better Price,1
RET-008251,ORD-098381,2025-09-21,Not as Described,1
RET-008252,ORD-098385,2025-09-27,Defective / Damaged,1
RET-008253,ORD-098392,2025-09-17,Not as Described,1
RET-008254,ORD-098394,2025-09-25,Wrong Item Delivered,1
RET-008255,ORD-098412,2025-09-21,Size / Fit Issue,1
RET-008256,ORD-098425,2025-09-22,Defective / Damaged,1
RET-008257,ORD-098434,2025-09-26,Changed Mind,2
RET-008258,ORD-098436,2025-09-20,Changed Mind,1
RET-008259,ORD-098471,2025-09-11,Size / Fit Issue,1
RET-008260,ORD-098505,2025-09-23,Changed Mind,1
RET-008261,ORD-098507,2025-09-17,Wrong Item Delivered,2
RET-008262,ORD-098509,2025-09-18,Late Delivery,1
RET-008263,ORD-098517,2025-09-21,Late Delivery,1
RET-008264,ORD-098527,2025-09-26,Found Better Price,2
RET-008265,ORD-098546,2025-09-14,Not as Described,1
RET-008266,ORD-098558,2025-09-16,Size / Fit Issue,2
RET-008267,ORD-098563,2025-09-26,Changed Mind,1
RET-008268,ORD-098567,2025-09-23,Changed Mind,1
RET-008269,ORD-098574,2025-09-21,Wrong Item Delivered,1
RET-008270,ORD-098582,2025-09-23,Defective / Damaged,1
RET-008271,ORD-098593,2025-09-24,Changed Mind,1
RET-008272,ORD-098603,2025-09-12,Size / Fit Issue,1
RET-008273,ORD-098611,2025-09-13,Found Better Price,2
RET-008274,ORD-098616,2025-09-13,Found Better Price,1
RET-008275,ORD-098629,2025-09-28,Changed Mind,1
RET-008276,ORD-098630,2025-09-24,Changed Mind,2
RET-008277,ORD-098644,2025-09-12,Size / Fit Issue,1
RET-008278,ORD-098645,2025-09-16,Reason Not Specified,1
RET-008279,ORD-098649,2025-09-15,Not as Described,1
RET-008280,ORD-098659,2025-09-17,Changed Mind,1
RET-008281,ORD-098660,2025-09-16,Changed Mind,1
RET-008282,ORD-098667,2025-09-27,Not as Described,3
RET-008283,ORD-098669,2025-09-24,Late Delivery,1
RET-008284,ORD-098673,2025-09-20,Size / Fit Issue,1
RET-008285,ORD-098716,2025-09-28,Late Delivery,1
RET-008286,ORD-098720,2025-09-12,Defective / Damaged,1
RET-008287,ORD-098749,2025-09-23,Not as Described,1
RET-008288,ORD-098759,2025-09-26,Changed Mind,1
RET-008289,ORD-098771,2025-09-24,Found Better Price,2
RET-008290,ORD-098773,2025-09-14,Size / Fit Issue,2
RET-008291,ORD-098814,2025-09-12,Not as Described,1
RET-008292,ORD-098821,2025-09-22,Not as Described,1
RET-008293,ORD-098833,2025-09-16,Defective / Damaged,1
RET-008294,ORD-098840,2025-09-13,Changed Mind,1
RET-008295,ORD-098856,2025-09-13,Not as Described,2
RET-008296,ORD-098860,2025-09-24,Missing Parts / Accessories,1
RET-008297,ORD-098884,2025-09-20,Size / Fit Issue,1
RET-008298,ORD-098891,2025-10-01,Not as Described,1
RET-008299,ORD-098903,2025-10-01,Changed Mind,1
RET-008300,ORD-098929,2025-09-28,Defective / Damaged,1
RET-008301,ORD-098931,2025-09-15,Found Better Price,1
RET-008302,ORD-098964,2025-09-14,Changed Mind,1
RET-008303,ORD-098965,2025-09-14,Defective / Damaged,1
RET-008304,ORD-098974,2025-09-13,Late Delivery,1
RET-008305,ORD-098979,2025-09-24,Not as Described,2
RET-008306,ORD-098984,2025-09-20,Changed Mind,1
RET-008307,ORD-098998,2025-09-19,Not as Described,1
RET-008308,ORD-099007,2025-09-28,Defective / Damaged,1
RET-008309,ORD-099038,2025-09-17,Late Delivery,1
RET-008310,ORD-099044,2025-09-29,Late Delivery,1
RET-008311,ORD-099077,2025-09-28,Size / Fit Issue,1
RET-008312,ORD-099088,2025-09-18,Not as Described,2
RET-008313,ORD-099090,2025-09-28,Defective / Damaged,1
RET-008314,ORD-099094,2025-09-21,Defective / Damaged,1
RET-008315,ORD-099119,2025-09-21,Not as Described,1
RET-008316,ORD-099122,2025-09-22,Not as Described,2
RET-008317,ORD-099133,2025-09-23,Found Better Price,1
RET-008318,ORD-099194,2025-09-20,Found Better Price,1
RET-008319,ORD-099212,2025-10-03,Late Delivery,1
RET-008320,ORD-099219,2025-09-23,Wrong Item Delivered,1
RET-008321,ORD-099229,2025-09-26,Found Better Price,1
RET-008322,ORD-099236,2025-09-30,Size / Fit Issue,1
RET-008323,ORD-099249,2025-09-19,Wrong Item Delivered,1
RET-008324,ORD-099260,2025-09-16,Found Better Price,5
RET-008325,ORD-099266,2025-09-26,Defective / Damaged,1
RET-008326,ORD-099310,2025-09-27,Late Delivery,1
RET-008327,ORD-099315,2025-09-17,Reason Not Specified,3
RET-008328,ORD-099319,2025-09-25,Not as Described,1
RET-008329,ORD-099328,2025-10-02,Not as Described,1
RET-008330,ORD-099337,2025-09-27,Changed Mind,1
RET-008331,ORD-099341,2025-09-25,Size / Fit Issue,1
RET-008332,ORD-099344,2025-09-20,Wrong Item Delivered,1
RET-008333,ORD-099364,2025-09-24,Found Better Price,1
RET-008334,ORD-099373,2025-09-21,Late Delivery,1
RET-008335,ORD-099375,2025-10-05,Wrong Item Delivered,1
RET-008336,ORD-099382,2025-09-20,Wrong Item Delivered,3
RET-008337,ORD-099396,2025-10-04,Changed Mind,1
RET-008338,ORD-099401,2025-09-25,Defective / Damaged,1
RET-008339,ORD-099408,2025-09-26,Size / Fit Issue,1
RET-008340,ORD-099414,2025-09-17,Not as Described,1
RET-008341,ORD-099427,2025-09-24,Defective / Damaged,1
RET-008342,ORD-099433,2025-09-25,Not as Described,2
RET-008343,ORD-099445,2025-09-29,Changed Mind,1
RET-008344,ORD-099448,2025-09-29,Changed Mind,1
RET-008345,ORD-099453,2025-09-20,Found Better Price,1
RET-008346,ORD-099456,2025-09-23,Not as Described,1
RET-008348,ORD-099461,2025-09-21,Size / Fit Issue,1
RET-008349,ORD-099467,2025-09-28,Not as Described,1
RET-008350,ORD-099478,2025-09-25,Not as Described,1
RET-008351,ORD-099571,2025-10-01,Missing Parts / Accessories,1
RET-008352,ORD-099573,2025-09-24,Wrong Item Delivered,3
RET-008353,ORD-099574,2025-09-27,Wrong Item Delivered,3
RET-008354,ORD-099605,2025-10-02,Changed Mind,1
RET-008355,ORD-099608,2025-09-20,Wrong Item Delivered,1
RET-008356,ORD-099609,2025-10-03,Size / Fit Issue,1
RET-008357,ORD-099616,2025-10-07,Defective / Damaged,1
RET-008358,ORD-099651,2025-09-21,Late Delivery,1
RET-008359,ORD-099655,2025-09-28,Defective / Damaged,1
RET-008360,ORD-099666,2025-10-07,Changed Mind,1
RET-008361,ORD-099672,2025-10-08,Changed Mind,1
RET-008362,ORD-099694,2025-10-06,Size / Fit Issue,1
RET-008363,ORD-099705,2025-09-22,Defective / Damaged,1
RET-008364,ORD-099721,2025-10-03,Size / Fit Issue,2
RET-008365,ORD-099734,2025-09-30,Not as Described,1
RET-008366,ORD-099744,2025-09-23,Defective / Damaged,1
RET-008367,ORD-099754,2025-09-23,Changed Mind,1
RET-008368,ORD-099761,2025-10-02,Wrong Item Delivered,1
RET-008369,ORD-099779,2025-10-03,Missing Parts / Accessories,1
RET-008370,ORD-099780,2025-10-05,Changed Mind,1
RET-008371,ORD-099785,2025-10-01,Not as Described,1
RET-008372,ORD-099804,2025-10-07,Wrong Item Delivered,1
RET-008373,ORD-099812,2025-10-01,Defective / Damaged,1
RET-008374,ORD-099817,2025-10-05,Changed Mind,1
RET-008375,ORD-099844,2025-09-25,Not as Described,2
RET-008376,ORD-099846,2025-10-08,Size / Fit Issue,1
RET-008377,ORD-099854,2025-10-04,Size / Fit Issue,1
RET-008378,ORD-099863,2025-10-03,Wrong Item Delivered,1
RET-008379,ORD-099866,2025-09-24,Found Better Price,2
RET-008380,ORD-099917,2025-10-05,Missing Parts / Accessories,1
RET-008381,ORD-099923,2025-09-26,Changed Mind,1
RET-008382,ORD-099924,2025-09-28,Size / Fit Issue,1
RET-008383,ORD-099938,2025-10-08,Changed Mind,2
RET-008384,ORD-099943,2025-09-27,Defective / Damaged,2
RET-008385,ORD-099956,2025-09-28,Missing Parts / Accessories,1
RET-008386,ORD-099965,2025-09-22,Changed Mind,1
RET-008387,ORD-099978,2025-09-23,Defective / Damaged,2
RET-008388,ORD-100004,2025-10-01,Size / Fit Issue,1
RET-008389,ORD-100006,2025-09-24,Not as Described,1
RET-008390,ORD-100007,2025-09-30,Wrong Item Delivered,1
RET-008391,ORD-100009,2025-09-28,Wrong Item Delivered,1
RET-008392,ORD-100042,2025-09-25,Changed Mind,3
RET-008393,ORD-100043,2025-10-08,Not as Described,1
RET-008394,ORD-100046,2025-10-05,Changed Mind,1
RET-008395,ORD-100047,2025-10-09,Defective / Damaged,1
RET-008396,ORD-100054,2025-10-04,Changed Mind,1
RET-008397,ORD-100095,2025-10-01,Changed Mind,1
RET-008398,ORD-100099,2025-09-24,Wrong Item Delivered,1
RET-008399,ORD-100108,2025-09-27,Found Better Price,1
RET-008400,ORD-100129,2025-10-06,Defective / Damaged,2
RET-008401,ORD-100141,2025-10-11,Defective / Damaged,1
RET-008402,ORD-100142,2025-10-05,Late Delivery,1
RET-008403,ORD-100148,2025-10-04,Late Delivery,1
RET-008404,ORD-100163,2025-09-29,Not as Described,1
RET-008405,ORD-100173,2025-10-06,Size / Fit Issue,1
RET-008406,ORD-100177,2025-10-10,Defective / Damaged,2
RET-008407,ORD-100178,2025-10-08,Size / Fit Issue,1
RET-008408,ORD-100183,2025-10-07,Changed Mind,1
RET-008409,ORD-100195,2025-10-06,Late Delivery,1
RET-008410,ORD-100220,2025-09-29,Defective / Damaged,4
RET-008411,ORD-100221,2025-10-05,Late Delivery,1
RET-008412,ORD-100222,2025-10-06,Not as Described,1
RET-008413,ORD-100223,2025-09-24,Size / Fit Issue,1
RET-008414,ORD-100224,2025-09-28,Changed Mind,1
RET-008415,ORD-100229,2025-10-01,Size / Fit Issue,1
RET-008416,ORD-100244,2025-09-26,Changed Mind,1
RET-008417,ORD-100246,2025-09-28,Size / Fit Issue,1
RET-008418,ORD-100253,2025-09-29,Size / Fit Issue,2
RET-008419,ORD-100255,2025-10-09,Changed Mind,1
RET-008420,ORD-100266,2025-10-07,Not as Described,1
RET-008421,ORD-100300,2025-10-09,Size / Fit Issue,1
RET-008422,ORD-100302,2025-10-10,Changed Mind,1
RET-008423,ORD-100333,2025-10-01,Size / Fit Issue,1
RET-008424,ORD-100351,2025-10-04,Not as Described,3
RET-008425,ORD-100369,2025-10-09,Size / Fit Issue,2
RET-008426,ORD-100382,2025-10-02,Late Delivery,1
RET-008427,ORD-100387,2025-10-03,Not as Described,1
RET-008428,ORD-100391,2025-10-06,Size / Fit Issue,1
RET-008429,ORD-100398,2025-10-09,Found Better Price,1
RET-008430,ORD-100458,2025-10-08,Defective / Damaged,2
RET-008431,ORD-100483,2025-09-30,Size / Fit Issue,1
RET-008432,ORD-100510,2025-10-05,Changed Mind,1
RET-008433,ORD-100511,2025-10-06,Defective / Damaged,1
RET-008434,ORD-100525,2025-09-27,Reason Not Specified,1
RET-008435,ORD-100538,2025-10-10,Missing Parts / Accessories,1
RET-008436,ORD-100552,2025-10-05,Size / Fit Issue,2
RET-008437,ORD-100565,2025-09-28,Size / Fit Issue,1
RET-008438,ORD-100570,2025-10-13,Size / Fit Issue,3
RET-008439,ORD-100598,2025-10-15,Not as Described,1
RET-008440,ORD-100610,2025-10-05,Size / Fit Issue,1
RET-008441,ORD-100616,2025-09-27,Not as Described,1
RET-008442,ORD-100642,2025-10-04,Size / Fit Issue,1
RET-008443,ORD-100667,2025-10-09,Found Better Price,1
RET-008444,ORD-100668,2025-10-06,Found Better Price,1
RET-008445,ORD-100684,2025-10-05,Not as Described,1
RET-008446,ORD-100691,2025-10-05,Changed Mind,1
RET-008447,ORD-100697,2025-10-15,Found Better Price,1
RET-008448,ORD-100740,2025-09-28,Changed Mind,1
RET-008449,ORD-100751,2025-10-07,Found Better Price,1
RET-008450,ORD-100761,2025-10-11,Late Delivery,1
RET-008451,ORD-100768,2025-10-15,Changed Mind,1
RET-008452,ORD-100779,2025-10-03,Changed Mind,1
RET-008453,ORD-100782,2025-10-14,Size / Fit Issue,1
RET-008454,ORD-100804,2025-10-04,Changed Mind,1
RET-008455,ORD-100810,2025-09-29,Size / Fit Issue,1
RET-008456,ORD-100849,2025-10-16,Found Better Price,1
RET-008457,ORD-100853,2025-10-11,Found Better Price,1
RET-008458,ORD-100905,2025-10-01,Defective / Damaged,1
RET-008459,ORD-100936,2025-10-14,Defective / Damaged,1
RET-008460,ORD-100938,2025-10-13,Changed Mind,3
RET-008461,ORD-100952,2025-10-03,Size / Fit Issue,1
RET-008462,ORD-100960,2025-10-18,Wrong Item Delivered,1
RET-008463,ORD-100961,2025-10-18,Size / Fit Issue,2
RET-008464,ORD-100974,2025-09-30,Changed Mind,1
RET-008465,ORD-100982,2025-10-07,Late Delivery,3
RET-008466,ORD-101013,2025-10-13,Changed Mind,1
RET-008467,ORD-101031,2025-10-19,Wrong Item Delivered,5
RET-008468,ORD-101051,2025-10-07,Late Delivery,1
RET-008469,ORD-101055,2025-10-19,Late Delivery,4
RET-008470,ORD-101057,2025-10-13,Not as Described,1
RET-008471,ORD-101072,2025-10-10,Size / Fit Issue,1
RET-008472,ORD-101094,2025-10-15,Size / Fit Issue,1
RET-008473,ORD-101114,2025-10-02,Not as Described,1
RET-008474,ORD-101117,2025-10-16,Late Delivery,1
RET-008475,ORD-101151,2025-10-07,Wrong Item Delivered,2
RET-008476,ORD-101156,2025-10-12,Wrong Item Delivered,1
RET-008477,ORD-101161,2025-10-20,Late Delivery,1
RET-008478,ORD-101165,2025-10-06,Found Better Price,4
RET-008479,ORD-101171,2025-10-09,Changed Mind,1
RET-008480,ORD-101177,2025-10-14,Changed Mind,3
RET-008481,ORD-101180,2025-10-14,Changed Mind,1
RET-008482,ORD-101204,2025-10-10,Not as Described,3
RET-008483,ORD-101214,2025-10-14,Late Delivery,1
RET-008484,ORD-101220,2025-10-14,Not as Described,1
RET-008485,ORD-101221,2025-10-13,Late Delivery,1
RET-008486,ORD-101235,2025-10-02,Not as Described,1
RET-008487,ORD-101251,2025-10-08,Found Better Price,1
RET-008488,ORD-101288,2025-10-14,Changed Mind,2
RET-008489,ORD-101289,2025-10-04,Late Delivery,3
RET-008490,ORD-101290,2025-10-09,Changed Mind,1
RET-008491,ORD-101312,2025-10-06,Size / Fit Issue,1
RET-008492,ORD-101313,2025-10-21,Size / Fit Issue,5
RET-008493,ORD-101319,2025-10-06,Not as Described,1
RET-008494,ORD-101340,2025-10-05,Changed Mind,1
RET-008495,ORD-101357,2025-10-11,Size / Fit Issue,5
RET-008496,ORD-101373,2025-10-19,Found Better Price,1
RET-008497,ORD-101374,2025-10-18,Late Delivery,2
RET-008498,ORD-101380,2025-10-13,Late Delivery,1
RET-008499,ORD-101387,2025-10-17,Not as Described,3
RET-008500,ORD-101402,2025-10-06,Wrong Item Delivered,1
RET-008501,ORD-101405,2025-10-08,Defective / Damaged,2
RET-008502,ORD-101408,2025-10-14,Found Better Price,1
RET-008503,ORD-101412,2025-10-10,Wrong Item Delivered,1
RET-008504,ORD-101450,2025-10-20,Size / Fit Issue,1
RET-008505,ORD-101460,2025-10-13,Not as Described,1
RET-008506,ORD-101491,2025-10-18,Changed Mind,3
RET-008507,ORD-101497,2025-10-13,Late Delivery,1
RET-008508,ORD-101524,2025-10-13,Missing Parts / Accessories,1
RET-008509,ORD-101532,2025-10-22,Size / Fit Issue,1
RET-008510,ORD-101538,2025-10-05,Size / Fit Issue,2
RET-008511,ORD-101548,2025-10-08,Defective / Damaged,1
RET-008512,ORD-101555,2025-10-05,Changed Mind,1
RET-008513,ORD-101557,2025-10-22,Changed Mind,1
RET-008514,ORD-101560,2025-10-17,Not as Described,1
RET-008515,ORD-101572,2025-10-15,Changed Mind,1
RET-008516,ORD-101580,2025-10-05,Not as Described,1
RET-008517,ORD-101619,2025-10-16,Late Delivery,2
RET-008518,ORD-101629,2025-10-12,Size / Fit Issue,1
RET-008519,ORD-101648,2025-10-09,Changed Mind,2
RET-008520,ORD-101655,2025-10-24,Late Delivery,1
RET-008521,ORD-101657,2025-10-14,Defective / Damaged,1
RET-008522,ORD-101677,2025-10-24,Size / Fit Issue,3
RET-008523,ORD-101694,2025-10-12,Wrong Item Delivered,1
RET-008524,ORD-101696,2025-10-21,Not as Described,2
RET-008525,ORD-101698,2025-10-20,Late Delivery,1
RET-008526,ORD-101704,2025-10-21,Late Delivery,1
RET-008527,ORD-101709,2025-10-13,Late Delivery,1
RET-008528,ORD-101732,2025-10-07,Late Delivery,1
RET-008529,ORD-101754,2025-10-21,Size / Fit Issue,1
RET-008530,ORD-101763,2025-10-22,Defective / Damaged,3
RET-008531,ORD-101776,2025-10-07,Changed Mind,2
RET-008532,ORD-101777,2025-10-10,Changed Mind,1
RET-008533,ORD-101780,2025-10-20,Not as Described,1
RET-008534,ORD-101782,2025-10-20,Size / Fit Issue,1
RET-008535,ORD-101784,2025-10-19,Changed Mind,1
RET-008536,ORD-101787,2025-10-15,Late Delivery,3
RET-008537,ORD-101801,2025-10-23,Not as Described,1
RET-008538,ORD-101807,2025-10-23,Wrong Item Delivered,3
RET-008539,ORD-101842,2025-10-19,Changed Mind,1
RET-008540,ORD-101843,2025-10-24,Wrong Item Delivered,1
RET-008541,ORD-101871,2025-10-16,Not as Described,1
RET-008542,ORD-101887,2025-10-12,Not as Described,1
RET-008543,ORD-101914,2025-10-09,Wrong Item Delivered,1
RET-008544,ORD-101921,2025-10-09,Defective / Damaged,2
RET-008545,ORD-101923,2025-10-19,Not as Described,2
RET-008546,ORD-101970,2025-10-17,Defective / Damaged,3
RET-008547,ORD-101971,2025-10-22,Size / Fit Issue,3
RET-008548,ORD-101990,2025-10-10,Changed Mind,1
RET-008549,ORD-101996,2025-10-24,Defective / Damaged,1
RET-008550,ORD-102008,2025-10-25,Not as Described,1
RET-008551,ORD-102014,2025-10-20,Size / Fit Issue,1
RET-008552,ORD-102048,2025-10-19,Not as Described,1
RET-008553,ORD-102049,2025-10-21,Changed Mind,1
RET-008554,ORD-102084,2025-10-09,Not as Described,1
RET-008555,ORD-102093,2025-10-23,Late Delivery,1
RET-008556,ORD-102111,2025-10-17,Late Delivery,2
RET-008557,ORD-102113,2025-10-26,Wrong Item Delivered,3
RET-008558,ORD-102144,2025-10-25,Changed Mind,1
RET-008559,ORD-102148,2025-10-22,Late Delivery,1
RET-008560,ORD-102164,2025-10-18,Size / Fit Issue,1
RET-008561,ORD-102167,2025-10-18,Wrong Item Delivered,1
RET-008562,ORD-102175,2025-10-14,Wrong Item Delivered,1
RET-008563,ORD-102176,2025-10-26,Size / Fit Issue,1
RET-008564,ORD-102199,2025-10-27,Not as Described,2
RET-008565,ORD-102207,2025-10-19,Wrong Item Delivered,1
RET-008566,ORD-102211,2025-10-20,Not as Described,2
RET-008567,ORD-102220,2025-10-27,Not as Described,1
RET-008568,ORD-102247,2025-10-17,Not as Described,1
RET-008569,ORD-102252,2025-10-18,Found Better Price,1
RET-008570,ORD-102253,2025-10-20,Changed Mind,1
RET-008571,ORD-102265,2025-10-27,Size / Fit Issue,2
RET-008572,ORD-102277,2025-10-29,Not as Described,1
RET-008573,ORD-102281,2025-10-19,Defective / Damaged,1
RET-008574,ORD-102306,2025-10-23,Late Delivery,8
RET-008575,ORD-102309,2025-10-29,Found Better Price,1
RET-008576,ORD-102316,2025-10-11,Not as Described,8
RET-008577,ORD-102318,2025-10-14,Wrong Item Delivered,1
RET-008578,ORD-102321,2025-10-28,Wrong Item Delivered,1
RET-008579,ORD-102342,2025-10-12,Wrong Item Delivered,1
RET-008580,ORD-102356,2025-10-18,Not as Described,1
RET-008581,ORD-102357,2025-10-29,Found Better Price,1
RET-008582,ORD-102358,2025-10-20,Late Delivery,2
RET-008583,ORD-102361,2025-10-14,Not as Described,1
RET-008584,ORD-102370,2025-10-16,Not as Described,1
RET-008585,ORD-102376,2025-10-20,Not as Described,3
RET-008586,ORD-102379,2025-10-28,Defective / Damaged,2
RET-008587,ORD-102386,2025-10-26,Late Delivery,1
RET-008588,ORD-102408,2025-10-24,Found Better Price,1
RET-008589,ORD-102415,2025-10-26,Late Delivery,1
RET-008590,ORD-102418,2025-10-30,Changed Mind,1
RET-008591,ORD-102424,2025-10-27,Size / Fit Issue,1
RET-008592,ORD-102431,2025-10-15,Changed Mind,1
RET-008593,ORD-102436,2025-10-13,Late Delivery,2
RET-008594,ORD-102454,2025-10-23,Found Better Price,2
RET-008595,ORD-102457,2025-10-26,Found Better Price,8
RET-008596,ORD-102469,2025-10-26,Size / Fit Issue,1
RET-008597,ORD-102474,2025-10-28,Defective / Damaged,1
RET-008598,ORD-102485,2025-10-23,Changed Mind,1
RET-008599,ORD-102496,2025-10-25,Not as Described,1
RET-008600,ORD-102500,2025-10-30,Wrong Item Delivered,3
RET-008601,ORD-056981,2024-09-10,Defective / Damaged,2
RET-008602,ORD-037577,2024-03-04,Defective / Damaged,1
RET-008603,ORD-018641,2023-08-26,Changed Mind,1
RET-008604,ORD-056703,2024-09-18,Wrong Item Delivered,1
RET-008605,ORD-017139,2023-08-23,Found Better Price,1
RET-008606,ORD-041565,2024-04-07,Wrong Item Delivered,1
RET-008607,ORD-048707,2024-07-01,Size / Fit Issue,1
RET-008608,ORD-054342,2024-08-20,Changed Mind,1
RET-008609,ORD-011644,2024-06-28,Defective / Damaged,1
RET-008610,ORD-094715,2025-08-25,Changed Mind,1
RET-008611,ORD-046656,2024-06-14,Size / Fit Issue,1
RET-008612,ORD-074153,2025-02-01,Size / Fit Issue,1
RET-008613,ORD-089413,2025-07-09,Not as Described,1
RET-008614,ORD-020128,2024-03-14,Changed Mind,2
RET-008615,ORD-002192,2024-06-27,Size / Fit Issue,1
RET-008616,ORD-039848,2024-03-27,Defective / Damaged,2
RET-008617,ORD-061676,2024-10-27,Defective / Damaged,1
RET-008618,ORD-076497,2025-02-23,Changed Mind,1
RET-008619,ORD-041512,2024-04-16,Late Delivery,1
RET-008620,ORD-061370,2024-10-20,Wrong Item Delivered,1
RET-008621,ORD-085183,2025-05-25,Late Delivery,1
RET-008622,ORD-064411,2024-11-16,Found Better Price,1
RET-008623,ORD-050976,2024-07-29,Defective / Damaged,1
RET-008624,ORD-098437,2025-09-22,Late Delivery,1
RET-008625,ORD-028933,2023-12-09,Defective / Damaged,2
RET-008626,ORD-034544,2024-01-15,Defective / Damaged,1
RET-008627,ORD-016649,2023-08-13,Found Better Price,1
RET-008628,ORD-005787,2025-05-28,Defective / Damaged,1
RET-008629,ORD-094641,2025-08-24,Changed Mind,1
RET-008630,ORD-071194,2025-04-28,Not as Described,1
RET-008631,ORD-102461,2025-10-29,Not as Described,1
RET-008632,ORD-018510,2025-01-22,Not as Described,1
RET-008633,ORD-005271,2023-03-22,Size / Fit Issue,1
RET-008634,ORD-099024,2025-09-23,Found Better Price,1
RET-008635,ORD-094737,2025-08-16,Not as Described,3
RET-008636,ORD-005871,2024-03-05,Wrong Item Delivered,1
RET-008637,ORD-010332,2024-01-29,Changed Mind,1
RET-008638,ORD-073731,2025-01-26,Found Better Price,5
RET-008639,ORD-024600,2024-07-16,Changed Mind,1
RET-008640,ORD-023988,2025-01-02,Late Delivery,1
RET-008641,ORD-058870,2024-09-27,Wrong Item Delivered,1
RET-008642,ORD-032600,2024-01-01,Changed Mind,1
RET-008643,ORD-074330,2025-02-08,Found Better Price,1
RET-008644,ORD-001045,2024-09-03,Found Better Price,1
RET-008645,ORD-043653,2024-04-30,Found Better Price,1
RET-008646,ORD-034147,2024-01-21,Size / Fit Issue,2
RET-008647,ORD-070895,2025-01-08,Not as Described,1
RET-008648,ORD-042066,2024-06-06,Defective / Damaged,1
RET-008649,ORD-062805,2024-11-17,Found Better Price,2
RET-008650,ORD-087586,2025-06-20,Wrong Item Delivered,1
RET-008651,ORD-018052,2025-01-15,Wrong Item Delivered,1
RET-008652,ORD-012510,2023-06-30,Not as Described,2
RET-008653,ORD-096230,2025-08-24,Defective / Damaged,1
RET-008654,ORD-044975,2024-05-21,Wrong Item Delivered,1
RET-008655,ORD-064542,2024-11-26,Changed Mind,2
RET-008656,ORD-101981,2025-10-18,Not as Described,1
RET-008657,ORD-092138,2025-07-21,Wrong Item Delivered,1
RET-008658,ORD-039674,2025-05-15,Late Delivery,2
RET-008659,ORD-043480,2024-04-28,Late Delivery,3
RET-008660,ORD-091071,2025-07-14,Not as Described,1
RET-008661,ORD-052791,2024-08-14,Defective / Damaged,1
RET-008662,ORD-066561,2024-12-09,Not as Described,1
RET-008663,ORD-013401,2025-01-29,Wrong Item Delivered,1
RET-008664,ORD-000799,2024-10-28,Found Better Price,1
RET-008665,ORD-042369,2024-11-11,Changed Mind,1
RET-008666,ORD-097250,2025-09-09,Defective / Damaged,1
RET-008667,ORD-012221,2023-06-28,Late Delivery,1
RET-008668,ORD-001534,2023-11-09,Changed Mind,3
RET-008669,ORD-056212,2024-09-17,Not as Described,3
RET-008670,ORD-072233,2025-01-21,Size / Fit Issue,3
RET-008671,ORD-086188,2025-06-14,Changed Mind,1
RET-008672,ORD-098760,2025-09-15,Changed Mind,1
RET-008673,ORD-016129,2023-08-10,Not as Described,1
RET-008674,ORD-088704,2025-06-22,Not as Described,1
RET-008675,ORD-033763,2024-02-08,Size / Fit Issue,1
RET-008676,ORD-067920,2024-12-15,Defective / Damaged,8
RET-008677,ORD-002665,2024-09-10,Found Better Price,1
RET-008678,ORD-051711,2024-09-14,Size / Fit Issue,1
RET-008679,ORD-097208,2025-09-01,Found Better Price,1
RET-008680,ORD-034628,2024-01-22,Defective / Damaged,1
RET-008681,ORD-016752,2024-03-16,Changed Mind,1
RET-008682,ORD-067951,2025-07-09,Late Delivery,1
RET-008683,ORD-065729,2024-12-10,Size / Fit Issue,8
RET-008684,ORD-021179,2023-10-04,Wrong Item Delivered,1
RET-008685,ORD-004361,2024-03-28,Size / Fit Issue,3
RET-008686,ORD-027791,2023-12-06,Found Better Price,1
RET-008687,ORD-067437,2024-12-14,Late Delivery,1
RET-008688,ORD-043017,2024-05-09,Wrong Item Delivered,1
RET-008689,ORD-044577,2024-05-09,Changed Mind,1
RET-008690,ORD-005619,2023-04-02,Found Better Price,1
RET-008691,ORD-087913,2025-06-27,Wrong Item Delivered,1
RET-008692,ORD-003814,2025-01-29,Not as Described,1
RET-008693,ORD-074814,2025-07-07,Not as Described,1
RET-008694,ORD-014889,2023-07-23,Changed Mind,1
RET-008695,ORD-070498,2025-05-01,Not as Described,3
RET-008696,ORD-035788,2024-11-18,Defective / Damaged,1
RET-008697,ORD-059630,2024-10-02,Changed Mind,1
RET-008698,ORD-065179,2024-12-05,Late Delivery,1
RET-008699,ORD-037605,2024-03-09,Changed Mind,3
RET-008700,ORD-051415,2024-07-22,Late Delivery,4
RET-008701,ORD-067139,2024-12-19,Changed Mind,1
RET-008702,ORD-011454,2024-02-28,Size / Fit Issue,1
RET-008703,ORD-060630,2025-03-08,Found Better Price,1
RET-008704,ORD-065947,2024-12-06,Changed Mind,1
RET-008705,ORD-067385,2025-03-20,Wrong Item Delivered,2
RET-008706,ORD-076638,2025-02-27,Found Better Price,1
RET-008707,ORD-004158,2025-06-27,Size / Fit Issue,2
RET-008708,ORD-099875,2025-09-29,Changed Mind,1
RET-008709,ORD-093740,2025-08-06,Changed Mind,3
RET-008710,ORD-011969,2023-06-14,Defective / Damaged,1
RET-008711,ORD-062515,2025-06-06,Size / Fit Issue,1
RET-008712,ORD-064388,2024-11-26,Not as Described,4
RET-008713,ORD-038824,2025-07-12,Found Better Price,1
RET-008714,ORD-087183,2025-06-18,Late Delivery,1
RET-008715,ORD-039568,2024-03-29,Defective / Damaged,1
RET-008716,ORD-077171,2025-03-13,Changed Mind,2
RET-008717,ORD-101514,2025-10-19,Defective / Damaged,2
RET-008718,ORD-018152,2024-10-24,Missing Parts / Accessories,1
RET-008719,ORD-040397,2024-03-29,Changed Mind,4
RET-008720,ORD-017843,2025-06-08,Found Better Price,1
RET-008721,ORD-014093,2023-07-16,Defective / Damaged,1
RET-008722,ORD-048607,2025-02-10,Not as Described,3
RET-008723,ORD-084019,2025-05-23,Size / Fit Issue,1
RET-008724,ORD-033427,2024-09-04,Changed Mind,1
RET-008725,ORD-097809,2025-09-22,Not as Described,1
RET-008726,ORD-086698,2025-06-05,Changed Mind,1
RET-008727,ORD-095784,2025-08-27,Wrong Item Delivered,1
RET-008728,ORD-048049,2024-06-24,Not as Described,1
RET-008729,ORD-062913,2024-11-09,Size / Fit Issue,2
RET-008730,ORD-078871,2025-03-27,Size / Fit Issue,1
RET-008731,ORD-066237,2025-07-17,Changed Mind,1
RET-008732,ORD-022414,2025-06-13,Found Better Price,1
RET-008733,ORD-060912,2024-10-30,Defective / Damaged,1
RET-008734,ORD-037414,2024-02-28,Changed Mind,1
RET-008735,ORD-002894,2025-04-06,Not as Described,1
RET-008736,ORD-028053,2024-12-27,Late Delivery,1
RET-008737,ORD-001363,2023-09-14,Missing Parts / Accessories,3
RET-008738,ORD-023858,2025-03-07,Changed Mind,1
RET-008739,ORD-007580,2023-04-20,Defective / Damaged,1
RET-008740,ORD-023612,2024-10-29,Not as Described,1
RET-008741,ORD-068356,2025-01-10,Wrong Item Delivered,1
RET-008742,ORD-049550,2024-07-05,Changed Mind,1
RET-008743,ORD-088804,2025-06-21,Size / Fit Issue,1
RET-008744,ORD-062022,2024-10-26,Wrong Item Delivered,1
RET-008745,ORD-044208,2024-12-15,Late Delivery,1
RET-008746,ORD-017496,2023-08-14,Changed Mind,3
RET-008747,ORD-024515,2023-10-28,Wrong Item Delivered,1
RET-008748,ORD-046783,2024-06-08,Changed Mind,1
RET-008749,ORD-099732,2025-09-26,Wrong Item Delivered,3
RET-008750,ORD-076434,2025-03-02,Found Better Price,1
RET-008751,ORD-019882,2023-09-07,Not as Described,1
RET-008752,ORD-092871,2025-07-30,Size / Fit Issue,1
RET-008753,ORD-094194,2025-08-11,Changed Mind,1
RET-008754,ORD-071555,2025-01-07,Defective / Damaged,2
RET-008755,ORD-047153,2024-07-28,Changed Mind,1
RET-008756,ORD-071542,2025-01-16,Size / Fit Issue,1
RET-008757,ORD-010092,2023-05-19,Size / Fit Issue,2
RET-008758,ORD-025353,2024-12-18,Changed Mind,1
RET-008759,ORD-013174,2023-11-01,Defective / Damaged,1
RET-008760,ORD-099155,2025-10-03,Defective / Damaged,1
RET-008761,ORD-031060,2024-02-15,Defective / Damaged,1
RET-008762,ORD-046593,2025-06-06,Found Better Price,2
RET-008763,ORD-026123,2024-08-03,Changed Mind,1
RET-008764,ORD-050857,2024-07-22,Size / Fit Issue,3
RET-008765,ORD-062196,2024-11-12,Missing Parts / Accessories,1
RET-008766,ORD-080432,2025-04-02,Defective / Damaged,1
RET-008767,ORD-038878,2025-04-26,Not as Described,1
RET-008768,ORD-029610,2024-04-05,Size / Fit Issue,1
RET-008769,ORD-062385,2024-11-07,Late Delivery,3
RET-008770,ORD-082400,2025-07-02,Found Better Price,1
RET-008771,ORD-057703,2024-09-16,Changed Mind,1
RET-008772,ORD-045579,2025-05-30,Defective / Damaged,5
RET-008773,ORD-064696,2024-11-22,Not as Described,1
RET-008774,ORD-051007,2024-07-21,Changed Mind,1
RET-008775,ORD-056473,2024-09-15,Changed Mind,1
RET-008776,ORD-067796,2024-12-06,Not as Described,1
RET-008777,ORD-060770,2024-10-25,Wrong Item Delivered,1
RET-008778,ORD-085314,2025-06-05,Found Better Price,2
RET-008779,ORD-079619,2025-03-30,Defective / Damaged,3
RET-008780,ORD-021907,2025-04-09,Size / Fit Issue,1
RET-008781,ORD-079966,2025-04-02,Not as Described,1
RET-008782,ORD-005367,2023-04-05,Size / Fit Issue,1
RET-008783,ORD-046819,2024-06-21,Not as Described,1
RET-008784,ORD-001992,2024-06-29,Found Better Price,1
RET-008785,ORD-064940,2024-12-01,Size / Fit Issue,1
RET-008786,ORD-083639,2025-05-20,Defective / Damaged,1
RET-008787,ORD-091976,2025-07-31,Late Delivery,1
RET-008788,ORD-044840,2024-05-29,Found Better Price,1
RET-008789,ORD-046808,2024-08-25,Not as Described,1
RET-008790,ORD-003732,2024-10-23,Defective / Damaged,3
RET-008791,ORD-007399,2025-06-18,Late Delivery,2
RET-008792,ORD-024690,2024-07-23,Not as Described,1
RET-008793,ORD-083558,2025-05-16,Not as Described,1
RET-008794,ORD-054416,2024-08-20,Changed Mind,1
RET-008795,ORD-085155,2025-05-30,Late Delivery,1
RET-008796,ORD-045768,2024-05-24,Found Better Price,1
RET-008797,ORD-057173,2024-09-11,Late Delivery,1
RET-008798,ORD-028906,2023-12-09,Not as Described,2
RET-008799,ORD-040426,2025-01-07,Defective / Damaged,1
RET-008800,ORD-013326,2023-06-26,Changed Mind,1
RET-008801,ORD-058891,2024-09-29,Defective / Damaged,1
RET-008802,ORD-017988,2024-02-21,Changed Mind,1
RET-008803,ORD-083366,2025-05-11,Missing Parts / Accessories,2
RET-008804,ORD-043855,2024-05-15,Not as Described,1
RET-008805,ORD-067897,2024-12-14,Found Better Price,2
RET-008806,ORD-003350,2024-01-29,Not as Described,8
RET-008807,ORD-083535,2025-05-19,Defective / Damaged,1
RET-008808,ORD-092039,2025-07-30,Wrong Item Delivered,1
RET-008809,ORD-045206,2024-10-24,Changed Mind,1
RET-008810,ORD-061889,2024-11-09,Missing Parts / Accessories,2
RET-008811,ORD-017935,2024-06-03,Changed Mind,1
RET-008812,ORD-100906,2025-10-03,Wrong Item Delivered,1
RET-008813,ORD-053346,2024-08-18,Missing Parts / Accessories,1
RET-008814,ORD-093518,2025-08-01,Size / Fit Issue,3
RET-008815,ORD-037279,2024-03-04,Wrong Item Delivered,1
RET-008816,ORD-076073,2025-02-17,Not as Described,1
RET-008817,ORD-017044,2025-04-17,Changed Mind,1
RET-008818,ORD-013604,2024-05-11,Size / Fit Issue,2
RET-008819,ORD-073150,2025-01-14,Size / Fit Issue,1
RET-008820,ORD-022707,2025-01-04,Defective / Damaged,1
RET-008821,ORD-055787,2024-09-12,Found Better Price,1
RET-008822,ORD-078858,2025-03-19,Size / Fit Issue,1
RET-008823,ORD-033799,2024-12-08,Size / Fit Issue,1
RET-008824,ORD-069901,2024-12-25,Found Better Price,1
RET-008825,ORD-010581,2023-11-16,Not as Described,1
RET-008826,ORD-009853,2023-05-21,Wrong Item Delivered,2
RET-008827,ORD-101143,2025-10-04,Changed Mind,1
RET-008828,ORD-030322,2023-12-15,Defective / Damaged,1
RET-008829,ORD-061604,2024-10-24,Changed Mind,1
RET-008830,ORD-076424,2025-03-04,Found Better Price,2
RET-008831,ORD-000390,2023-01-22,Late Delivery,1
RET-008832,ORD-039047,2024-06-05,Missing Parts / Accessories,1
RET-008833,ORD-095234,2025-08-31,Defective / Damaged,1
RET-008834,ORD-053210,2025-03-05,Size / Fit Issue,2
RET-008835,ORD-046906,2024-09-27,Found Better Price,1
RET-008836,ORD-072782,2025-01-16,Wrong Item Delivered,1
RET-008837,ORD-083198,2025-05-07,Found Better Price,1
RET-008838,ORD-008201,2025-05-19,Changed Mind,1
RET-008839,ORD-007782,2023-04-28,Defective / Damaged,1
RET-008840,ORD-044567,2024-05-20,Changed Mind,1
RET-008841,ORD-063696,2024-11-24,Changed Mind,1
RET-008842,ORD-070665,2025-01-09,Changed Mind,1
RET-008843,ORD-092113,2025-08-07,Not as Described,1
RET-008844,ORD-065245,2024-12-01,Defective / Damaged,1
RET-008845,ORD-074834,2025-02-03,Defective / Damaged,3
RET-008846,ORD-059645,2024-10-18,Wrong Item Delivered,1
RET-008847,ORD-092471,2025-07-28,Defective / Damaged,1
RET-008848,ORD-078280,2025-03-18,Wrong Item Delivered,1
RET-008849,ORD-046901,2024-06-07,Late Delivery,1
RET-008850,ORD-089009,2025-07-02,Size / Fit Issue,2
RET-008851,ORD-075625,2025-02-24,Late Delivery,1
RET-008852,ORD-050416,2024-07-13,Not as Described,2
RET-008853,ORD-075950,2025-06-09,Not as Described,1
RET-008854,ORD-076713,2025-03-04,Late Delivery,1
RET-008855,ORD-094912,2025-08-17,Changed Mind,1
RET-008856,ORD-077940,2025-03-18,Size / Fit Issue,1
RET-008857,ORD-010151,2024-01-25,Not as Described,1
RET-008859,ORD-082477,2025-05-08,Size / Fit Issue,3
RET-008860,ORD-058917,2024-11-11,Changed Mind,1
RET-008861,ORD-069974,2024-12-26,Not as Described,1
RET-008862,ORD-098957,2025-09-29,Changed Mind,1
RET-008863,ORD-043231,2024-06-03,Size / Fit Issue,1
RET-008864,ORD-077640,2025-03-20,Not as Described,1
RET-008865,ORD-056892,2024-09-11,Defective / Damaged,1
RET-008866,ORD-012093,2023-06-27,Not as Described,1
RET-008867,ORD-051344,2024-11-27,Not as Described,2
RET-008868,ORD-051229,2024-08-01,Size / Fit Issue,2
RET-008869,ORD-064731,2024-11-28,Found Better Price,2
RET-008870,ORD-059556,2025-03-17,Defective / Damaged,1
RET-008871,ORD-048712,2024-10-13,Found Better Price,1
RET-008872,ORD-003472,2023-09-29,Found Better Price,1
RET-008873,ORD-035470,2024-02-03,Size / Fit Issue,1
RET-008874,ORD-040949,2024-04-04,Wrong Item Delivered,1
RET-008875,ORD-049483,2025-03-17,Defective / Damaged,1
RET-008876,ORD-058736,2024-09-30,Not as Described,1
RET-008877,ORD-010950,2025-03-16,Wrong Item Delivered,1
RET-008878,ORD-068673,2025-08-06,Size / Fit Issue,1
RET-008879,ORD-022579,2024-10-13,Found Better Price,1
RET-008880,ORD-029716,2023-12-08,Defective / Damaged,1
RET-008881,ORD-055661,2024-08-26,Changed Mind,1
RET-008882,ORD-009167,2023-09-12,Changed Mind,2
RET-008883,ORD-047551,2024-12-15,Late Delivery,1
RET-008884,ORD-009382,2025-05-31,Not as Described,1
RET-008885,ORD-095420,2025-08-29,Defective / Damaged,1
RET-008886,ORD-007917,2024-01-09,Late Delivery,1
RET-008887,ORD-063822,2024-11-14,Defective / Damaged,1
RET-008888,ORD-052480,2024-08-02,Changed Mind,1
RET-008889,ORD-087982,2025-06-26,Found Better Price,1
RET-008890,ORD-029828,2023-12-19,Defective / Damaged,1
RET-008891,ORD-083713,2025-05-13,Changed Mind,1
RET-008892,ORD-054123,2024-08-13,Defective / Damaged,1
RET-008893,ORD-044535,2025-08-14,Late Delivery,1
RET-008894,ORD-034546,2024-01-25,Defective / Damaged,1
RET-008895,ORD-065598,2024-11-29,Size / Fit Issue,4
RET-008896,ORD-072675,2025-01-21,Size / Fit Issue,1
RET-008897,ORD-012502,2024-12-23,Defective / Damaged,1
RET-008898,ORD-047438,2024-06-12,Size / Fit Issue,1
RET-008899,ORD-070932,2024-12-30,Not as Described,1
RET-008900,ORD-000804,2023-01-29,Size / Fit Issue,2
RET-008901,ORD-077267,2025-03-09,Changed Mind,1
RET-008902,ORD-082523,2025-05-11,Not as Described,1
RET-008903,ORD-073604,2025-01-26,Wrong Item Delivered,1
RET-008904,ORD-068360,2025-08-16,Changed Mind,2
RET-008905,ORD-059982,2024-10-07,Not as Described,1
RET-008906,ORD-084506,2025-05-22,Changed Mind,3
RET-008907,ORD-043652,2024-08-15,Found Better Price,1
RET-008908,ORD-054163,2024-08-13,Wrong Item Delivered,3
RET-008909,ORD-081774,2025-04-27,Defective / Damaged,2
RET-008910,ORD-034500,2024-12-14,Late Delivery,1
RET-008911,ORD-048145,2024-06-16,Found Better Price,1
RET-008912,ORD-053429,2024-10-04,Wrong Item Delivered,2
RET-008913,ORD-081222,2025-04-24,Found Better Price,1
RET-008914,ORD-089164,2025-07-12,Changed Mind,1
RET-008915,ORD-020615,2025-03-12,Late Delivery,1
RET-008916,ORD-004950,2024-02-03,Found Better Price,1
RET-008917,ORD-086904,2025-06-06,Wrong Item Delivered,5
RET-008918,ORD-100919,2025-10-16,Changed Mind,1
RET-008919,ORD-006568,2023-04-17,Defective / Damaged,1
RET-008920,ORD-067517,2024-12-06,Wrong Item Delivered,2
RET-008921,ORD-092995,2025-08-13,Late Delivery,1
RET-008922,ORD-057429,2024-09-13,Wrong Item Delivered,1
RET-008923,ORD-064010,2024-11-13,Late Delivery,1
RET-008924,ORD-038823,2024-11-10,Size / Fit Issue,1
RET-008925,ORD-084213,2025-05-21,Wrong Item Delivered,1
RET-008926,ORD-092454,2025-08-05,Changed Mind,1
RET-008927,ORD-044330,2024-05-06,Late Delivery,1
RET-008928,ORD-048014,2024-06-24,Late Delivery,1
RET-008929,ORD-006685,2025-06-11,Defective / Damaged,1
RET-008930,ORD-018952,2024-11-29,Changed Mind,1
RET-008931,ORD-011856,2023-06-16,Wrong Item Delivered,1
RET-008932,ORD-062253,2024-11-02,Found Better Price,1
RET-008933,ORD-013399,2023-06-24,Found Better Price,1
RET-008934,ORD-035683,2024-02-08,Defective / Damaged,1
RET-008935,ORD-031352,2025-06-17,Wrong Item Delivered,1
RET-008936,ORD-099641,2025-09-24,Found Better Price,2
RET-008937,ORD-014470,2025-05-06,Defective / Damaged,3
RET-008938,ORD-014397,2024-10-16,Size / Fit Issue,1
RET-008939,ORD-021843,2024-07-14,Found Better Price,1
RET-008940,ORD-083718,2025-05-18,Defective / Damaged,1
RET-008941,ORD-001694,2023-11-08,Late Delivery,1
RET-008942,ORD-053056,2024-08-05,Not as Described,1
RET-008943,ORD-081282,2025-04-23,Found Better Price,1
RET-008944,ORD-002816,2025-01-21,Found Better Price,1
RET-008945,ORD-010685,2023-06-09,Found Better Price,1
RET-008946,ORD-022194,2024-06-24,Found Better Price,1
RET-008947,ORD-044749,2024-05-15,Not as Described,1
RET-008948,ORD-036869,2025-07-30,Found Better Price,1
RET-008949,ORD-041332,2024-10-21,Found Better Price,1
RET-008950,ORD-000315,2023-01-25,Changed Mind,1
RET-008951,ORD-009297,2023-05-23,Not as Described,1
RET-008952,ORD-012118,2025-06-14,Late Delivery,4
RET-008953,ORD-097776,2025-09-10,Size / Fit Issue,1
RET-008954,ORD-017743,2023-08-13,Changed Mind,1
RET-008955,ORD-005465,2024-12-17,Defective / Damaged,1
RET-008956,ORD-098811,2025-09-12,Size / Fit Issue,1
RET-008957,ORD-031286,2024-07-14,Size / Fit Issue,1
RET-008958,ORD-092712,2025-08-05,Reason Not Specified,1
RET-008959,ORD-029986,2023-12-11,Size / Fit Issue,1
RET-008960,ORD-094377,2025-08-12,Defective / Damaged,1
RET-008961,ORD-031430,2024-02-05,Defective / Damaged,1
RET-008962,ORD-026257,2023-11-17,Defective / Damaged,2
RET-008963,ORD-081945,2025-05-02,Not as Described,1
RET-008964,ORD-017599,2023-12-29,Found Better Price,1
RET-008965,ORD-061770,2024-10-24,Defective / Damaged,3
RET-008966,ORD-047625,2024-06-19,Wrong Item Delivered,2
RET-008967,ORD-101986,2025-10-08,Found Better Price,1
RET-008968,ORD-040042,2024-03-31,Changed Mind,1
RET-008969,ORD-076396,2025-03-02,Changed Mind,4
RET-008970,ORD-024672,2024-03-05,Changed Mind,1
RET-008971,ORD-034936,2024-12-21,Not as Described,1
RET-008972,ORD-066361,2024-11-29,Defective / Damaged,2
RET-008973,ORD-056109,2024-09-14,Missing Parts / Accessories,1
RET-008974,ORD-001500,2025-01-20,Size / Fit Issue,1
RET-008975,ORD-017737,2023-08-22,Changed Mind,1
RET-008976,ORD-059816,2025-05-02,Defective / Damaged,1
RET-008977,ORD-020600,2025-06-24,Late Delivery,3
RET-008978,ORD-088677,2025-07-01,Wrong Item Delivered,1
RET-008979,ORD-085182,2025-05-29,Not as Described,1
RET-008980,ORD-006982,2023-09-14,Size / Fit Issue,1
RET-008981,ORD-009492,2025-04-13,Late Delivery,2
RET-008982,ORD-080361,2025-04-18,Changed Mind,1
RET-008983,ORD-011365,2024-02-04,Changed Mind,5
RET-008984,ORD-088095,2025-07-01,Defective / Damaged,1
RET-008985,ORD-002509,2023-08-06,Found Better Price,1
RET-008986,ORD-003510,2023-09-12,Size / Fit Issue,1
RET-008987,ORD-026836,2023-11-28,Found Better Price,1
RET-008988,ORD-033837,2024-01-15,Not as Described,1
RET-008989,ORD-043599,2024-11-22,Late Delivery,1
RET-008990,ORD-024855,2024-08-15,Changed Mind,2
RET-008991,ORD-008940,2023-09-26,Wrong Item Delivered,1
RET-008992,ORD-075590,2025-02-18,Size / Fit Issue,2
RET-008993,ORD-037991,2025-02-13,Found Better Price,1
RET-008994,ORD-027996,2023-12-07,Late Delivery,1
RET-008995,ORD-080716,2025-04-11,Late Delivery,1
RET-008996,ORD-041836,2025-05-12,Not as Described,1
RET-008997,ORD-042182,2025-08-11,Not as Described,1
RET-008998,ORD-077718,2025-03-23,Size / Fit Issue,1
RET-008999,ORD-060633,2024-10-15,Found Better Price,3
RET-009000,ORD-030120,2025-07-30,Size / Fit Issue,1
RET-009001,ORD-070257,2025-01-07,Wrong Item Delivered,1
RET-009002,ORD-071569,2025-01-16,Changed Mind,2
RET-009003,ORD-035492,2024-01-31,Found Better Price,2
RET-009004,ORD-008083,2025-02-05,Size / Fit Issue,2
RET-009005,ORD-048182,2025-01-26,Changed Mind,1
RET-009006,ORD-096820,2025-08-31,Not as Described,1
RET-009007,ORD-038213,2024-03-08,Wrong Item Delivered,1
RET-009008,ORD-033429,2024-08-16,Defective / Damaged,1
RET-009009,ORD-070107,2024-12-26,Not as Described,1
RET-009010,ORD-044090,2024-05-03,Changed Mind,1
RET-009011,ORD-070442,2025-01-02,Wrong Item Delivered,1
RET-009012,ORD-058537,2024-10-03,Wrong Item Delivered,2
RET-009013,ORD-004547,2023-06-04,Size / Fit Issue,1
RET-009014,ORD-093572,2025-08-02,Changed Mind,1
RET-009015,ORD-026342,2023-11-17,Size / Fit Issue,1
RET-009016,ORD-096051,2025-08-26,Not as Described,1
RET-009017,ORD-008264,2025-07-27,Not as Described,1
RET-009018,ORD-098879,2025-09-18,Size / Fit Issue,1
RET-009019,ORD-048747,2025-06-24,Missing Parts / Accessories,2
RET-009020,ORD-052337,2024-08-12,Defective / Damaged,1
RET-009021,ORD-037277,2025-04-07,Changed Mind,1
RET-009022,ORD-042375,2024-04-16,Not as Described,1
RET-009023,ORD-018014,2023-08-22,Not as Described,2
RET-009024,ORD-006123,2025-06-24,Wrong Item Delivered,1
RET-009025,ORD-080334,2025-04-01,Wrong Item Delivered,1
RET-009026,ORD-058099,2024-09-22,Defective / Damaged,1
RET-009027,ORD-020462,2023-09-12,Missing Parts / Accessories,2
RET-009028,ORD-080522,2025-04-17,Changed Mind,1
RET-009029,ORD-079359,2025-04-02,Late Delivery,1
RET-009030,ORD-088526,2025-06-23,Size / Fit Issue,1
RET-009031,ORD-010109,2023-05-21,Wrong Item Delivered,1
RET-009032,ORD-036308,2024-12-08,Found Better Price,1
RET-009033,ORD-041597,2024-04-13,Size / Fit Issue,2
RET-009034,ORD-075952,2025-02-23,Wrong Item Delivered,1
RET-009035,ORD-093955,2025-08-22,Wrong Item Delivered,1
RET-009036,ORD-060496,2025-05-18,Not as Described,1
RET-009037,ORD-068167,2025-07-22,Size / Fit Issue,1
RET-009038,ORD-004931,2024-07-10,Size / Fit Issue,1
RET-009039,ORD-009284,2023-05-13,Found Better Price,1
RET-009040,ORD-017235,2025-04-27,Size / Fit Issue,1
RET-009041,ORD-040276,2024-04-02,Not as Described,1
RET-009042,ORD-052668,2024-08-03,Found Better Price,1
RET-009043,ORD-065127,2024-11-18,Late Delivery,1
RET-009044,ORD-022776,2023-10-06,Wrong Item Delivered,1
RET-009045,ORD-011963,2024-11-26,Found Better Price,1
RET-009046,ORD-061088,2024-10-30,Wrong Item Delivered,2
RET-009047,ORD-039761,2025-05-14,Size / Fit Issue,1
RET-009048,ORD-079412,2025-03-30,Defective / Damaged,1
RET-009049,ORD-037254,2024-02-23,Size / Fit Issue,1
RET-009050,ORD-089364,2025-07-07,Changed Mind,1
RET-009051,ORD-066879,2024-12-06,Late Delivery,1
RET-009052,ORD-030675,2023-12-15,Defective / Damaged,2
RET-009053,ORD-025224,2023-10-30,Not as Described,1
RET-009054,ORD-063208,2025-03-02,Changed Mind,1
RET-009055,ORD-007377,2024-08-23,Late Delivery,1
RET-009056,ORD-019722,2023-09-17,Wrong Item Delivered,1
RET-009057,ORD-096967,2025-09-08,Defective / Damaged,2
RET-009058,ORD-054648,2024-08-22,Missing Parts / Accessories,2
RET-009059,ORD-050688,2024-07-21,Size / Fit Issue,1
RET-009060,ORD-086044,2025-06-04,Size / Fit Issue,2
RET-009061,ORD-079973,2025-04-05,Changed Mind,1
RET-009062,ORD-076797,2025-05-06,Late Delivery,1
RET-009063,ORD-009067,2023-05-18,Wrong Item Delivered,2
RET-009064,ORD-096160,2025-08-27,Late Delivery,2
RET-009065,ORD-074237,2025-02-06,Wrong Item Delivered,1
RET-009066,ORD-055451,2024-08-29,Defective / Damaged,1
RET-009067,ORD-066067,2024-12-05,Changed Mind,2
RET-009068,ORD-080793,2025-04-16,Not as Described,1
RET-009069,ORD-020694,2024-04-24,Wrong Item Delivered,1
RET-009070,ORD-094674,2025-08-22,Defective / Damaged,1
RET-009071,ORD-010357,2023-06-03,Defective / Damaged,1
RET-009072,ORD-004537,2024-11-14,Missing Parts / Accessories,1
RET-009073,ORD-095716,2025-08-21,Not as Described,1
RET-009074,ORD-097522,2025-09-02,Not as Described,2
RET-009075,ORD-028318,2023-11-28,Found Better Price,1
RET-009076,ORD-036599,2025-08-19,Changed Mind,1
RET-009077,ORD-060208,2025-02-17,Found Better Price,1
RET-009078,ORD-065817,2024-11-25,Size / Fit Issue,1
RET-009079,ORD-039714,2024-03-28,Found Better Price,2
RET-009080,ORD-041857,2024-08-15,Not as Described,1
RET-009081,ORD-006491,2023-10-22,Size / Fit Issue,1
RET-009082,ORD-053823,2024-08-16,Wrong Item Delivered,1
RET-009083,ORD-033688,2024-01-12,Size / Fit Issue,1
RET-009084,ORD-012255,2023-06-21,Changed Mind,1
RET-009085,ORD-001630,2024-02-23,Changed Mind,1
RET-009086,ORD-012179,2023-06-23,Size / Fit Issue,1
RET-009087,ORD-033691,2025-01-06,Wrong Item Delivered,1
RET-009088,ORD-006879,2023-10-20,Defective / Damaged,1
RET-009089,ORD-043547,2024-04-28,Defective / Damaged,1
RET-009090,ORD-087749,2025-06-22,Wrong Item Delivered,1
RET-009091,ORD-045259,2024-09-06,Size / Fit Issue,1
RET-009092,ORD-055586,2024-09-06,Changed Mind,1
RET-009093,ORD-096896,2025-09-13,Size / Fit Issue,1
RET-009094,ORD-012385,2023-06-18,Changed Mind,1
RET-009095,ORD-028525,2025-06-17,Late Delivery,8
RET-009096,ORD-083574,2025-05-05,Changed Mind,1
RET-009097,ORD-023410,2023-10-12,Wrong Item Delivered,1
RET-009098,ORD-086247,2025-06-10,Defective / Damaged,1
RET-009099,ORD-033857,2024-01-11,Defective / Damaged,1
RET-009100,ORD-010259,2024-09-20,Not as Described,1
RET-009101,ORD-055670,2024-09-06,Changed Mind,2
RET-009102,ORD-102414,2025-10-27,Not as Described,1
RET-009103,ORD-101639,2025-10-16,Found Better Price,4
RET-009104,ORD-060808,2024-10-22,Found Better Price,3
RET-009105,ORD-014075,2023-11-25,Size / Fit Issue,1
RET-009106,ORD-081601,2025-07-26,Defective / Damaged,1
RET-009107,ORD-096648,2025-09-02,Size / Fit Issue,1
RET-009108,ORD-053111,2024-08-17,Defective / Damaged,1
RET-009109,ORD-068880,2024-12-30,Size / Fit Issue,1
RET-009110,ORD-024894,2023-10-30,Not as Described,1
RET-009111,ORD-086369,2025-06-05,Not as Described,1
RET-009112,ORD-056756,2024-09-12,Wrong Item Delivered,1
RET-009113,ORD-001557,2023-08-30,Wrong Item Delivered,1
RET-009114,ORD-086634,2025-06-17,Defective / Damaged,1
RET-009115,ORD-018947,2023-09-17,Size / Fit Issue,1
RET-009116,ORD-043919,2024-05-06,Found Better Price,3
RET-009117,ORD-063044,2024-11-16,Found Better Price,1
RET-009118,ORD-100926,2025-10-05,Not as Described,1
RET-009119,ORD-039653,2025-03-23,Changed Mind,1
RET-009120,ORD-090579,2025-07-21,Not as Described,1
RET-009121,ORD-064263,2024-11-29,Wrong Item Delivered,1
RET-009122,ORD-040982,2024-04-08,Not as Described,1
RET-009123,ORD-052960,2025-06-24,Defective / Damaged,8
RET-009124,ORD-023533,2025-04-08,Changed Mind,1
RET-009125,ORD-042582,2024-04-23,Not as Described,1
RET-009126,ORD-037179,2024-02-17,Changed Mind,1
RET-009127,ORD-039508,2024-03-20,Changed Mind,1
RET-009128,ORD-064338,2024-11-22,Found Better Price,1
RET-009129,ORD-043817,2024-05-14,Changed Mind,1
RET-009130,ORD-001610,2024-05-23,Wrong Item Delivered,1
RET-009131,ORD-011060,2024-10-06,Defective / Damaged,1
RET-009132,ORD-069452,2024-12-18,Not as Described,1
RET-009133,ORD-015838,2023-08-05,Size / Fit Issue,2
RET-009134,ORD-085382,2025-05-26,Size / Fit Issue,2
RET-009135,ORD-011620,2025-01-16,Late Delivery,1
RET-009136,ORD-017575,2025-02-13,Found Better Price,1
RET-009137,ORD-057155,2025-06-19,Wrong Item Delivered,1
RET-009138,ORD-022724,2023-10-05,Found Better Price,1
RET-009139,ORD-076976,2025-03-07,Size / Fit Issue,1
RET-009140,ORD-076345,2025-02-18,Changed Mind,1
RET-009141,ORD-013564,2025-05-08,Not as Described,1
RET-009142,ORD-018913,2023-09-10,Size / Fit Issue,1
RET-009143,ORD-005030,2025-05-16,Size / Fit Issue,3
RET-009144,ORD-072012,2025-01-12,Missing Parts / Accessories,1
RET-009145,ORD-025848,2023-11-19,Defective / Damaged,1
RET-009146,ORD-064824,2024-11-22,Found Better Price,4
RET-009147,ORD-069020,2025-04-08,Found Better Price,1
RET-009148,ORD-078706,2025-03-31,Late Delivery,1
RET-009149,ORD-009147,2023-07-18,Wrong Item Delivered,2
RET-009150,ORD-025291,2024-10-31,Defective / Damaged,1
RET-009151,ORD-062606,2024-11-12,Wrong Item Delivered,1
RET-009152,ORD-032021,2025-04-09,Defective / Damaged,1
RET-009153,ORD-040805,2024-12-18,Defective / Damaged,1
RET-009154,ORD-081920,2025-05-02,Changed Mind,1
RET-009155,ORD-046557,2024-06-08,Not as Described,1
RET-009156,ORD-019611,2023-09-10,Not as Described,1
RET-009157,ORD-024563,2025-07-11,Not as Described,1
RET-009158,ORD-017232,2023-08-15,Not as Described,1
RET-009159,ORD-067544,2024-12-14,Defective / Damaged,1
RET-009160,ORD-046465,2024-06-06,Not as Described,2
RET-009161,ORD-041243,2024-04-07,Defective / Damaged,1
RET-009162,ORD-066223,2024-12-09,Defective / Damaged,1
RET-009163,ORD-077773,2025-03-08,Size / Fit Issue,1
RET-009164,ORD-007748,2023-04-30,Wrong Item Delivered,1
RET-009165,ORD-057709,2024-09-14,Not as Described,1
RET-009166,ORD-099204,2025-09-25,Not as Described,1
RET-009167,ORD-064862,2024-11-22,Size / Fit Issue,1
RET-009168,ORD-005823,2023-09-19,Size / Fit Issue,3
RET-009169,ORD-009561,2023-10-22,Size / Fit Issue,1
RET-009170,ORD-087912,2025-06-17,Defective / Damaged,2
RET-009171,ORD-017219,2024-12-23,Wrong Item Delivered,1
RET-009172,ORD-019893,2025-08-31,Defective / Damaged,1
RET-009173,ORD-008309,2025-05-04,Not as Described,2
RET-009174,ORD-020535,2023-09-23,Changed Mind,1
RET-009175,ORD-086350,2025-06-03,Wrong Item Delivered,1
RET-009176,ORD-064150,2024-11-20,Late Delivery,1
RET-009177,ORD-081571,2025-04-28,Changed Mind,1
RET-009178,ORD-048580,2024-12-02,Wrong Item Delivered,1
RET-009179,ORD-050061,2024-07-09,Found Better Price,1
RET-009180,ORD-089151,2025-07-10,Found Better Price,1
RET-009181,ORD-041236,2024-07-28,Wrong Item Delivered,1
RET-009182,ORD-015124,2023-07-23,Wrong Item Delivered,1
RET-009183,ORD-087647,2025-06-15,Defective / Damaged,1
RET-009184,ORD-101261,2025-10-11,Found Better Price,1
RET-009185,ORD-070234,2025-01-06,Size / Fit Issue,1
RET-009186,ORD-079869,2025-04-11,Late Delivery,1
RET-009187,ORD-047863,2024-06-21,Found Better Price,1
RET-009188,ORD-096031,2025-08-23,Defective / Damaged,1
RET-009189,ORD-067247,2024-12-13,Size / Fit Issue,1
RET-009190,ORD-066791,2025-07-05,Defective / Damaged,1
RET-009191,ORD-030942,2024-02-08,Wrong Item Delivered,1
RET-009192,ORD-078593,2025-03-27,Not as Described,3
RET-009193,ORD-045535,2024-10-03,Changed Mind,1
RET-009194,ORD-092376,2025-07-23,Late Delivery,1
RET-009195,ORD-001180,2023-04-29,Wrong Item Delivered,1
RET-009196,ORD-033517,2024-01-16,Changed Mind,1
RET-009197,ORD-018844,2023-09-08,Size / Fit Issue,1
RET-009198,ORD-085224,2025-05-22,Defective / Damaged,1
RET-009199,ORD-001275,2023-05-01,Wrong Item Delivered,1
RET-009200,ORD-097872,2025-09-18,Not as Described,1
RET-009201,ORD-100336,2025-10-01,Changed Mind,1
RET-009202,ORD-026707,2024-08-04,Found Better Price,1
RET-009203,ORD-015276,2024-04-10,Defective / Damaged,1
RET-009204,ORD-013318,2023-06-30,Changed Mind,1
RET-009205,ORD-012190,2023-12-07,Found Better Price,1
RET-009206,ORD-020229,2024-02-19,Changed Mind,1
RET-009207,ORD-000696,2023-01-17,Wrong Item Delivered,1
RET-009208,ORD-070049,2025-01-02,Defective / Damaged,1
RET-009209,ORD-012697,2025-01-28,Late Delivery,1
RET-009210,ORD-020569,2023-09-12,Not as Described,1
RET-009211,ORD-089524,2025-07-06,Missing Parts / Accessories,1
RET-009212,ORD-018872,2024-04-22,Wrong Item Delivered,1
RET-009213,ORD-051923,2024-08-09,Changed Mind,1
RET-009214,ORD-033260,2024-03-13,Late Delivery,2
RET-009215,ORD-057498,2025-02-24,Size / Fit Issue,1
RET-009216,ORD-073969,2025-02-06,Not as Described,3
RET-009217,ORD-026247,2025-07-17,Defective / Damaged,1
RET-009218,ORD-068881,2024-12-15,Late Delivery,1
RET-009219,ORD-041979,2024-04-28,Not as Described,1
RET-009220,ORD-091199,2025-07-16,Not as Described,1
RET-009221,ORD-093454,2025-08-12,Wrong Item Delivered,1
RET-009222,ORD-009932,2025-04-28,Defective / Damaged,1
RET-009223,ORD-043680,2024-05-16,Found Better Price,1
RET-009224,ORD-090278,2025-07-18,Defective / Damaged,1
RET-009225,ORD-035370,2024-07-01,Size / Fit Issue,1
RET-009226,ORD-010722,2023-06-02,Defective / Damaged,1
RET-009227,ORD-016280,2025-03-02,Found Better Price,1
RET-009228,ORD-024913,2023-10-30,Missing Parts / Accessories,2
RET-009229,ORD-099933,2025-09-28,Found Better Price,1
RET-009230,ORD-026805,2023-11-17,Size / Fit Issue,8
RET-009231,ORD-087239,2025-06-10,Changed Mind,2
RET-009232,ORD-016740,2025-05-28,Wrong Item Delivered,1
RET-009233,ORD-036675,2024-09-15,Changed Mind,1
RET-009234,ORD-082639,2025-04-27,Wrong Item Delivered,1
RET-009235,ORD-100299,2025-09-30,Wrong Item Delivered,1
RET-009236,ORD-072436,2025-05-06,Not as Described,4
RET-009237,ORD-008889,2024-07-10,Found Better Price,1
RET-009238,ORD-095948,2025-08-28,Wrong Item Delivered,1
RET-009239,ORD-091925,2025-07-30,Defective / Damaged,1
RET-009240,ORD-047313,2024-06-09,Size / Fit Issue,1
RET-009241,ORD-017273,2023-08-10,Defective / Damaged,2
RET-009242,ORD-086196,2025-06-02,Wrong Item Delivered,1
RET-009243,ORD-056790,2024-09-12,Not as Described,1
RET-009244,ORD-058010,2024-12-29,Missing Parts / Accessories,2
RET-009245,ORD-010150,2024-04-11,Defective / Damaged,1
RET-009246,ORD-060425,2024-10-10,Changed Mind,1
RET-009247,ORD-061492,2024-11-04,Size / Fit Issue,1
RET-009248,ORD-052620,2024-08-04,Found Better Price,1
RET-009249,ORD-089565,2025-07-08,Defective / Damaged,1
RET-009250,ORD-096537,2025-09-02,Changed Mind,3
RET-009251,ORD-035657,2024-01-28,Late Delivery,1
RET-009252,ORD-075836,2025-02-23,Size / Fit Issue,1
RET-009253,ORD-018389,2023-08-29,Size / Fit Issue,1
RET-009254,ORD-060160,2024-10-23,Not as Described,1
RET-009255,ORD-043388,2024-05-01,Changed Mind,1
RET-009256,ORD-065669,2024-12-03,Late Delivery,1
RET-009257,ORD-027776,2023-11-28,Found Better Price,2
RET-009258,ORD-015238,2024-05-18,Found Better Price,2
RET-009259,ORD-007833,2024-06-18,Late Delivery,1
RET-009260,ORD-003489,2023-02-23,Defective / Damaged,1
RET-009261,ORD-059747,2024-10-04,Defective / Damaged,2
RET-009262,ORD-051117,2024-08-01,Not as Described,1
RET-009263,ORD-021136,2023-09-23,Wrong Item Delivered,1
RET-009264,ORD-072232,2025-01-13,Size / Fit Issue,1
RET-009265,ORD-025049,2023-11-01,Defective / Damaged,1
RET-009266,ORD-102282,2025-10-20,Size / Fit Issue,1
RET-009267,ORD-014626,2023-10-25,Found Better Price,1
RET-009268,ORD-024981,2023-11-08,Wrong Item Delivered,1
RET-009269,ORD-016581,2023-08-02,Defective / Damaged,1
RET-009270,ORD-007803,2023-04-19,Changed Mind,1
RET-009271,ORD-046431,2024-06-11,Defective / Damaged,2
RET-009272,ORD-012248,2023-06-27,Defective / Damaged,2
RET-009273,ORD-049437,2024-07-12,Defective / Damaged,1
RET-009274,ORD-080631,2025-04-06,Size / Fit Issue,1
RET-009275,ORD-050943,2024-12-18,Late Delivery,3
RET-009276,ORD-043208,2024-05-06,Late Delivery,2
RET-009277,ORD-071119,2025-06-24,Wrong Item Delivered,1
RET-009278,ORD-000165,2023-10-06,Changed Mind,1
RET-009279,ORD-022289,2024-12-27,Defective / Damaged,2
RET-009280,ORD-094713,2025-08-26,Size / Fit Issue,2
RET-009281,ORD-099191,2025-09-28,Found Better Price,1
RET-009282,ORD-026643,2024-11-30,Not as Described,8
RET-009283,ORD-080442,2025-04-05,Not as Described,1
RET-009284,ORD-084156,2025-05-23,Found Better Price,1
RET-009285,ORD-056401,2024-09-06,Not as Described,1
RET-009286,ORD-009895,2024-01-06,Not as Described,1
RET-009287,ORD-090313,2025-07-21,Changed Mind,1
RET-009288,ORD-007524,2023-04-29,Not as Described,2
RET-009289,ORD-013529,2023-06-28,Defective / Damaged,1
RET-009290,ORD-069574,2024-12-20,Late Delivery,1
RET-009291,ORD-025325,2023-11-08,Not as Described,2
RET-009292,ORD-023274,2024-01-30,Wrong Item Delivered,1
RET-009293,ORD-067470,2024-12-14,Wrong Item Delivered,1
RET-009294,ORD-084161,2025-05-15,Defective / Damaged,1
RET-009295,ORD-031282,2023-12-28,Not as Described,1
RET-009296,ORD-100726,2025-10-02,Found Better Price,1
RET-009297,ORD-102056,2025-10-24,Not as Described,2
RET-009298,ORD-092705,2025-08-07,Defective / Damaged,4
RET-009299,ORD-021170,2023-10-02,Found Better Price,1
RET-009300,ORD-102162,2025-10-18,Not as Described,2
RET-009301,ORD-048994,2024-07-11,Changed Mind,1
RET-009302,ORD-073807,2025-01-20,Not as Described,1
RET-009303,ORD-003200,2025-05-23,Changed Mind,1
RET-009304,ORD-049803,2024-07-05,Size / Fit Issue,2
RET-009305,ORD-067824,2024-12-13,Late Delivery,1
RET-009306,ORD-068392,2024-12-25,Size / Fit Issue,1
RET-009307,ORD-067862,2024-12-10,Defective / Damaged,1
RET-009308,ORD-094264,2025-08-16,Changed Mind,1
RET-009309,ORD-048422,2024-06-20,Changed Mind,3
RET-009310,ORD-064964,2024-12-03,Not as Described,1
RET-009311,ORD-073244,2025-01-17,Wrong Item Delivered,1
RET-009312,ORD-065899,2024-11-26,Changed Mind,1
RET-009313,ORD-040459,2025-05-21,Not as Described,1
RET-009314,ORD-052448,2024-08-12,Found Better Price,1
RET-009315,ORD-093419,2025-08-14,Defective / Damaged,2
RET-009316,ORD-078838,2025-03-27,Changed Mind,1
RET-009317,ORD-099483,2025-09-28,Missing Parts / Accessories,1
RET-009318,ORD-090511,2025-07-19,Size / Fit Issue,1
RET-009319,ORD-091985,2025-07-20,Not as Described,1
RET-009320,ORD-043961,2024-05-16,Wrong Item Delivered,2
RET-009321,ORD-033217,2024-05-14,Changed Mind,1
RET-009322,ORD-087155,2025-06-06,Changed Mind,1
RET-009323,ORD-006997,2025-05-28,Changed Mind,1
RET-009324,ORD-066081,2024-12-07,Not as Described,1
RET-009325,ORD-084516,2025-05-22,Not as Described,1
RET-009326,ORD-097517,2025-09-09,Changed Mind,2
RET-009327,ORD-035526,2024-02-07,Late Delivery,1
RET-009328,ORD-081114,2025-04-18,Wrong Item Delivered,1
RET-009329,ORD-002547,2023-02-21,Found Better Price,1
RET-009330,ORD-050370,2024-07-14,Not as Described,1
RET-009331,ORD-011514,2023-06-05,Not as Described,2
RET-009332,ORD-075891,2025-02-24,Missing Parts / Accessories,1
RET-009333,ORD-080517,2025-04-11,Defective / Damaged,1
RET-009334,ORD-077707,2025-03-17,Not as Described,1
RET-009335,ORD-005881,2023-03-24,Defective / Damaged,1
RET-009336,ORD-054141,2024-08-30,Size / Fit Issue,1
RET-009337,ORD-080355,2025-04-02,Size / Fit Issue,1
RET-009338,ORD-041459,2024-04-16,Not as Described,1
RET-009339,ORD-012377,2023-06-16,Wrong Item Delivered,1
RET-009340,ORD-001657,2023-02-08,Changed Mind,1
RET-009341,ORD-011288,2025-08-25,Defective / Damaged,1
RET-009342,ORD-014010,2023-07-12,Defective / Damaged,1
RET-009343,ORD-071034,2025-01-09,Size / Fit Issue,1
RET-009344,ORD-074742,2025-02-02,Not as Described,1
RET-009345,ORD-081726,2025-05-02,Defective / Damaged,1
RET-009346,ORD-050546,2024-07-18,Size / Fit Issue,1
RET-009347,ORD-049341,2024-07-09,Defective / Damaged,1
RET-009348,ORD-013918,2023-07-02,Wrong Item Delivered,2
RET-009349,ORD-026347,2023-11-15,Not as Described,1
RET-009350,ORD-102163,2025-10-21,Not as Described,1
RET-009351,ORD-059009,2024-09-27,Defective / Damaged,1
RET-009352,ORD-010589,2023-07-22,Defective / Damaged,1
RET-009353,ORD-076364,2025-02-18,Defective / Damaged,2
RET-009354,ORD-048605,2024-08-04,Missing Parts / Accessories,1
RET-009355,ORD-023872,2023-10-20,Defective / Damaged,1
RET-009356,ORD-041161,2024-08-23,Found Better Price,1
RET-009357,ORD-037984,2024-03-15,Size / Fit Issue,1
RET-009358,ORD-033863,2025-01-17,Defective / Damaged,1
RET-009359,ORD-011775,2024-08-23,Not as Described,1
RET-009360,ORD-081552,2025-06-27,Wrong Item Delivered,1
RET-009361,ORD-025525,2024-08-16,Not as Described,1
RET-009362,ORD-082287,2025-05-02,Size / Fit Issue,2
RET-009363,ORD-041407,2024-04-10,Size / Fit Issue,1
RET-009364,ORD-072457,2025-01-18,Not as Described,1
RET-009365,ORD-061697,2025-01-16,Not as Described,1
RET-009366,ORD-086737,2025-06-14,Not as Described,1
RET-009367,ORD-068254,2024-12-11,Wrong Item Delivered,1
RET-009368,ORD-095062,2025-08-19,Wrong Item Delivered,2
RET-009369,ORD-034897,2024-07-18,Late Delivery,1
RET-009370,ORD-011119,2024-12-10,Changed Mind,1
RET-009371,ORD-015692,2023-08-05,Not as Described,2
RET-009372,ORD-054940,2024-08-31,Not as Described,3
RET-009373,ORD-050902,2024-07-23,Found Better Price,1
RET-009374,ORD-041071,2024-04-14,Changed Mind,4
RET-009375,ORD-060625,2025-04-27,Found Better Price,1
RET-009376,ORD-021856,2024-05-22,Defective / Damaged,1
RET-009377,ORD-058048,2025-01-24,Wrong Item Delivered,3
RET-009378,ORD-092248,2025-07-27,Changed Mind,1
RET-009379,ORD-021827,2023-10-06,Missing Parts / Accessories,1
RET-009380,ORD-023708,2023-10-22,Defective / Damaged,1
RET-009381,ORD-029653,2023-12-18,Late Delivery,3
RET-009382,ORD-064110,2024-11-27,Found Better Price,1
RET-009383,ORD-014527,2025-06-16,Changed Mind,1
RET-009384,ORD-101475,2025-10-22,Not as Described,1
RET-009385,ORD-009701,2025-07-10,Defective / Damaged,1
RET-009386,ORD-000548,2024-12-03,Late Delivery,1
RET-009387,ORD-097017,2025-09-01,Found Better Price,1
RET-009388,ORD-000741,2023-01-24,Defective / Damaged,1
RET-009389,ORD-025287,2024-11-23,Late Delivery,1
RET-009390,ORD-094782,2025-08-22,Changed Mind,1
RET-009391,ORD-078882,2025-04-03,Defective / Damaged,1
RET-009392,ORD-017937,2023-08-14,Defective / Damaged,1
RET-009393,ORD-027222,2023-11-29,Found Better Price,2
RET-009394,ORD-006801,2023-05-10,Late Delivery,1
RET-009395,ORD-004957,2023-05-19,Wrong Item Delivered,1
RET-009396,ORD-004820,2025-06-05,Changed Mind,1
RET-009397,ORD-066698,2024-12-05,Found Better Price,1
RET-009398,ORD-061556,2024-10-25,Missing Parts / Accessories,1
RET-009399,ORD-049641,2024-07-01,Not as Described,1
RET-009400,ORD-030336,2024-08-01,Missing Parts / Accessories,1
RET-009401,ORD-051771,2024-07-22,Defective / Damaged,1
RET-009402,ORD-096718,2025-09-05,Wrong Item Delivered,2
RET-009403,ORD-078403,2025-03-20,Changed Mind,1
RET-009404,ORD-003083,2024-12-04,Changed Mind,3
RET-009405,ORD-059470,2024-10-12,Changed Mind,2
RET-009406,ORD-093241,2025-08-11,Changed Mind,1
RET-009407,ORD-043773,2025-04-10,Not as Described,1
RET-009408,ORD-019706,2025-02-10,Defective / Damaged,1
RET-009409,ORD-010703,2023-05-26,Wrong Item Delivered,1
RET-009410,ORD-101884,2025-10-15,Found Better Price,1
RET-009411,ORD-052917,2025-07-17,Missing Parts / Accessories,1
RET-009412,ORD-093821,2025-08-15,Not as Described,1
RET-009413,ORD-101383,2025-10-22,Wrong Item Delivered,1
RET-009414,ORD-044172,2024-05-18,Defective / Damaged,1
RET-009415,ORD-010797,2023-12-16,Defective / Damaged,2
RET-009416,ORD-042245,2024-10-13,Found Better Price,1
RET-009417,ORD-082137,2025-04-20,Not as Described,1
RET-009418,ORD-016962,2023-08-22,Missing Parts / Accessories,1
RET-009419,ORD-055268,2024-09-07,Changed Mind,2
RET-009420,ORD-049865,2024-07-07,Found Better Price,1
RET-009421,ORD-080596,2025-04-21,Changed Mind,1
RET-009422,ORD-078755,2025-04-24,Defective / Damaged,1
RET-009423,ORD-053540,2024-08-10,Defective / Damaged,3
RET-009424,ORD-052159,2024-08-07,Found Better Price,1
RET-009425,ORD-049311,2024-06-29,Not as Described,1
RET-009426,ORD-053372,2024-08-13,Not as Described,1
RET-009427,ORD-087236,2025-06-15,Size / Fit Issue,1
RET-009428,ORD-060500,2025-02-05,Size / Fit Issue,1
RET-009429,ORD-065265,2024-11-20,Found Better Price,1
RET-009430,ORD-050987,2024-07-26,Changed Mind,1
RET-009431,ORD-040476,2024-04-03,Defective / Damaged,1
RET-009432,ORD-092018,2025-07-24,Changed Mind,1
RET-009433,ORD-079345,2025-03-26,Changed Mind,1
RET-009434,ORD-042545,2024-04-30,Found Better Price,1
RET-009435,ORD-015883,2023-08-06,Size / Fit Issue,1
RET-009436,ORD-057023,2024-09-23,Size / Fit Issue,1
RET-009437,ORD-070687,2025-04-26,Not as Described,1
RET-009438,ORD-042353,2024-04-22,Defective / Damaged,4
RET-009439,ORD-078757,2025-03-20,Wrong Item Delivered,1
RET-009440,ORD-016858,2025-04-10,Defective / Damaged,1
RET-009441,ORD-097115,2025-09-06,Defective / Damaged,1
RET-009442,ORD-069002,2024-12-17,Not as Described,1
RET-009443,ORD-033426,2024-01-17,Changed Mind,2
RET-009444,ORD-026239,2023-11-10,Defective / Damaged,1
RET-009445,ORD-005343,2023-12-01,Size / Fit Issue,1
RET-009446,ORD-091719,2025-07-22,Not as Described,1
RET-009447,ORD-032476,2024-08-05,Changed Mind,2
RET-009448,ORD-050557,2025-07-10,Not as Described,1
RET-009449,ORD-071327,2025-01-03,Not as Described,1
RET-009450,ORD-013533,2023-07-06,Late Delivery,1
RET-009451,ORD-080861,2025-04-21,Defective / Damaged,1
RET-009452,ORD-037472,2024-12-23,Size / Fit Issue,2
RET-009453,ORD-018945,2025-01-18,Not as Described,1
RET-009454,ORD-092123,2025-07-21,Found Better Price,1
RET-009455,ORD-073835,2025-01-24,Size / Fit Issue,1
RET-009456,ORD-007883,2023-06-08,Found Better Price,1
RET-009457,ORD-005333,2025-01-21,Wrong Item Delivered,1
RET-009458,ORD-021521,2023-09-27,Changed Mind,1
RET-009459,ORD-020650,2023-09-20,Size / Fit Issue,2
RET-009460,ORD-021011,2023-09-28,Wrong Item Delivered,1
RET-009461,ORD-081676,2025-04-22,Changed Mind,1
RET-009462,ORD-090604,2025-07-21,Missing Parts / Accessories,1
RET-009463,ORD-035494,2024-02-12,Wrong Item Delivered,5
RET-009464,ORD-082057,2025-07-21,Missing Parts / Accessories,1
RET-009465,ORD-004797,2025-02-26,Not as Described,1
RET-009466,ORD-034269,2024-01-25,Changed Mind,2
RET-009467,ORD-046466,2024-06-14,Wrong Item Delivered,1
RET-009468,ORD-086362,2025-06-11,Missing Parts / Accessories,3
RET-009469,ORD-098807,2025-09-19,Changed Mind,1
RET-009470,ORD-017347,2024-05-11,Not as Described,1
RET-009471,ORD-065600,2024-11-25,Defective / Damaged,1
RET-009472,ORD-073922,2025-01-29,Not as Described,1
RET-009473,ORD-082683,2025-04-27,Wrong Item Delivered,2
RET-009474,ORD-009333,2025-01-11,Changed Mind,1
RET-009475,ORD-100624,2025-10-15,Late Delivery,1
RET-009476,ORD-097130,2025-09-10,Wrong Item Delivered,1
RET-009477,ORD-066870,2025-01-03,Found Better Price,1
RET-009478,ORD-051434,2024-07-19,Late Delivery,1
RET-009479,ORD-071158,2025-01-01,Size / Fit Issue,1
RET-009480,ORD-032391,2025-02-23,Found Better Price,1
RET-009481,ORD-030567,2024-03-05,Changed Mind,1
RET-009482,ORD-086848,2025-06-14,Found Better Price,1
RET-009483,ORD-073317,2025-02-23,Not as Described,1
RET-009484,ORD-101676,2025-10-09,Wrong Item Delivered,2
RET-009485,ORD-035615,2024-02-13,Wrong Item Delivered,1
RET-009486,ORD-030575,2024-02-24,Found Better Price,1
RET-009487,ORD-078142,2025-03-21,Changed Mind,1
RET-009488,ORD-071377,2024-12-29,Found Better Price,1
RET-009489,ORD-084599,2025-05-31,Found Better Price,1
RET-009490,ORD-099164,2025-09-19,Changed Mind,1
RET-009491,ORD-090902,2025-07-15,Changed Mind,1
RET-009492,ORD-036904,2024-02-27,Size / Fit Issue,1
RET-009493,ORD-002404,2023-02-06,Found Better Price,3
RET-009494,ORD-071754,2025-01-13,Not as Described,1
RET-009495,ORD-061611,2024-11-02,Wrong Item Delivered,1
RET-009496,ORD-095531,2025-08-23,Defective / Damaged,1
RET-009497,ORD-053908,2024-08-12,Wrong Item Delivered,1
RET-009498,ORD-003452,2024-08-18,Size / Fit Issue,3
RET-009499,ORD-025278,2023-11-09,Wrong Item Delivered,1
RET-009500,ORD-037446,2024-02-22,Not as Described,2
RET-009501,ORD-045228,2024-05-21,Late Delivery,4
RET-009502,ORD-083862,2025-05-18,Defective / Damaged,1
RET-009503,ORD-064142,2024-11-10,Size / Fit Issue,1
RET-009504,ORD-024418,2023-10-26,Wrong Item Delivered,1
RET-009505,ORD-079013,2025-03-19,Changed Mind,3
RET-009506,ORD-038848,2024-03-16,Found Better Price,1
RET-009507,ORD-034569,2025-07-23,Size / Fit Issue,2
RET-009508,ORD-022293,2025-02-25,Found Better Price,1
RET-009509,ORD-065923,2025-04-27,Found Better Price,1
RET-009510,ORD-068831,2025-04-25,Found Better Price,2
RET-009511,ORD-067520,2024-12-15,Changed Mind,1
RET-009512,ORD-078597,2025-03-21,Size / Fit Issue,1
RET-009513,ORD-017029,2023-08-18,Wrong Item Delivered,1
RET-009514,ORD-038441,2024-03-11,Defective / Damaged,1
RET-009515,ORD-038936,2024-03-22,Found Better Price,2
RET-009516,ORD-057163,2024-09-17,Changed Mind,3
RET-009517,ORD-099776,2025-09-27,Defective / Damaged,1
RET-009518,ORD-031353,2023-12-21,Size / Fit Issue,1
RET-009519,ORD-091831,2025-07-27,Changed Mind,2
RET-009520,ORD-009082,2023-05-05,Not as Described,1
RET-009521,ORD-024730,2023-11-01,Changed Mind,1
RET-009522,ORD-101535,2025-10-08,Missing Parts / Accessories,2
RET-009523,ORD-051996,2024-08-05,Wrong Item Delivered,1
RET-009524,ORD-027475,2024-03-31,Changed Mind,1
RET-009525,ORD-025614,2024-12-13,Size / Fit Issue,1
RET-009526,ORD-023989,2024-05-02,Not as Described,3
RET-009527,ORD-025068,2023-11-02,Defective / Damaged,2
RET-009528,ORD-090634,2025-07-15,Changed Mind,1
RET-009529,ORD-081063,2025-04-17,Found Better Price,1
RET-009530,ORD-059616,2025-05-29,Late Delivery,1
RET-009531,ORD-064990,2024-12-04,Not as Described,1
RET-009532,ORD-075250,2025-06-04,Changed Mind,1
RET-009533,ORD-058458,2024-10-07,Defective / Damaged,3
RET-009534,ORD-036181,2024-11-17,Defective / Damaged,1
RET-009535,ORD-078940,2025-03-23,Changed Mind,1
RET-009536,ORD-037667,2025-01-20,Changed Mind,1
RET-009537,ORD-052710,2024-08-16,Defective / Damaged,1
RET-009538,ORD-068809,2025-07-10,Defective / Damaged,1
RET-009539,ORD-035689,2024-06-09,Size / Fit Issue,1
RET-009540,ORD-045328,2024-05-23,Changed Mind,1
RET-009541,ORD-081573,2025-05-01,Defective / Damaged,1
RET-009542,ORD-037633,2024-03-10,Wrong Item Delivered,1
RET-009543,ORD-025745,2025-04-16,Size / Fit Issue,1
RET-009544,ORD-021013,2023-09-20,Wrong Item Delivered,1
RET-009545,ORD-065387,2024-12-03,Not as Described,1
RET-009546,ORD-079504,2025-04-08,Defective / Damaged,1
RET-009547,ORD-045645,2024-05-26,Wrong Item Delivered,2
RET-009548,ORD-067939,2024-12-25,Defective / Damaged,1
RET-009549,ORD-091160,2025-07-20,Defective / Damaged,1
RET-009550,ORD-081791,2025-04-15,Size / Fit Issue,2
RET-009551,ORD-052249,2024-08-13,Wrong Item Delivered,1
RET-009552,ORD-082174,2025-04-20,Late Delivery,1
RET-009553,ORD-080294,2025-04-08,Size / Fit Issue,1
RET-009554,ORD-016229,2023-07-28,Not as Described,1
RET-009555,ORD-086273,2025-06-14,Not as Described,1
RET-009556,ORD-090562,2025-07-07,Changed Mind,2
RET-009557,ORD-004154,2023-03-02,Not as Described,1
RET-009558,ORD-037477,2024-03-06,Missing Parts / Accessories,1
RET-009559,ORD-048709,2024-07-01,Found Better Price,3
RET-009560,ORD-062901,2024-11-08,Defective / Damaged,1
RET-009561,ORD-036404,2024-02-21,Found Better Price,1
RET-009562,ORD-034151,2024-01-23,Size / Fit Issue,2
RET-009563,ORD-051128,2024-07-31,Wrong Item Delivered,1
RET-009564,ORD-007605,2023-10-31,Found Better Price,1
RET-009565,ORD-034518,2024-01-21,Defective / Damaged,1
RET-009566,ORD-080544,2025-04-16,Wrong Item Delivered,1
RET-009567,ORD-059191,2024-09-30,Found Better Price,1
RET-009568,ORD-013563,2025-04-26,Missing Parts / Accessories,1
RET-009569,ORD-013697,2024-07-03,Late Delivery,1
RET-009570,ORD-041421,2024-04-14,Wrong Item Delivered,1
RET-009571,ORD-004301,2023-03-21,Size / Fit Issue,3
RET-009572,ORD-029463,2023-12-12,Size / Fit Issue,1
RET-009573,ORD-037443,2024-03-02,Late Delivery,1
RET-009574,ORD-078951,2025-03-31,Found Better Price,1
RET-009575,ORD-061183,2024-10-18,Not as Described,1
RET-009576,ORD-043657,2024-05-07,Not as Described,1
RET-009577,ORD-080013,2025-03-31,Missing Parts / Accessories,3
RET-009578,ORD-098737,2025-09-25,Late Delivery,1
RET-009579,ORD-017598,2024-01-04,Changed Mind,2
RET-009580,ORD-060543,2024-10-22,Wrong Item Delivered,1
RET-009581,ORD-045051,2025-07-12,Changed Mind,1
RET-009582,ORD-038321,2024-03-08,Changed Mind,1
RET-009583,ORD-069638,2024-12-22,Late Delivery,1
RET-009584,ORD-007701,2024-05-06,Found Better Price,1
RET-009585,ORD-007123,2024-05-09,Size / Fit Issue,1
RET-009586,ORD-084457,2025-05-13,Changed Mind,1
RET-009587,ORD-028445,2023-12-10,Changed Mind,1
RET-009588,ORD-057454,2025-07-29,Size / Fit Issue,1
RET-009589,ORD-090802,2025-07-27,Defective / Damaged,2
RET-009590,ORD-024080,2024-12-20,Changed Mind,1
RET-009591,ORD-004291,2023-03-07,Not as Described,1
RET-009592,ORD-070468,2025-01-05,Found Better Price,2
RET-009593,ORD-013136,2023-09-27,Size / Fit Issue,1
RET-009594,ORD-003197,2023-02-19,Size / Fit Issue,1
RET-009595,ORD-060388,2024-10-18,Size / Fit Issue,1
RET-009596,ORD-040641,2025-06-15,Reason Not Specified,2
RET-009597,ORD-092625,2025-07-29,Wrong Item Delivered,1
RET-009598,ORD-027782,2023-12-01,Found Better Price,1
RET-009599,ORD-023618,2023-10-19,Defective / Damaged,1
RET-009600,ORD-072969,2025-01-25,Changed Mind,1
RET-009601,ORD-057501,2024-09-28,Changed Mind,1
RET-009602,ORD-079038,2025-03-25,Not as Described,1
RET-009603,ORD-022112,2023-10-06,Changed Mind,1
RET-009604,ORD-096118,2025-08-26,Late Delivery,1
RET-009605,ORD-006242,2025-06-17,Not as Described,1
RET-009606,ORD-061736,2024-11-01,Changed Mind,1
RET-009607,ORD-063155,2024-11-12,Found Better Price,1
RET-009608,ORD-089155,2025-07-04,Size / Fit Issue,1
RET-009609,ORD-025975,2025-05-01,Changed Mind,1
RET-009610,ORD-055571,2024-09-01,Not as Described,2
RET-009611,ORD-002537,2024-05-21,Wrong Item Delivered,1
RET-009612,ORD-071971,2025-02-06,Size / Fit Issue,1
RET-009613,ORD-002285,2023-02-13,Wrong Item Delivered,1
RET-009614,ORD-054911,2025-02-07,Defective / Damaged,1
RET-009615,ORD-082526,2025-06-03,Found Better Price,2
RET-009616,ORD-085381,2025-05-29,Size / Fit Issue,1
RET-009617,ORD-039682,2024-03-22,Defective / Damaged,1
RET-009618,ORD-057964,2024-10-02,Changed Mind,1
RET-009619,ORD-101539,2025-10-20,Size / Fit Issue,1
RET-009620,ORD-087337,2025-06-26,Defective / Damaged,1
RET-009621,ORD-038758,2024-08-20,Wrong Item Delivered,2
RET-009622,ORD-084115,2025-05-18,Defective / Damaged,1
RET-009623,ORD-079005,2025-03-30,Changed Mind,1
RET-009624,ORD-012465,2025-06-04,Found Better Price,1
RET-009625,ORD-077699,2025-03-06,Not as Described,1
RET-009626,ORD-029609,2023-12-13,Size / Fit Issue,3
RET-009627,ORD-076245,2025-08-06,Changed Mind,2
RET-009628,ORD-073477,2025-01-31,Changed Mind,1
RET-009629,ORD-068940,2024-12-17,Size / Fit Issue,1
RET-009630,ORD-059930,2024-10-21,Changed Mind,1
RET-009631,ORD-082217,2025-05-01,Size / Fit Issue,1
RET-009632,ORD-030075,2024-02-12,Changed Mind,1
RET-009633,ORD-028386,2024-08-18,Defective / Damaged,1
RET-009634,ORD-025823,2025-04-27,Reason Not Specified,1
RET-009635,ORD-050155,2025-06-11,Late Delivery,2
RET-009636,ORD-072628,2025-07-29,Found Better Price,1
RET-009637,ORD-012579,2023-07-01,Size / Fit Issue,2
RET-009638,ORD-081622,2025-04-28,Changed Mind,1
RET-009639,ORD-057512,2025-08-03,Wrong Item Delivered,1
RET-009640,ORD-065111,2024-11-28,Not as Described,2
RET-009641,ORD-076991,2025-03-06,Size / Fit Issue,1
RET-009642,ORD-075422,2025-02-09,Size / Fit Issue,2
RET-009643,ORD-018781,2024-09-21,Defective / Damaged,1
RET-009644,ORD-081304,2025-04-18,Changed Mind,1
RET-009645,ORD-010889,2024-07-08,Wrong Item Delivered,1
RET-009646,ORD-101041,2025-10-14,Size / Fit Issue,1
RET-009647,ORD-026458,2023-11-25,Changed Mind,1
RET-009648,ORD-086483,2025-06-04,Changed Mind,2
RET-009649,ORD-073068,2025-04-02,Defective / Damaged,1
RET-009650,ORD-037761,2024-03-08,Changed Mind,2
RET-009651,ORD-084324,2025-05-13,Not as Described,1
RET-009652,ORD-052848,2024-08-13,Changed Mind,1
RET-009653,ORD-087401,2025-06-20,Defective / Damaged,2
RET-009654,ORD-078334,2025-03-14,Defective / Damaged,1
RET-009655,ORD-042068,2024-04-28,Size / Fit Issue,1
RET-009656,ORD-050360,2025-04-01,Size / Fit Issue,1
RET-009657,ORD-086291,2025-06-05,Not as Described,2
RET-009658,ORD-000253,2023-01-13,Not as Described,2
RET-009659,ORD-049034,2024-06-25,Size / Fit Issue,2
RET-009660,ORD-100060,2025-10-07,Late Delivery,2
RET-009661,ORD-061001,2024-10-19,Size / Fit Issue,1
RET-009662,ORD-084622,2025-05-14,Defective / Damaged,1
RET-009663,ORD-002822,2023-02-11,Wrong Item Delivered,1
RET-009664,ORD-030034,2024-07-29,Late Delivery,1
RET-009665,ORD-083479,2025-05-10,Changed Mind,1
RET-009666,ORD-030086,2024-08-08,Defective / Damaged,1
RET-009667,ORD-100903,2025-10-14,Defective / Damaged,1
RET-009668,ORD-048616,2024-06-28,Defective / Damaged,1
RET-009669,ORD-002072,2023-10-21,Wrong Item Delivered,3
RET-009670,ORD-060752,2024-10-26,Late Delivery,1
RET-009671,ORD-094266,2025-08-18,Found Better Price,1
RET-009672,ORD-018828,2023-08-24,Not as Described,1
RET-009673,ORD-034375,2025-05-06,Defective / Damaged,1
RET-009674,ORD-098247,2025-09-16,Not as Described,1
RET-009675,ORD-095731,2025-08-31,Defective / Damaged,1
RET-009676,ORD-009523,2023-05-13,Defective / Damaged,1
RET-009677,ORD-085107,2025-05-18,Reason Not Specified,1
RET-009678,ORD-018610,2023-08-24,Size / Fit Issue,1
RET-009679,ORD-016114,2024-10-19,Changed Mind,1
RET-009680,ORD-015652,2023-07-28,Defective / Damaged,1
RET-009681,ORD-048200,2024-06-19,Found Better Price,1
RET-009682,ORD-037717,2025-04-17,Changed Mind,1
RET-009683,ORD-082359,2025-05-06,Size / Fit Issue,1
RET-009684,ORD-046535,2024-06-06,Changed Mind,1
RET-009685,ORD-047595,2024-06-27,Not as Described,1
RET-009686,ORD-043593,2024-05-07,Size / Fit Issue,8
RET-009687,ORD-097848,2025-09-15,Found Better Price,1
RET-009688,ORD-079074,2025-03-31,Changed Mind,1
RET-009689,ORD-051769,2025-04-16,Defective / Damaged,1
RET-009690,ORD-006063,2023-04-07,Wrong Item Delivered,1
RET-009691,ORD-090243,2025-07-14,Size / Fit Issue,1
RET-009692,ORD-058687,2025-02-26,Defective / Damaged,1
RET-009693,ORD-039165,2024-03-17,Wrong Item Delivered,1
RET-009694,ORD-097282,2025-09-05,Not as Described,1
RET-009695,ORD-022915,2023-10-10,Changed Mind,1
RET-009696,ORD-034209,2024-01-18,Found Better Price,1
RET-009697,ORD-093961,2025-08-11,Found Better Price,1
RET-009698,ORD-078390,2025-03-16,Late Delivery,1
RET-009699,ORD-036435,2024-10-27,Size / Fit Issue,1
RET-009700,ORD-014664,2023-07-17,Defective / Damaged,1
RET-009701,ORD-005032,2024-08-01,Found Better Price,1
RET-009702,ORD-094048,2025-08-11,Defective / Damaged,1
RET-009703,ORD-058871,2024-09-27,Found Better Price,1
RET-009704,ORD-067028,2025-04-25,Size / Fit Issue,1
RET-009705,ORD-094514,2025-08-22,Found Better Price,1
RET-009706,ORD-023498,2025-04-12,Changed Mind,1
RET-009707,ORD-027637,2023-12-15,Found Better Price,1
RET-009708,ORD-014513,2025-04-16,Changed Mind,1
RET-009709,ORD-080194,2025-04-06,Wrong Item Delivered,1
RET-009710,ORD-039945,2024-04-03,Wrong Item Delivered,1
RET-009711,ORD-084151,2025-05-16,Changed Mind,1
RET-009712,ORD-046592,2025-08-16,Found Better Price,3
RET-009713,ORD-054661,2025-05-04,Changed Mind,1
RET-009714,ORD-030451,2023-12-20,Changed Mind,1
RET-009715,ORD-102372,2025-10-13,Found Better Price,2
RET-009716,ORD-031708,2023-12-29,Size / Fit Issue,1
RET-009717,ORD-009373,2023-05-11,Size / Fit Issue,1
RET-009718,ORD-063795,2024-11-09,Defective / Damaged,1
RET-009719,ORD-088034,2025-06-21,Not as Described,1
RET-009720,ORD-000136,2025-04-01,Size / Fit Issue,3
RET-009721,ORD-017065,2023-08-23,Found Better Price,1
RET-009722,ORD-003597,2023-07-17,Wrong Item Delivered,1
RET-009723,ORD-036278,2024-02-08,Defective / Damaged,1
RET-009724,ORD-030951,2024-02-22,Late Delivery,3
RET-009725,ORD-078675,2025-03-18,Found Better Price,2
RET-009726,ORD-092519,2025-07-25,Size / Fit Issue,1
RET-009727,ORD-036149,2024-02-05,Wrong Item Delivered,1
RET-009728,ORD-039536,2025-07-28,Size / Fit Issue,1
RET-009729,ORD-018959,2023-09-04,Size / Fit Issue,1
RET-009730,ORD-063098,2024-11-04,Changed Mind,1
RET-009731,ORD-063527,2025-06-08,Changed Mind,1
RET-009732,ORD-073030,2025-01-27,Late Delivery,1
RET-009733,ORD-037014,2024-02-16,Size / Fit Issue,1
RET-009734,ORD-006759,2023-10-31,Wrong Item Delivered,1
RET-009735,ORD-019932,2025-01-11,Not as Described,2
RET-009736,ORD-081861,2025-04-22,Found Better Price,3
RET-009737,ORD-004443,2024-05-12,Defective / Damaged,1
RET-009738,ORD-022687,2025-02-26,Not as Described,1
RET-009739,ORD-009551,2023-05-12,Size / Fit Issue,1
RET-009740,ORD-097519,2025-09-13,Changed Mind,1
RET-009741,ORD-089113,2025-07-08,Size / Fit Issue,1
RET-009742,ORD-051352,2024-08-04,Changed Mind,1
RET-009743,ORD-052640,2024-08-04,Wrong Item Delivered,1
RET-009744,ORD-066155,2024-11-28,Wrong Item Delivered,1
RET-009745,ORD-060515,2024-10-23,Changed Mind,1
RET-009746,ORD-075452,2025-02-13,Not as Described,2
RET-009747,ORD-004839,2023-12-03,Size / Fit Issue,1
RET-009748,ORD-017566,2023-09-19,Changed Mind,1
RET-009749,ORD-062153,2024-11-02,Defective / Damaged,1
RET-009750,ORD-006993,2024-11-21,Found Better Price,1
RET-009751,ORD-007410,2024-01-17,Changed Mind,2
RET-009752,ORD-082408,2025-05-02,Found Better Price,1
RET-009753,ORD-014581,2023-08-15,Defective / Damaged,1
RET-009754,ORD-027319,2023-12-02,Found Better Price,2
RET-009755,ORD-083423,2025-05-20,Late Delivery,3
RET-009756,ORD-011490,2023-06-11,Changed Mind,1
RET-009757,ORD-005947,2025-01-27,Missing Parts / Accessories,1
RET-009758,ORD-083549,2025-05-14,Defective / Damaged,1
RET-009759,ORD-004948,2025-06-10,Defective / Damaged,1
RET-009760,ORD-050446,2024-07-25,Not as Described,1
RET-009761,ORD-014644,2023-07-21,Found Better Price,1
RET-009762,ORD-075213,2025-02-08,Late Delivery,1
RET-009763,ORD-067958,2025-01-05,Wrong Item Delivered,1
RET-009764,ORD-081868,2025-04-19,Wrong Item Delivered,1
RET-009765,ORD-091040,2025-07-12,Changed Mind,1
RET-009766,ORD-097778,2025-09-05,Late Delivery,1
RET-009767,ORD-069954,2024-12-20,Found Better Price,1
RET-009768,ORD-011857,2024-12-25,Size / Fit Issue,1
RET-009769,ORD-066840,2024-12-02,Size / Fit Issue,1
RET-009770,ORD-005355,2025-02-13,Changed Mind,1
RET-009771,ORD-023147,2024-01-12,Not as Described,1
RET-009772,ORD-007121,2023-04-16,Not as Described,1
RET-009773,ORD-050608,2024-07-13,Changed Mind,1
RET-009774,ORD-086424,2025-06-17,Not as Described,1
RET-009775,ORD-021799,2023-09-28,Late Delivery,2
RET-009776,ORD-078008,2025-03-27,Not as Described,1
RET-009777,ORD-012112,2023-10-02,Not as Described,1
RET-009778,ORD-066036,2024-12-08,Late Delivery,2
RET-009779,ORD-003803,2023-04-08,Late Delivery,1
RET-009780,ORD-044350,2024-05-09,Size / Fit Issue,1
RET-009781,ORD-096962,2025-09-05,Wrong Item Delivered,1
RET-009782,ORD-034383,2024-01-26,Wrong Item Delivered,1
RET-009783,ORD-006913,2024-12-30,Late Delivery,1
RET-009784,ORD-051371,2024-07-23,Not as Described,1
RET-009785,ORD-054558,2025-07-22,Changed Mind,1
RET-009786,ORD-015122,2025-05-01,Changed Mind,1
RET-009787,ORD-036927,2024-02-21,Changed Mind,1
RET-009788,ORD-102489,2025-10-17,Changed Mind,1
RET-009789,ORD-013640,2024-06-05,Size / Fit Issue,3
RET-009790,ORD-097591,2025-09-03,Not as Described,1
RET-009791,ORD-088268,2025-07-02,Not as Described,1
RET-009792,ORD-102374,2025-10-14,Found Better Price,2
RET-009793,ORD-092735,2025-07-31,Late Delivery,3
RET-009794,ORD-095538,2025-08-30,Changed Mind,3
RET-009795,ORD-064308,2024-11-15,Found Better Price,1
RET-009796,ORD-034091,2024-10-01,Changed Mind,1
RET-009797,ORD-000421,2025-04-14,Changed Mind,1
RET-009798,ORD-043937,2024-05-09,Not as Described,1
RET-009799,ORD-020994,2023-09-25,Defective / Damaged,1
RET-009800,ORD-049358,2024-07-07,Found Better Price,4
RET-009801,ORD-067350,2025-04-11,Changed Mind,1
RET-009802,ORD-025834,2023-11-14,Size / Fit Issue,1
RET-009803,ORD-046839,2024-06-03,Defective / Damaged,1
RET-009804,ORD-098249,2025-09-10,Defective / Damaged,1
RET-009805,ORD-074850,2025-02-12,Missing Parts / Accessories,1
RET-009806,ORD-014201,2023-07-22,Found Better Price,1
RET-009807,ORD-016821,2023-08-15,Size / Fit Issue,1
RET-009808,ORD-002393,2024-12-13,Wrong Item Delivered,1
RET-009809,ORD-059593,2024-10-01,Defective / Damaged,1
RET-009810,ORD-088257,2025-06-27,Wrong Item Delivered,1
RET-009811,ORD-007177,2023-04-18,Found Better Price,1
RET-009812,ORD-040348,2024-04-11,Changed Mind,1
RET-009813,ORD-051955,2024-08-06,Defective / Damaged,1
RET-009814,ORD-096374,2025-09-03,Found Better Price,1
RET-009815,ORD-059823,2024-10-19,Size / Fit Issue,1
RET-009816,ORD-070960,2025-01-13,Not as Described,1
RET-009817,ORD-041509,2024-04-17,Defective / Damaged,1
RET-009818,ORD-053728,2024-08-10,Size / Fit Issue,1
RET-009819,ORD-009854,2024-07-21,Changed Mind,1
RET-009820,ORD-040222,2024-03-30,Wrong Item Delivered,1
RET-009821,ORD-026319,2025-01-21,Late Delivery,1
RET-009822,ORD-029550,2024-04-28,Defective / Damaged,2
RET-009823,ORD-026757,2023-12-01,Late Delivery,2
RET-009824,ORD-091484,2025-07-30,Not as Described,1
RET-009825,ORD-093746,2025-08-03,Found Better Price,1
RET-009826,ORD-075758,2025-02-28,Defective / Damaged,1
RET-009827,ORD-012879,2023-07-02,Found Better Price,2
RET-009828,ORD-048514,2024-06-23,Wrong Item Delivered,1
RET-009829,ORD-091239,2025-07-15,Wrong Item Delivered,3
RET-009830,ORD-093985,2025-08-20,Wrong Item Delivered,4
RET-009831,ORD-075713,2025-02-19,Late Delivery,1
RET-009832,ORD-037590,2024-03-03,Not as Described,1
RET-009833,ORD-022205,2023-10-05,Not as Described,1
RET-009834,ORD-010688,2024-11-02,Changed Mind,1
RET-009835,ORD-056582,2024-09-07,Changed Mind,1
RET-009836,ORD-093509,2025-08-14,Changed Mind,2
RET-009837,ORD-046527,2025-03-11,Size / Fit Issue,1
RET-009838,ORD-096689,2025-09-07,Wrong Item Delivered,1
RET-009839,ORD-064466,2024-11-28,Missing Parts / Accessories,1
RET-009840,ORD-094169,2025-08-19,Missing Parts / Accessories,1
RET-009841,ORD-092108,2025-07-21,Not as Described,1
RET-009842,ORD-015010,2023-07-24,Found Better Price,2
RET-009843,ORD-066397,2024-12-13,Size / Fit Issue,1
RET-009844,ORD-056463,2024-09-19,Wrong Item Delivered,1
RET-009845,ORD-062453,2024-11-01,Found Better Price,3
RET-009846,ORD-052888,2025-01-06,Size / Fit Issue,1
RET-009847,ORD-000299,2025-04-17,Size / Fit Issue,1
RET-009848,ORD-055969,2025-01-05,Size / Fit Issue,3
RET-009849,ORD-027737,2023-11-22,Not as Described,1
RET-009850,ORD-041585,2024-04-12,Not as Described,1
RET-009851,ORD-016094,2023-07-30,Wrong Item Delivered,1
RET-009852,ORD-046433,2024-05-28,Late Delivery,1
RET-009853,ORD-074758,2025-02-06,Changed Mind,1
RET-009854,ORD-024263,2023-10-22,Not as Described,1
RET-009855,ORD-099663,2025-09-21,Found Better Price,1
RET-009856,ORD-085998,2025-06-05,Changed Mind,1
RET-009857,ORD-075551,2025-02-26,Not as Described,1
RET-009858,ORD-023853,2023-10-26,Defective / Damaged,1
RET-009859,ORD-090735,2025-07-19,Not as Described,1
RET-009860,ORD-000427,2025-06-05,Missing Parts / Accessories,1
RET-009861,ORD-011684,2023-07-29,Wrong Item Delivered,1
RET-009862,ORD-032770,2024-01-08,Changed Mind,1
RET-009863,ORD-018060,2025-06-13,Changed Mind,1
RET-009864,ORD-053390,2024-08-08,Not as Described,1
RET-009865,ORD-046873,2024-06-06,Changed Mind,1
RET-009866,ORD-080292,2025-04-12,Changed Mind,2
RET-009867,ORD-100628,2025-10-02,Size / Fit Issue,1
RET-009868,ORD-052860,2024-08-04,Not as Described,1
RET-009869,ORD-058032,2024-09-19,Wrong Item Delivered,1
RET-009870,ORD-010517,2024-01-16,Changed Mind,1
RET-009871,ORD-100710,2025-10-11,Defective / Damaged,1
RET-009872,ORD-027806,2023-12-09,Found Better Price,1
RET-009873,ORD-021345,2023-10-05,Wrong Item Delivered,1
RET-009874,ORD-069229,2024-12-18,Defective / Damaged,1
RET-009875,ORD-034716,2024-01-27,Changed Mind,1
RET-009876,ORD-030790,2024-09-01,Size / Fit Issue,1
RET-009877,ORD-034426,2024-04-06,Not as Described,1
RET-009878,ORD-056905,2024-09-18,Not as Described,1
RET-009879,ORD-098873,2025-09-24,Defective / Damaged,1
RET-009880,ORD-065174,2024-11-29,Size / Fit Issue,1
RET-009881,ORD-098351,2025-09-15,Changed Mind,1
RET-009882,ORD-085950,2025-05-31,Changed Mind,1
RET-009883,ORD-087765,2025-06-14,Size / Fit Issue,1
RET-009884,ORD-064255,2024-11-25,Not as Described,1
RET-009885,ORD-072848,2025-01-18,Found Better Price,1
RET-009886,ORD-010228,2024-12-13,Late Delivery,1
RET-009887,ORD-017403,2023-12-30,Found Better Price,1
RET-009888,ORD-040260,2024-07-03,Not as Described,1
RET-009889,ORD-052483,2024-07-31,Not as Described,3
RET-009890,ORD-032890,2025-01-02,Changed Mind,1
RET-009891,ORD-100172,2025-09-26,Size / Fit Issue,2
RET-009892,ORD-056568,2024-09-04,Changed Mind,1
RET-009893,ORD-021687,2025-02-14,Late Delivery,1
RET-009894,ORD-084786,2025-05-22,Defective / Damaged,1
RET-009895,ORD-079860,2025-03-31,Found Better Price,1
RET-009896,ORD-072090,2025-01-11,Not as Described,1
RET-009897,ORD-012184,2024-12-04,Found Better Price,1
RET-009898,ORD-016022,2024-07-09,Defective / Damaged,1
RET-009899,ORD-062895,2024-11-10,Size / Fit Issue,1
RET-009900,ORD-076699,2025-07-28,Changed Mind,2
RET-009901,ORD-042554,2024-05-03,Defective / Damaged,1
RET-009902,ORD-008893,2023-05-01,Not as Described,1
RET-009903,ORD-050290,2025-01-11,Changed Mind,1
RET-009904,ORD-014240,2023-07-06,Size / Fit Issue,3
RET-009905,ORD-038512,2024-03-20,Not as Described,1
RET-009906,ORD-079555,2025-04-06,Changed Mind,1
RET-009907,ORD-059551,2024-09-30,Wrong Item Delivered,1
RET-009908,ORD-057967,2025-06-07,Found Better Price,1
RET-009909,ORD-008801,2023-05-07,Size / Fit Issue,1
RET-009910,ORD-068377,2024-12-24,Defective / Damaged,1
RET-009911,ORD-097711,2025-09-14,Found Better Price,1
RET-009912,ORD-073980,2025-01-26,Size / Fit Issue,1
RET-009913,ORD-047683,2024-06-28,Changed Mind,1
RET-009914,ORD-001310,2023-01-26,Not as Described,1
RET-009915,ORD-090112,2025-07-08,Not as Described,1
RET-009916,ORD-097320,2025-09-06,Changed Mind,1
RET-009917,ORD-060935,2024-12-17,Defective / Damaged,1
RET-009918,ORD-098875,2025-09-20,Wrong Item Delivered,1
RET-009919,ORD-007418,2025-04-10,Not as Described,1
RET-009920,ORD-000887,2023-01-27,Not as Described,1
RET-009921,ORD-002252,2024-09-11,Changed Mind,5
RET-009922,ORD-045267,2024-05-22,Size / Fit Issue,1
RET-009923,ORD-011037,2023-05-30,Found Better Price,1
RET-009924,ORD-052138,2024-08-04,Found Better Price,1
RET-009925,ORD-044587,2024-05-11,Defective / Damaged,1
RET-009926,ORD-082548,2025-04-23,Found Better Price,1
RET-009927,ORD-049528,2024-07-04,Changed Mind,1
RET-009928,ORD-084672,2025-05-25,Found Better Price,1
RET-009929,ORD-026018,2025-07-02,Found Better Price,1
RET-009930,ORD-003696,2025-06-16,Wrong Item Delivered,2
RET-009931,ORD-089065,2025-07-03,Changed Mind,1
RET-009932,ORD-019527,2024-07-20,Size / Fit Issue,1
RET-009933,ORD-086994,2025-06-19,Wrong Item Delivered,2
RET-009934,ORD-021398,2023-09-22,Found Better Price,1
RET-009935,ORD-029223,2024-12-15,Late Delivery,1
RET-009936,ORD-030533,2024-10-12,Not as Described,1
RET-009937,ORD-028890,2023-12-12,Changed Mind,1
RET-009938,ORD-004880,2024-11-22,Not as Described,1
RET-009939,ORD-029578,2023-12-23,Missing Parts / Accessories,1
RET-009940,ORD-088627,2025-06-25,Late Delivery,1
RET-009941,ORD-003563,2024-03-17,Changed Mind,1
RET-009942,ORD-059989,2024-10-12,Wrong Item Delivered,1
RET-009943,ORD-037734,2024-03-11,Defective / Damaged,1
RET-009944,ORD-058389,2024-09-30,Wrong Item Delivered,1
RET-009945,ORD-021444,2023-10-03,Not as Described,1
RET-009946,ORD-001420,2023-01-27,Found Better Price,3
RET-009947,ORD-065137,2024-12-01,Changed Mind,1
RET-009948,ORD-096660,2025-09-03,Not as Described,2
RET-009949,ORD-088658,2025-07-04,Defective / Damaged,1
RET-009950,ORD-061295,2025-03-25,Changed Mind,1
RET-009951,ORD-085498,2025-05-22,Defective / Damaged,1
RET-009952,ORD-079399,2025-03-25,Size / Fit Issue,1
RET-009953,ORD-002926,2023-09-11,Changed Mind,1
RET-009954,ORD-011757,2024-02-16,Not as Described,1
RET-009955,ORD-093099,2025-08-03,Late Delivery,1
RET-009956,ORD-011696,2023-12-29,Defective / Damaged,1
RET-009957,ORD-044196,2024-05-12,Changed Mind,1
RET-009958,ORD-055884,2024-08-31,Changed Mind,1
RET-009959,ORD-000871,2023-03-06,Not as Described,2
RET-009960,ORD-058341,2024-09-24,Wrong Item Delivered,1
RET-009961,ORD-069545,2024-12-20,Found Better Price,1
RET-009962,ORD-025018,2023-11-04,Wrong Item Delivered,1
RET-009963,ORD-049964,2024-07-05,Defective / Damaged,1
RET-009964,ORD-042088,2024-04-30,Defective / Damaged,1
RET-009965,ORD-019541,2023-09-05,Found Better Price,1
RET-009966,ORD-100515,2025-10-07,Found Better Price,1
RET-009967,ORD-037358,2024-11-21,Changed Mind,1
RET-009968,ORD-044873,2024-05-27,Defective / Damaged,1
RET-009969,ORD-024577,2024-01-10,Wrong Item Delivered,2
RET-009970,ORD-009182,2023-05-05,Changed Mind,1
RET-009971,ORD-032756,2024-01-13,Defective / Damaged,2
RET-009972,ORD-067411,2024-12-13,Defective / Damaged,1
RET-009973,ORD-072746,2025-01-13,Not as Described,1
RET-009974,ORD-046770,2024-06-18,Missing Parts / Accessories,1
RET-009975,ORD-079180,2025-03-27,Changed Mind,1
RET-009976,ORD-008174,2024-10-24,Size / Fit Issue,1
RET-009977,ORD-008126,2025-03-09,Found Better Price,3
RET-009978,ORD-022291,2025-01-22,Size / Fit Issue,2
RET-009979,ORD-084371,2025-05-28,Not as Described,1
RET-009980,ORD-005629,2025-01-25,Defective / Damaged,3
RET-009981,ORD-019382,2023-09-08,Changed Mind,1
RET-009982,ORD-081578,2025-04-17,Reason Not Specified,1
RET-009983,ORD-011127,2023-06-04,Found Better Price,1
RET-009984,ORD-095088,2025-08-22,Changed Mind,1
RET-009985,ORD-100995,2025-10-09,Not as Described,1
RET-009986,ORD-025547,2023-11-07,Changed Mind,1
RET-009987,ORD-050940,2024-11-24,Defective / Damaged,1
RET-009988,ORD-044756,2024-07-28,Size / Fit Issue,1
RET-009989,ORD-068458,2024-12-20,Found Better Price,2
RET-009990,ORD-025079,2024-01-21,Late Delivery,1
RET-009991,ORD-049664,2024-07-09,Late Delivery,1
RET-009992,ORD-020147,2025-01-05,Changed Mind,1
RET-009993,ORD-016578,2023-08-09,Found Better Price,1
RET-009994,ORD-027325,2024-12-24,Changed Mind,1
RET-009995,ORD-080823,2025-04-05,Not as Described,1
RET-009996,ORD-025054,2024-12-18,Not as Described,1
RET-009997,ORD-004034,2023-05-22,Changed Mind,1
RET-009998,ORD-010985,2025-06-21,Defective / Damaged,1
RET-009999,ORD-069649,2025-02-15,Not as Described,1
RET-010000,ORD-012185,2024-05-09,Found Better Price,1
RET-010001,ORD-014178,2025-01-20,Late Delivery,1
RET-010002,ORD-050060,2024-07-04,Defective / Damaged,1
RET-010003,ORD-065196,2025-02-14,Found Better Price,3
RET-010004,ORD-025943,2023-11-07,Wrong Item Delivered,1
RET-010005,ORD-039445,2024-03-25,Defective / Damaged,1
RET-010006,ORD-071443,2025-01-16,Size / Fit Issue,1
RET-010007,ORD-035514,2024-02-01,Changed Mind,1
RET-010008,ORD-063524,2025-01-23,Size / Fit Issue,1
RET-010009,ORD-085506,2025-05-31,Wrong Item Delivered,1
RET-010010,ORD-025939,2024-02-19,Changed Mind,1
RET-010011,ORD-046741,2024-06-05,Found Better Price,3
RET-010012,ORD-011077,2023-11-19,Size / Fit Issue,2
RET-010013,ORD-017339,2023-08-11,Size / Fit Issue,1
RET-010014,ORD-067179,2024-12-06,Changed Mind,3
RET-010015,ORD-056184,2024-09-04,Changed Mind,1
RET-010016,ORD-083440,2025-06-03,Changed Mind,2
RET-010017,ORD-030579,2023-12-31,Size / Fit Issue,1
RET-010018,ORD-060895,2024-10-31,Not as Described,2
RET-010019,ORD-087134,2025-06-06,Changed Mind,1
RET-010020,ORD-089686,2025-07-01,Defective / Damaged,1
RET-010021,ORD-055014,2024-09-02,Changed Mind,1
RET-010022,ORD-084271,2025-05-23,Wrong Item Delivered,1
RET-010023,ORD-096552,2025-09-09,Not as Described,1
RET-010024,ORD-039808,2024-03-23,Size / Fit Issue,1
RET-010025,ORD-007840,2023-04-28,Not as Described,1
RET-010026,ORD-081256,2025-04-27,Size / Fit Issue,1
RET-010027,ORD-048872,2025-04-14,Found Better Price,3
RET-010028,ORD-083039,2025-05-05,Size / Fit Issue,1
RET-010029,ORD-034352,2024-02-19,Defective / Damaged,1
RET-010030,ORD-087317,2025-06-18,Found Better Price,1
RET-010031,ORD-068674,2025-05-08,Defective / Damaged,1
RET-010032,ORD-063403,2024-11-09,Defective / Damaged,1
RET-010033,ORD-059666,2024-10-06,Not as Described,4
RET-010034,ORD-097436,2025-09-12,Found Better Price,1
RET-010035,ORD-047376,2024-10-17,Wrong Item Delivered,1
RET-010036,ORD-047005,2024-06-20,Wrong Item Delivered,1
RET-010037,ORD-078910,2025-03-29,Changed Mind,1
RET-010038,ORD-083076,2025-05-07,Not as Described,1
RET-010039,ORD-050629,2024-07-21,Not as Described,1
RET-010040,ORD-073093,2025-03-20,Found Better Price,1
RET-010041,ORD-095672,2025-08-21,Defective / Damaged,2
RET-010042,ORD-048425,2024-06-18,Late Delivery,1
RET-010043,ORD-058428,2024-09-30,Wrong Item Delivered,1
RET-010044,ORD-054513,2025-01-21,Missing Parts / Accessories,3
RET-010045,ORD-034005,2024-01-10,Defective / Damaged,1
RET-010046,ORD-004896,2023-04-05,Size / Fit Issue,1
RET-010047,ORD-078955,2025-04-01,Defective / Damaged,3
RET-010048,ORD-032798,2024-01-13,Changed Mind,1
RET-010049,ORD-076977,2025-03-01,Not as Described,1
RET-010050,ORD-099772,2025-09-26,Wrong Item Delivered,1
RET-010051,ORD-065120,2024-12-05,Changed Mind,3
RET-010052,ORD-034396,2024-01-13,Not as Described,1
RET-010053,ORD-094265,2025-08-10,Defective / Damaged,2
RET-010054,ORD-069891,2025-04-11,Defective / Damaged,8
RET-010055,ORD-048293,2024-07-01,Changed Mind,1
RET-010056,ORD-018258,2025-02-23,Wrong Item Delivered,1
RET-010057,ORD-005817,2024-06-27,Changed Mind,1
RET-010058,ORD-060996,2024-10-26,Defective / Damaged,1
RET-010059,ORD-058033,2024-09-30,Wrong Item Delivered,2
RET-010060,ORD-085300,2025-06-02,Size / Fit Issue,1
RET-010061,ORD-022101,2025-07-02,Late Delivery,1
RET-010062,ORD-060678,2024-12-11,Size / Fit Issue,2
RET-010063,ORD-014584,2023-07-21,Wrong Item Delivered,1
RET-010064,ORD-102270,2025-10-26,Defective / Damaged,1
RET-010065,ORD-010527,2023-06-27,Missing Parts / Accessories,1
RET-010066,ORD-049240,2024-07-09,Defective / Damaged,2
RET-010067,ORD-011333,2024-10-20,Defective / Damaged,1
RET-010068,ORD-025001,2023-11-11,Changed Mind,2
RET-010069,ORD-006543,2023-09-27,Not as Described,1
RET-010070,ORD-003147,2023-02-26,Not as Described,1
RET-010071,ORD-081330,2025-04-11,Found Better Price,2
RET-010072,ORD-067094,2024-12-11,Size / Fit Issue,1
RET-010073,ORD-014362,2023-08-25,Found Better Price,1
RET-010074,ORD-050511,2024-07-20,Found Better Price,1
RET-010075,ORD-095025,2025-08-17,Found Better Price,1
RET-010076,ORD-089173,2025-07-06,Defective / Damaged,1
RET-010077,ORD-064569,2024-11-26,Not as Described,1
RET-010078,ORD-031997,2025-06-18,Changed Mind,1
RET-010079,ORD-065987,2025-06-22,Defective / Damaged,2
RET-010080,ORD-101382,2025-10-08,Found Better Price,2
RET-010081,ORD-031009,2024-03-08,Size / Fit Issue,3
RET-010082,ORD-016327,2025-04-10,Found Better Price,2
RET-010083,ORD-058297,2024-09-23,Late Delivery,1
RET-010084,ORD-019626,2024-05-21,Size / Fit Issue,1
RET-010085,ORD-023721,2023-10-16,Changed Mind,1
RET-010086,ORD-020485,2024-06-09,Wrong Item Delivered,1
RET-010087,ORD-093364,2025-08-07,Size / Fit Issue,2
RET-010088,ORD-022484,2024-02-20,Not as Described,1
RET-010089,ORD-096863,2025-08-30,Not as Described,1
RET-010090,ORD-063717,2025-01-06,Not as Described,1
RET-010091,ORD-086228,2025-06-15,Defective / Damaged,1
RET-010092,ORD-096228,2025-09-07,Defective / Damaged,1
RET-010093,ORD-020236,2023-09-07,Wrong Item Delivered,1
RET-010094,ORD-060448,2025-01-28,Wrong Item Delivered,1
RET-010095,ORD-078499,2025-03-26,Defective / Damaged,1
RET-010096,ORD-086181,2025-06-03,Late Delivery,4
RET-010097,ORD-008895,2023-12-02,Late Delivery,2
RET-010098,ORD-016760,2024-02-12,Late Delivery,1
RET-010099,ORD-027256,2023-11-17,Late Delivery,1
RET-010100,ORD-039935,2025-04-29,Found Better Price,1
RET-010101,ORD-055995,2024-09-01,Defective / Damaged,1
RET-010102,ORD-069885,2024-12-30,Defective / Damaged,1
RET-010103,ORD-071026,2025-05-06,Defective / Damaged,2
RET-010104,ORD-096649,2025-08-31,Defective / Damaged,1
RET-010105,ORD-042505,2024-05-03,Defective / Damaged,1
RET-010106,ORD-047783,2024-10-07,Size / Fit Issue,1
RET-010107,ORD-065951,2024-12-08,Defective / Damaged,3
RET-010108,ORD-052415,2024-08-11,Not as Described,1
RET-010109,ORD-098912,2025-10-01,Wrong Item Delivered,2
RET-010110,ORD-100548,2025-10-14,Wrong Item Delivered,1
RET-010111,ORD-003239,2023-02-22,Defective / Damaged,1
RET-010112,ORD-028709,2023-12-02,Late Delivery,3
RET-010113,ORD-096397,2025-08-27,Wrong Item Delivered,1
RET-010114,ORD-005826,2024-02-06,Found Better Price,2
RET-010115,ORD-055004,2024-09-05,Not as Described,1
RET-010116,ORD-023684,2024-10-04,Wrong Item Delivered,1
RET-010117,ORD-073791,2025-05-22,Wrong Item Delivered,1
RET-010118,ORD-036374,2025-04-02,Size / Fit Issue,1
RET-010119,ORD-079319,2025-04-03,Changed Mind,1
RET-010120,ORD-031444,2024-01-16,Size / Fit Issue,2
RET-010121,ORD-063620,2024-11-17,Not as Described,1
RET-010122,ORD-022909,2024-11-10,Reason Not Specified,2
RET-010123,ORD-030529,2023-12-30,Defective / Damaged,1
RET-010124,ORD-080548,2025-04-04,Size / Fit Issue,1
RET-010125,ORD-037306,2024-03-07,Not as Described,1
RET-010126,ORD-085065,2025-06-05,Defective / Damaged,1
RET-010127,ORD-046094,2024-10-03,Changed Mind,1
RET-010128,ORD-085945,2025-06-05,Defective / Damaged,1
RET-010129,ORD-082328,2025-04-29,Reason Not Specified,1
RET-010130,ORD-050339,2024-07-24,Not as Described,1
RET-010131,ORD-083380,2025-05-10,Changed Mind,1
RET-010132,ORD-006890,2025-02-24,Changed Mind,1
RET-010133,ORD-034506,2024-03-16,Size / Fit Issue,1
RET-010134,ORD-034400,2025-02-05,Not as Described,2
RET-010135,ORD-002825,2025-05-03,Changed Mind,1
RET-010136,ORD-009760,2023-05-28,Found Better Price,1
RET-010137,ORD-089635,2025-07-04,Not as Described,1
RET-010138,ORD-077519,2025-03-08,Defective / Damaged,1
RET-010139,ORD-101009,2025-10-14,Defective / Damaged,1
RET-010140,ORD-086431,2025-05-30,Changed Mind,1
RET-010141,ORD-067591,2024-12-09,Size / Fit Issue,1
RET-010142,ORD-048665,2024-07-04,Changed Mind,1
RET-010143,ORD-010833,2024-08-25,Missing Parts / Accessories,1
RET-010144,ORD-078813,2025-03-27,Changed Mind,1
RET-010145,ORD-078209,2025-05-06,Size / Fit Issue,1
RET-010146,ORD-043119,2024-04-27,Changed Mind,2
RET-010147,ORD-099468,2025-09-25,Changed Mind,1
RET-010148,ORD-087326,2025-06-22,Defective / Damaged,2
RET-010149,ORD-024027,2024-07-09,Changed Mind,1
RET-010150,ORD-013519,2024-12-26,Not as Described,2
RET-010151,ORD-071469,2025-01-03,Not as Described,2
RET-010152,ORD-050129,2024-07-22,Changed Mind,1
RET-010153,ORD-083072,2025-05-02,Defective / Damaged,1
RET-010154,ORD-028146,2023-11-30,Defective / Damaged,1
RET-010155,ORD-053382,2024-08-11,Not as Described,1
RET-010156,ORD-089675,2025-07-09,Changed Mind,1
RET-010157,ORD-070982,2025-05-31,Found Better Price,1
RET-010158,ORD-064133,2024-11-10,Not as Described,1
RET-010159,ORD-041958,2025-04-28,Found Better Price,1
RET-010160,ORD-081548,2025-04-21,Not as Described,1
RET-010161,ORD-040120,2024-11-09,Not as Described,1
RET-010162,ORD-086158,2025-06-01,Wrong Item Delivered,1
RET-010163,ORD-034611,2024-01-21,Not as Described,1
RET-010164,ORD-034753,2024-01-26,Changed Mind,1
RET-010165,ORD-049567,2024-06-30,Found Better Price,1
RET-010166,ORD-097965,2025-09-06,Found Better Price,1
RET-010167,ORD-075066,2025-02-04,Size / Fit Issue,3
RET-010168,ORD-051780,2025-04-07,Not as Described,1
RET-010169,ORD-095504,2025-08-30,Defective / Damaged,1
RET-010170,ORD-028370,2024-02-01,Changed Mind,1
RET-010171,ORD-032606,2024-01-11,Size / Fit Issue,1
RET-010172,ORD-021691,2025-07-22,Defective / Damaged,1
RET-010173,ORD-064699,2025-06-02,Changed Mind,2
RET-010174,ORD-049944,2024-07-04,Wrong Item Delivered,1
RET-010175,ORD-012023,2024-07-19,Found Better Price,1
RET-010176,ORD-082470,2025-05-02,Size / Fit Issue,1
RET-010177,ORD-086225,2025-05-28,Wrong Item Delivered,1
RET-010178,ORD-031510,2023-12-24,Late Delivery,1
RET-010179,ORD-061457,2024-10-30,Found Better Price,1
RET-010180,ORD-031630,2023-12-28,Defective / Damaged,1
RET-010181,ORD-086843,2025-06-10,Found Better Price,1
RET-010182,ORD-022526,2023-09-30,Size / Fit Issue,1
RET-010183,ORD-027720,2024-11-20,Wrong Item Delivered,2
RET-010184,ORD-048716,2024-06-28,Defective / Damaged,1
RET-010185,ORD-087936,2025-06-29,Found Better Price,1
RET-010186,ORD-029592,2023-12-08,Changed Mind,1
RET-010187,ORD-099715,2025-10-02,Changed Mind,3
RET-010188,ORD-070631,2025-01-10,Not as Described,1
RET-010189,ORD-034501,2024-01-25,Changed Mind,1
RET-010190,ORD-057889,2024-09-22,Wrong Item Delivered,1
RET-010191,ORD-052002,2025-05-02,Late Delivery,3
RET-010192,ORD-086608,2025-06-07,Size / Fit Issue,1
RET-010193,ORD-056643,2025-07-05,Defective / Damaged,1
RET-010194,ORD-062399,2025-01-07,Found Better Price,1
RET-010195,ORD-080048,2025-04-03,Not as Described,2
RET-010196,ORD-078768,2025-04-01,Defective / Damaged,1
RET-010197,ORD-068569,2024-12-18,Wrong Item Delivered,1
RET-010198,ORD-069731,2025-01-02,Changed Mind,1
RET-010199,ORD-051020,2024-07-30,Not as Described,2
RET-010200,ORD-072638,2025-01-09,Missing Parts / Accessories,1
RET-010201,ORD-003451,2024-02-19,Not as Described,1
RET-010202,ORD-014324,2023-07-08,Not as Described,8
RET-010203,ORD-083775,2025-05-07,Size / Fit Issue,1
RET-010204,ORD-072597,2025-01-21,Wrong Item Delivered,1
RET-010205,ORD-018541,2025-03-26,Defective / Damaged,1
RET-010206,ORD-095705,2025-08-21,Wrong Item Delivered,1
RET-010207,ORD-053473,2024-08-10,Wrong Item Delivered,1
RET-010208,ORD-051052,2024-07-29,Wrong Item Delivered,1
RET-010209,ORD-036090,2024-07-05,Changed Mind,1
RET-010210,ORD-005689,2023-08-08,Size / Fit Issue,1
RET-010211,ORD-031742,2025-02-27,Size / Fit Issue,1
RET-010212,ORD-096445,2025-08-26,Not as Described,1
RET-010213,ORD-021257,2024-08-29,Found Better Price,1
RET-010214,ORD-038569,2024-08-28,Late Delivery,1
RET-010215,ORD-001874,2023-01-31,Wrong Item Delivered,1
RET-010216,ORD-003210,2025-02-07,Changed Mind,1
RET-010217,ORD-085574,2025-05-31,Late Delivery,1
RET-010218,ORD-044191,2024-05-08,Not as Described,1
RET-010219,ORD-065059,2025-04-14,Not as Described,1
RET-010220,ORD-063664,2024-11-25,Size / Fit Issue,1
RET-010221,ORD-049667,2024-07-06,Wrong Item Delivered,1
RET-010222,ORD-078085,2025-03-25,Found Better Price,1
RET-010223,ORD-054432,2024-09-20,Changed Mind,1
RET-010224,ORD-066668,2024-12-01,Late Delivery,1
RET-010225,ORD-020249,2024-07-17,Not as Described,1
RET-010226,ORD-007295,2025-05-14,Size / Fit Issue,2
RET-010227,ORD-006927,2023-04-24,Defective / Damaged,1
RET-010228,ORD-042133,2024-04-20,Size / Fit Issue,1
RET-010229,ORD-002415,2024-11-22,Found Better Price,2
RET-010230,ORD-011337,2025-07-26,Not as Described,1
RET-010231,ORD-054365,2024-08-23,Changed Mind,1
RET-010232,ORD-090350,2025-07-04,Changed Mind,1
RET-010233,ORD-012565,2024-01-09,Changed Mind,2
RET-010234,ORD-066554,2024-12-10,Defective / Damaged,1
RET-010235,ORD-030462,2023-12-19,Size / Fit Issue,1
RET-010236,ORD-035699,2025-01-10,Not as Described,1
RET-010237,ORD-080508,2025-04-17,Wrong Item Delivered,1
RET-010238,ORD-045964,2024-06-05,Late Delivery,1
RET-010239,ORD-050461,2024-12-01,Wrong Item Delivered,1
RET-010240,ORD-066205,2024-12-05,Reason Not Specified,1
RET-010241,ORD-053632,2024-08-17,Changed Mind,2
RET-010242,ORD-101328,2025-10-09,Wrong Item Delivered,2
RET-010243,ORD-070217,2024-12-30,Late Delivery,1
RET-010244,ORD-035000,2024-01-25,Found Better Price,1
RET-010245,ORD-047049,2024-06-14,Found Better Price,2
RET-010246,ORD-077746,2025-03-11,Size / Fit Issue,1
RET-010247,ORD-066168,2024-11-26,Changed Mind,1
RET-010248,ORD-030455,2024-11-25,Size / Fit Issue,1
RET-010249,ORD-032532,2024-07-18,Size / Fit Issue,1
RET-010250,ORD-019051,2023-08-29,Changed Mind,1
RET-010251,ORD-088479,2025-06-29,Defective / Damaged,1
RET-010252,ORD-096789,2025-09-03,Found Better Price,2
RET-010253,ORD-043789,2024-05-15,Found Better Price,1
RET-010254,ORD-013254,2023-07-07,Late Delivery,1
RET-010255,ORD-088313,2025-06-21,Not as Described,1
RET-010256,ORD-068540,2024-12-10,Not as Described,2
RET-010257,ORD-040299,2025-02-28,Found Better Price,1
RET-010258,ORD-051947,2024-08-09,Defective / Damaged,3
RET-010259,ORD-022295,2024-04-10,Found Better Price,1
RET-010260,ORD-031389,2024-01-01,Size / Fit Issue,1
RET-010261,ORD-034175,2024-01-12,Found Better Price,1
RET-010262,ORD-004559,2024-06-30,Late Delivery,1
RET-010263,ORD-005344,2024-07-06,Wrong Item Delivered,1
RET-010264,ORD-078515,2025-04-01,Late Delivery,3
RET-010265,ORD-094369,2025-08-26,Missing Parts / Accessories,1
RET-010266,ORD-038277,2024-03-15,Changed Mind,1
RET-010267,ORD-055208,2025-05-09,Not as Described,2
RET-010268,ORD-037657,2024-02-26,Wrong Item Delivered,1
RET-010269,ORD-013783,2024-03-19,Wrong Item Delivered,1
RET-010270,ORD-099019,2025-09-24,Defective / Damaged,1
RET-010271,ORD-089194,2025-07-02,Found Better Price,1
RET-010272,ORD-081922,2025-04-17,Reason Not Specified,1
RET-010273,ORD-059048,2024-09-26,Wrong Item Delivered,1
RET-010274,ORD-038035,2024-03-07,Found Better Price,1
RET-010275,ORD-085487,2025-05-29,Found Better Price,1
RET-010276,ORD-070709,2025-01-01,Not as Described,1
RET-010277,ORD-042890,2024-05-04,Defective / Damaged,1
RET-010278,ORD-003148,2025-01-10,Late Delivery,1
RET-010279,ORD-065622,2024-12-01,Defective / Damaged,1
RET-010280,ORD-094304,2025-08-15,Wrong Item Delivered,1
RET-010281,ORD-061637,2024-10-27,Wrong Item Delivered,1
RET-010282,ORD-064171,2024-11-13,Changed Mind,1
RET-010283,ORD-029779,2025-03-28,Not as Described,1
RET-010284,ORD-024164,2023-11-04,Changed Mind,1
RET-010285,ORD-017512,2023-08-16,Changed Mind,1
RET-010286,ORD-060859,2025-02-28,Wrong Item Delivered,1
RET-010287,ORD-012793,2025-05-23,Wrong Item Delivered,1
RET-010288,ORD-039230,2024-03-21,Size / Fit Issue,1
RET-010289,ORD-083640,2025-05-12,Defective / Damaged,1
RET-010290,ORD-005450,2023-03-21,Wrong Item Delivered,1
RET-010291,ORD-064424,2024-11-18,Late Delivery,1
RET-010292,ORD-077294,2025-03-09,Found Better Price,1
RET-010293,ORD-080371,2025-04-17,Found Better Price,3
RET-010294,ORD-002063,2023-02-09,Defective / Damaged,1
RET-010295,ORD-075401,2025-07-13,Size / Fit Issue,1
RET-010296,ORD-018133,2025-04-10,Not as Described,1
RET-010297,ORD-058527,2024-09-26,Size / Fit Issue,1
RET-010298,ORD-085960,2025-06-10,Late Delivery,1
RET-010299,ORD-091306,2025-07-27,Changed Mind,1
RET-010300,ORD-062017,2024-11-06,Size / Fit Issue,1
RET-010301,ORD-066292,2024-12-06,Changed Mind,2
RET-010302,ORD-004188,2024-02-23,Wrong Item Delivered,1
RET-010303,ORD-022467,2023-10-11,Size / Fit Issue,1
RET-010304,ORD-047655,2024-06-20,Wrong Item Delivered,3
RET-010305,ORD-027599,2025-06-22,Found Better Price,1
RET-010306,ORD-030492,2023-12-20,Found Better Price,1
RET-010307,ORD-081518,2025-04-20,Changed Mind,1
RET-010308,ORD-032106,2023-12-29,Late Delivery,1
RET-010309,ORD-046299,2024-06-04,Found Better Price,1
RET-010310,ORD-010929,2023-06-08,Not as Described,1
RET-010311,ORD-007978,2023-04-28,Defective / Damaged,1
RET-010312,ORD-093823,2025-08-11,Changed Mind,1
RET-010313,ORD-017593,2024-11-14,Wrong Item Delivered,2
RET-010314,ORD-008649,2023-08-22,Changed Mind,3
RET-010315,ORD-098615,2025-09-23,Wrong Item Delivered,1
RET-010316,ORD-059637,2024-10-10,Found Better Price,2
RET-010317,ORD-027843,2024-05-06,Found Better Price,1
RET-010318,ORD-048007,2025-04-17,Size / Fit Issue,1
RET-010319,ORD-071513,2025-01-16,Not as Described,2
RET-010320,ORD-057616,2024-09-19,Size / Fit Issue,1
RET-010321,ORD-022126,2024-10-31,Found Better Price,1
RET-010322,ORD-004700,2024-07-05,Changed Mind,1
RET-010323,ORD-054784,2024-08-30,Defective / Damaged,1
RET-010324,ORD-021192,2023-12-27,Defective / Damaged,1
RET-010325,ORD-088314,2025-06-25,Defective / Damaged,1
RET-010326,ORD-095329,2025-08-24,Not as Described,1
RET-010327,ORD-060707,2024-10-12,Late Delivery,4
RET-010328,ORD-024561,2023-10-29,Changed Mind,1
RET-010329,ORD-062293,2024-11-07,Size / Fit Issue,1
RET-010330,ORD-022806,2023-10-10,Wrong Item Delivered,2
RET-010331,ORD-054793,2024-09-04,Changed Mind,1
RET-010332,ORD-029581,2024-12-26,Changed Mind,1
RET-010333,ORD-086489,2025-06-15,Found Better Price,1
RET-010334,ORD-076290,2025-02-27,Changed Mind,1
RET-010335,ORD-084118,2025-05-13,Wrong Item Delivered,1
RET-010336,ORD-038906,2024-03-12,Changed Mind,1
RET-010337,ORD-044450,2024-07-29,Size / Fit Issue,3
RET-010338,ORD-033102,2025-07-13,Wrong Item Delivered,1
RET-010339,ORD-102085,2025-10-11,Wrong Item Delivered,1
RET-010340,ORD-046221,2024-12-04,Changed Mind,1
RET-010341,ORD-093628,2025-08-10,Defective / Damaged,2
RET-010342,ORD-034117,2024-01-18,Changed Mind,1
RET-010343,ORD-084841,2025-05-29,Defective / Damaged,2
RET-010344,ORD-062954,2024-11-20,Wrong Item Delivered,1
RET-010345,ORD-085788,2025-06-09,Not as Described,1
RET-010346,ORD-035390,2024-05-24,Changed Mind,1
RET-010347,ORD-011685,2023-06-07,Not as Described,1
RET-010348,ORD-034704,2025-03-06,Defective / Damaged,1
RET-010349,ORD-088299,2025-06-23,Late Delivery,1
RET-010350,ORD-012156,2023-10-23,Size / Fit Issue,1
RET-010351,ORD-008451,2024-05-10,Changed Mind,1
RET-010352,ORD-083249,2025-05-10,Late Delivery,1
RET-010353,ORD-011386,2025-05-23,Not as Described,1
RET-010354,ORD-096225,2025-09-04,Defective / Damaged,2
RET-010355,ORD-086260,2025-06-07,Wrong Item Delivered,1
RET-010356,ORD-050249,2024-07-08,Missing Parts / Accessories,1
RET-010357,ORD-099832,2025-09-23,Late Delivery,1
RET-010358,ORD-100362,2025-10-11,Changed Mind,3
RET-010359,ORD-072979,2025-01-15,Defective / Damaged,2
RET-010360,ORD-006412,2023-08-10,Late Delivery,1
RET-010361,ORD-036831,2024-10-21,Changed Mind,1
RET-010362,ORD-078149,2025-07-02,Reason Not Specified,1
RET-010363,ORD-009122,2023-05-17,Late Delivery,1
RET-010364,ORD-001624,2023-02-08,Late Delivery,1
RET-010365,ORD-014633,2025-04-12,Size / Fit Issue,1
RET-010366,ORD-087121,2025-06-08,Not as Described,1
RET-010367,ORD-057237,2024-09-14,Wrong Item Delivered,2
RET-010368,ORD-085388,2025-05-26,Changed Mind,1
RET-010369,ORD-097655,2025-09-21,Size / Fit Issue,1
RET-010370,ORD-020439,2023-09-15,Changed Mind,2
RET-010371,ORD-010381,2024-10-18,Not as Described,1
RET-010372,ORD-096043,2025-09-05,Changed Mind,2
RET-010373,ORD-074565,2025-02-03,Not as Described,1
RET-010374,ORD-072847,2025-01-27,Changed Mind,1
RET-010375,ORD-075230,2025-02-08,Size / Fit Issue,1
RET-010376,ORD-068480,2024-12-10,Not as Described,1
RET-010377,ORD-046157,2024-05-28,Found Better Price,1
RET-010378,ORD-030862,2024-03-08,Found Better Price,1
RET-010379,ORD-006265,2024-04-09,Defective / Damaged,1
RET-010380,ORD-076932,2025-06-17,Wrong Item Delivered,3
RET-010381,ORD-071993,2025-01-06,Wrong Item Delivered,1
RET-010382,ORD-032276,2023-12-31,Size / Fit Issue,1
RET-010383,ORD-060161,2024-12-19,Found Better Price,1
RET-010384,ORD-045420,2025-05-31,Not as Described,3
RET-010385,ORD-033172,2024-01-19,Changed Mind,1
RET-010386,ORD-088913,2025-07-08,Changed Mind,1
RET-010387,ORD-023656,2023-10-19,Changed Mind,3
RET-010388,ORD-025656,2023-11-16,Wrong Item Delivered,2
RET-010389,ORD-046015,2025-04-03,Missing Parts / Accessories,3
RET-010390,ORD-073708,2025-02-06,Size / Fit Issue,1
RET-010391,ORD-028363,2023-12-11,Changed Mind,1
RET-010392,ORD-088521,2025-06-20,Not as Described,1
RET-010393,ORD-052188,2024-07-29,Changed Mind,3
RET-010394,ORD-018728,2024-12-16,Late Delivery,1
RET-010395,ORD-081359,2025-04-23,Found Better Price,1
RET-010396,ORD-032879,2024-07-23,Late Delivery,1
RET-010397,ORD-072301,2025-01-10,Found Better Price,1
RET-010398,ORD-088978,2025-06-25,Not as Described,5
RET-010399,ORD-009023,2024-06-14,Found Better Price,1
RET-010400,ORD-088980,2025-06-28,Changed Mind,5
RET-010401,ORD-062780,2024-11-12,Size / Fit Issue,1
RET-010402,ORD-050891,2025-02-28,Found Better Price,1
RET-010403,ORD-074669,2025-02-02,Late Delivery,2
RET-010404,ORD-011378,2023-06-19,Size / Fit Issue,2
RET-010405,ORD-099806,2025-09-21,Changed Mind,1
RET-010406,ORD-075395,2025-02-19,Size / Fit Issue,1
RET-010407,ORD-053105,2024-08-04,Defective / Damaged,2
RET-010408,ORD-076017,2025-02-22,Defective / Damaged,2
RET-010409,ORD-046571,2024-08-05,Found Better Price,1
RET-010410,ORD-098570,2025-09-12,Defective / Damaged,1
RET-010411,ORD-080136,2025-07-24,Wrong Item Delivered,1
RET-010412,ORD-005183,2024-03-22,Not as Described,2
RET-010413,ORD-000426,2024-08-04,Changed Mind,1
RET-010414,ORD-066952,2024-12-01,Defective / Damaged,2
RET-010415,ORD-062239,2024-10-28,Changed Mind,1
RET-010416,ORD-101808,2025-10-07,Not as Described,1
RET-010417,ORD-054415,2024-08-26,Size / Fit Issue,1
RET-010418,ORD-005202,2025-02-14,Found Better Price,1
RET-010419,ORD-099800,2025-09-21,Size / Fit Issue,1
RET-010420,ORD-101364,2025-10-21,Found Better Price,1
RET-010421,ORD-035271,2024-01-27,Changed Mind,1
RET-010422,ORD-056916,2024-09-11,Size / Fit Issue,1
RET-010423,ORD-021298,2024-10-05,Defective / Damaged,1
RET-010424,ORD-007929,2023-04-21,Defective / Damaged,2
RET-010425,ORD-025271,2023-11-10,Found Better Price,1
RET-010426,ORD-085734,2025-06-05,Changed Mind,1
RET-010427,ORD-101668,2025-10-12,Found Better Price,1
RET-010428,ORD-074068,2025-02-08,Defective / Damaged,1
RET-010429,ORD-085657,2025-06-06,Not as Described,1
RET-010430,ORD-011204,2024-01-11,Not as Described,2
RET-010431,ORD-036065,2024-07-31,Size / Fit Issue,1
RET-010432,ORD-061164,2024-11-14,Not as Described,1
RET-010433,ORD-065468,2024-12-04,Wrong Item Delivered,1
RET-010434,ORD-042842,2024-04-27,Changed Mind,4
RET-010435,ORD-003133,2023-10-28,Size / Fit Issue,4
RET-010436,ORD-080990,2025-04-13,Changed Mind,1
RET-010437,ORD-035704,2024-01-30,Not as Described,1
RET-010438,ORD-031848,2025-07-30,Defective / Damaged,1
RET-010439,ORD-022239,2023-11-11,Late Delivery,1
RET-010440,ORD-069210,2024-12-19,Late Delivery,1
RET-010441,ORD-050077,2025-05-28,Not as Described,1
RET-010442,ORD-059140,2024-12-02,Found Better Price,1
RET-010443,ORD-067384,2024-12-15,Size / Fit Issue,1
RET-010444,ORD-033237,2025-04-10,Defective / Damaged,1
RET-010445,ORD-035770,2024-02-09,Found Better Price,1
RET-010446,ORD-002552,2024-01-27,Not as Described,3
RET-010447,ORD-094917,2025-08-16,Size / Fit Issue,1
RET-010448,ORD-085495,2025-05-25,Reason Not Specified,1
RET-010449,ORD-082714,2025-05-06,Changed Mind,1
RET-010450,ORD-039448,2024-03-16,Defective / Damaged,1
RET-010451,ORD-068550,2024-12-22,Found Better Price,4
RET-010452,ORD-069657,2025-01-02,Not as Described,1
RET-010453,ORD-044865,2024-05-11,Not as Described,1
RET-010454,ORD-042116,2024-04-16,Found Better Price,1
RET-010455,ORD-036176,2024-02-15,Changed Mind,1
RET-010456,ORD-072577,2025-01-19,Late Delivery,1
RET-010457,ORD-083084,2025-05-06,Not as Described,1
RET-010458,ORD-004377,2024-04-26,Changed Mind,1
RET-010459,ORD-019684,2023-09-03,Defective / Damaged,1
RET-010460,ORD-067431,2024-12-19,Defective / Damaged,1
RET-010461,ORD-090058,2025-07-07,Late Delivery,2
RET-010462,ORD-027401,2023-11-30,Size / Fit Issue,2
RET-010463,ORD-002358,2024-07-28,Wrong Item Delivered,1
RET-010464,ORD-012951,2024-02-22,Not as Described,1
RET-010465,ORD-099795,2025-09-24,Not as Described,1
RET-010466,ORD-030694,2023-12-19,Found Better Price,1
RET-010467,ORD-028023,2023-12-11,Size / Fit Issue,2
RET-010468,ORD-063366,2024-11-08,Reason Not Specified,1
RET-010469,ORD-002241,2024-09-05,Size / Fit Issue,1
RET-010470,ORD-064266,2024-11-19,Size / Fit Issue,2
RET-010471,ORD-071637,2025-01-09,Changed Mind,1
RET-010472,ORD-091693,2025-07-27,Size / Fit Issue,1
RET-010473,ORD-024490,2025-05-12,Defective / Damaged,8
RET-010474,ORD-070720,2024-12-31,Late Delivery,2
RET-010475,ORD-082565,2025-05-04,Found Better Price,2
RET-010476,ORD-093986,2025-08-12,Wrong Item Delivered,1
RET-010477,ORD-064880,2025-01-05,Size / Fit Issue,1
RET-010478,ORD-096932,2025-09-03,Late Delivery,1
RET-010479,ORD-082348,2025-04-29,Size / Fit Issue,1
RET-010480,ORD-009829,2023-05-19,Defective / Damaged,4
RET-010481,ORD-060129,2024-10-18,Not as Described,1
RET-010482,ORD-062751,2025-02-27,Size / Fit Issue,1
RET-010483,ORD-088852,2025-06-24,Size / Fit Issue,1
RET-010484,ORD-043786,2024-07-08,Changed Mind,1
RET-010485,ORD-099312,2025-10-02,Not as Described,1
RET-010486,ORD-096843,2025-08-31,Missing Parts / Accessories,1
RET-010487,ORD-073676,2025-01-27,Not as Described,1
RET-010488,ORD-019147,2024-05-18,Size / Fit Issue,2
RET-010489,ORD-078574,2025-03-14,Not as Described,1
RET-010490,ORD-098163,2025-09-07,Defective / Damaged,1
RET-010491,ORD-040261,2024-03-31,Not as Described,1
RET-010492,ORD-012893,2023-06-21,Not as Described,1
RET-010493,ORD-023223,2025-05-10,Size / Fit Issue,1
RET-010494,ORD-055458,2024-09-04,Size / Fit Issue,2
RET-010495,ORD-035251,2024-02-09,Size / Fit Issue,1
RET-010496,ORD-087436,2025-06-10,Not as Described,2
RET-010497,ORD-102109,2025-10-20,Defective / Damaged,1
RET-010498,ORD-036318,2024-02-11,Late Delivery,2
RET-010499,ORD-032026,2023-12-28,Late Delivery,4
RET-010500,ORD-067852,2024-12-09,Wrong Item Delivered,2
RET-010501,ORD-052148,2024-08-05,Found Better Price,1
RET-010502,ORD-014883,2024-08-09,Not as Described,1
RET-010503,ORD-024834,2024-02-21,Changed Mind,1
RET-010504,ORD-009972,2024-06-16,Defective / Damaged,1
RET-010505,ORD-048867,2025-01-06,Wrong Item Delivered,1
RET-010506,ORD-035725,2025-01-01,Changed Mind,1
RET-010507,ORD-098055,2025-09-24,Wrong Item Delivered,1
RET-010508,ORD-038634,2024-12-20,Found Better Price,1
RET-010509,ORD-019325,2023-08-28,Defective / Damaged,1
RET-010510,ORD-009489,2023-05-16,Wrong Item Delivered,1
RET-010511,ORD-007255,2023-04-20,Size / Fit Issue,1
RET-010512,ORD-021142,2023-09-16,Missing Parts / Accessories,4
RET-010513,ORD-002914,2023-02-24,Not as Described,1
RET-010514,ORD-019984,2023-09-07,Size / Fit Issue,1
RET-010515,ORD-031137,2024-04-17,Not as Described,1
RET-010516,ORD-087786,2025-06-11,Changed Mind,2
RET-010517,ORD-062080,2025-07-29,Found Better Price,1
RET-010518,ORD-059466,2024-09-30,Defective / Damaged,1
RET-010519,ORD-099584,2025-09-20,Not as Described,1
RET-010520,ORD-077889,2025-03-26,Changed Mind,1
RET-010521,ORD-014489,2024-07-20,Defective / Damaged,1
RET-010522,ORD-074300,2025-01-29,Not as Described,1
RET-010523,ORD-044937,2024-05-16,Changed Mind,2
RET-010524,ORD-082959,2025-04-27,Found Better Price,1
RET-010525,ORD-060287,2024-10-13,Late Delivery,1
RET-010526,ORD-085274,2025-05-26,Defective / Damaged,1
RET-010527,ORD-071207,2025-01-14,Found Better Price,1
RET-010528,ORD-064479,2024-11-21,Changed Mind,3
RET-010529,ORD-009777,2023-05-25,Size / Fit Issue,2
RET-010530,ORD-045465,2024-05-28,Changed Mind,1
RET-010531,ORD-094987,2025-08-25,Not as Described,2
RET-010532,ORD-006267,2025-03-14,Size / Fit Issue,1
RET-010533,ORD-025907,2023-11-20,Wrong Item Delivered,1
RET-010534,ORD-005930,2024-04-11,Found Better Price,1
RET-010535,ORD-030926,2025-03-11,Defective / Damaged,1
RET-010536,ORD-045696,2024-05-24,Not as Described,1
RET-010537,ORD-053224,2025-06-20,Wrong Item Delivered,5
RET-010538,ORD-069101,2024-12-15,Size / Fit Issue,1
RET-010539,ORD-023185,2025-08-20,Wrong Item Delivered,1
RET-010540,ORD-036940,2024-02-22,Size / Fit Issue,2
RET-010541,ORD-017253,2023-08-24,Not as Described,1
RET-010542,ORD-061669,2024-11-03,Wrong Item Delivered,3
RET-010543,ORD-019591,2023-09-05,Found Better Price,1
RET-010544,ORD-060396,2024-10-14,Not as Described,1
RET-010545,ORD-046493,2024-06-01,Size / Fit Issue,4
RET-010546,ORD-006125,2024-09-04,Defective / Damaged,3
RET-010547,ORD-061687,2024-10-28,Changed Mind,1
RET-010548,ORD-084488,2025-05-15,Size / Fit Issue,1
RET-010549,ORD-087384,2025-06-24,Late Delivery,1
RET-010550,ORD-042106,2025-08-05,Size / Fit Issue,1
RET-010551,ORD-095032,2025-08-17,Late Delivery,1
RET-010552,ORD-040150,2024-03-27,Size / Fit Issue,2
RET-010553,ORD-051075,2024-07-24,Found Better Price,1
RET-010554,ORD-021064,2025-04-26,Not as Described,2
RET-010555,ORD-102135,2025-10-13,Changed Mind,1
RET-010556,ORD-036405,2024-07-20,Wrong Item Delivered,1
RET-010557,ORD-060994,2024-10-22,Late Delivery,1
RET-010558,ORD-055872,2024-09-03,Found Better Price,1
RET-010559,ORD-032413,2024-01-04,Changed Mind,1
RET-010560,ORD-046377,2024-06-10,Changed Mind,1
RET-010561,ORD-016871,2024-07-17,Found Better Price,1
RET-010562,ORD-032174,2025-01-14,Wrong Item Delivered,1
RET-010563,ORD-070733,2025-07-28,Changed Mind,3
RET-010564,ORD-066857,2024-11-30,Size / Fit Issue,2
RET-010565,ORD-015612,2025-01-17,Size / Fit Issue,1
RET-010566,ORD-082389,2025-05-10,Not as Described,1
RET-010567,ORD-057590,2024-09-20,Wrong Item Delivered,1
RET-010568,ORD-064997,2024-12-01,Not as Described,1
RET-010569,ORD-094159,2025-08-22,Wrong Item Delivered,1
RET-010570,ORD-069584,2024-12-17,Found Better Price,1
RET-010571,ORD-041577,2024-04-16,Changed Mind,2
RET-010572,ORD-067540,2024-12-19,Changed Mind,1
RET-010573,ORD-064469,2024-11-18,Wrong Item Delivered,1
RET-010574,ORD-048261,2024-07-02,Defective / Damaged,1
RET-010575,ORD-021718,2023-09-29,Wrong Item Delivered,1
RET-010576,ORD-030390,2024-02-18,Changed Mind,1
RET-010577,ORD-014430,2023-08-18,Found Better Price,1
RET-010578,ORD-084571,2025-05-13,Changed Mind,1
RET-010579,ORD-032463,2023-12-29,Changed Mind,1
RET-010580,ORD-055727,2024-09-06,Size / Fit Issue,1
RET-010581,ORD-005810,2023-07-20,Wrong Item Delivered,1
RET-010582,ORD-045524,2024-05-25,Not as Described,1
RET-010583,ORD-095795,2025-08-30,Defective / Damaged,1
RET-010584,ORD-080161,2025-04-20,Changed Mind,1
RET-010585,ORD-087607,2025-06-23,Found Better Price,1
RET-010586,ORD-032355,2024-01-12,Missing Parts / Accessories,1
RET-010587,ORD-034405,2025-07-04,Size / Fit Issue,1
RET-010588,ORD-093770,2025-08-12,Not as Described,1
RET-010589,ORD-050274,2024-07-21,Reason Not Specified,1
RET-010590,ORD-025311,2023-11-09,Late Delivery,3
RET-010591,ORD-051587,2024-07-19,Size / Fit Issue,1
RET-010592,ORD-069962,2025-01-06,Not as Described,1
RET-010593,ORD-035444,2024-09-05,Size / Fit Issue,1
RET-010594,ORD-040946,2024-04-16,Late Delivery,2
RET-010595,ORD-001086,2023-02-03,Defective / Damaged,1
RET-010596,ORD-061644,2024-10-21,Late Delivery,1
RET-010597,ORD-068252,2024-12-20,Found Better Price,1
RET-010598,ORD-005688,2024-03-12,Defective / Damaged,1
RET-010599,ORD-019047,2023-09-11,Changed Mind,1
RET-010600,ORD-052076,2024-07-26,Changed Mind,1
